#pragma once
#include <Arduino.h>

#define CN_GLYPH_WIDTH 25
#define CN_GLYPH_HEIGHT 25
struct CnGlyph { uint16_t codepoint; uint32_t rows[CN_GLYPH_HEIGHT]; };

static const CnGlyph CN_GLYPHS[] PROGMEM = {
  { 0x4E00, { 0x0000000, 0x0000000, 0x0000000, 0x0000000, 0x0000000, 0x0000000, 0x0000000, 0x03FFFF8, 0x03FFFF8, 0x03FFFF8, 0x0000000, 0x0000000, 0x0000000, 0x0000000, 0x0000000, 0x0000000, 0x0000000, 0x0000000, 0x0000000, 0x0000000, 0x0000000, 0x0000000, 0x0000000, 0x0000000, 0x0000000 } }, // 一
  { 0x4E01, { 0x0000000, 0x0000000, 0x0000000, 0x03FFFF8, 0x03FFFF8, 0x03FFFF8, 0x0003C00, 0x0003C00, 0x0003C00, 0x0003C00, 0x0003C00, 0x0003C00, 0x0003C00, 0x0003C00, 0x0003C00, 0x0003C00, 0x0003C00, 0x0003C00, 0x003FC00, 0x003FC00, 0x003F800, 0x001E000, 0x0000000, 0x0000000, 0x0000000 } }, // 丁
  { 0x4E07, { 0x0000000, 0x0000000, 0x0000000, 0x03FFFF8, 0x03FFFF8, 0x03FFFF8, 0x001C000, 0x001C000, 0x001C000, 0x001FFE0, 0x001FFE0, 0x003FFE0, 0x00380E0, 0x00380E0, 0x00380E0, 0x00780E0, 0x00F00E0, 0x00F01E0, 0x03E01C0, 0x03C1FC0, 0x0381FC0, 0x0100F00, 0x0000000, 0x0000000, 0x0000000 } }, // 万
  { 0x4E09, { 0x0000000, 0x0000000, 0x0000000, 0x0000000, 0x01FFFF0, 0x01FFFF0, 0x00FFFE0, 0x0000000, 0x0000000, 0x0000000, 0x0000000, 0x007FFC0, 0x007FFC0, 0x007FFC0, 0x0000000, 0x0000000, 0x0000000, 0x0000000, 0x03FFFF8, 0x03FFFF8, 0x03FFFF8, 0x0000000, 0x0000000, 0x0000000, 0x0000000 } }, // 三
  { 0x4E0A, { 0x0000000, 0x0000000, 0x0000000, 0x0007000, 0x0007000, 0x0007000, 0x0007000, 0x0007000, 0x0007000, 0x0007FF0, 0x0007FF0, 0x0007FF0, 0x0007800, 0x0007000, 0x0007000, 0x0007000, 0x0007000, 0x0007000, 0x0007000, 0x03FFFF8, 0x03FFFF8, 0x03FFFF8, 0x0000000, 0x0000000, 0x0000000 } }, // 上
  { 0x4E0B, { 0x0000000, 0x0000000, 0x0000000, 0x03FFFF8, 0x03FFFF8, 0x03FFFF8, 0x0007800, 0x0007800, 0x0007C00, 0x0007E00, 0x0007F80, 0x0007FE0, 0x0007BF0, 0x00078F0, 0x0007860, 0x0007800, 0x0007800, 0x0007800, 0x0007800, 0x0007800, 0x0007800, 0x0003000, 0x0000000, 0x0000000, 0x0000000 } }, // 下
  { 0x4E0D, { 0x0000000, 0x0000000, 0x0000000, 0x03FFFF8, 0x03FFFF8, 0x03FFFF8, 0x0003C00, 0x0007800, 0x0007800, 0x000FF00, 0x001FF80, 0x003FFC0, 0x007B9E0, 0x01F38F0, 0x03E3878, 0x03C3838, 0x0103810, 0x0003800, 0x0003800, 0x0003800, 0x0003800, 0x0003800, 0x0000000, 0x0000000, 0x0000000 } }, // 不
  { 0x4E0E, { 0x0000000, 0x0000000, 0x0000000, 0x0038000, 0x0038000, 0x003FFF0, 0x007FFF0, 0x007FFF0, 0x0070000, 0x0070000, 0x007FFF0, 0x00FFFF0, 0x00FFFF0, 0x0000070, 0x0000070, 0x03FFE70, 0x03FFE70, 0x03FFEF0, 0x00000E0, 0x00000E0, 0x0001FE0, 0x0001FC0, 0x0000F00, 0x0000000, 0x0000000 } }, // 与
  { 0x4E13, { 0x0000000, 0x0000000, 0x0007000, 0x0007000, 0x00FFFF0, 0x00FFFF0, 0x00FFFE0, 0x000E000, 0x03FFFF8, 0x03FFFF8, 0x03FFFF8, 0x001C000, 0x003FFE0, 0x003FFF0, 0x003FFE0, 0x00003C0, 0x0018780, 0x003FF00, 0x003FE00, 0x0007F80, 0x0000FC0, 0x0000380, 0x0000000, 0x0000000, 0x0000000 } }, // 专
  { 0x4E14, { 0x0000000, 0x0000000, 0x0000000, 0x007FFC0, 0x007FFC0, 0x007FFC0, 0x00701C0, 0x00701C0, 0x007FFC0, 0x007FFC0, 0x007FFC0, 0x00701C0, 0x00701C0, 0x00701C0, 0x007FFC0, 0x007FFC0, 0x007FFC0, 0x00701C0, 0x00701C0, 0x03FFFF8, 0x03FFFF8, 0x03FFFF8, 0x0000000, 0x0000000, 0x0000000 } }, // 且
  { 0x4E16, { 0x0000000, 0x0000000, 0x0000000, 0x00639C0, 0x00739E0, 0x00739E0, 0x00739E0, 0x00F39E0, 0x03FFFF8, 0x03FFFF8, 0x03FFFF8, 0x00739C0, 0x00739E0, 0x00739E0, 0x0073FE0, 0x0073FE0, 0x0073FE0, 0x0070000, 0x0070000, 0x007FFF0, 0x007FFF8, 0x007FFF8, 0x0000000, 0x0000000, 0x0000000 } }, // 世
  { 0x4E18, { 0x0000000, 0x0000000, 0x0000000, 0x0000180, 0x0007FC0, 0x007FFC0, 0x007FF00, 0x0078000, 0x0070000, 0x0070000, 0x007FFF0, 0x007FFF0, 0x007FFF0, 0x0070380, 0x0070380, 0x0070380, 0x0070380, 0x0070380, 0x0070380, 0x03FFFF8, 0x03FFFF8, 0x03FFFF8, 0x0000000, 0x0000000, 0x0000000 } }, // 丘
  { 0x4E24, { 0x0000000, 0x0000000, 0x0000000, 0x03FFFF8, 0x03FFFF8, 0x03FFFF8, 0x001C600, 0x01FFFF0, 0x01FFFF0, 0x01FFFF0, 0x01DC770, 0x01DCF70, 0x01DEF70, 0x01DFFF0, 0x01DFFF0, 0x01FFDF0, 0x01FBCF0, 0x01F3870, 0x01F1870, 0x01C03F0, 0x01C03F0, 0x01801C0, 0x0000000, 0x0000000, 0x0000000 } }, // 两
  { 0x4E2A, { 0x0000000, 0x0000000, 0x0001000, 0x0001C00, 0x0003C00, 0x0007C00, 0x000FF00, 0x003EF80, 0x00FC7E0, 0x03FBBF8, 0x03E38FC, 0x03C3878, 0x0103810, 0x0003800, 0x0003800, 0x0003800, 0x0003800, 0x0003800, 0x0003800, 0x0003800, 0x0003800, 0x0003800, 0x0000000, 0x0000000, 0x0000000 } }, // 个
  { 0x4E2D, { 0x0000000, 0x0000000, 0x0003800, 0x0003800, 0x0003800, 0x0003800, 0x01FFFF0, 0x01FFFF0, 0x01FFFF0, 0x01C3870, 0x01C3870, 0x01C3870, 0x01C3870, 0x01FFFF0, 0x01FFFF0, 0x01FFFF0, 0x01C3870, 0x0003800, 0x0003800, 0x0003800, 0x0003800, 0x0003800, 0x0003800, 0x0000000, 0x0000000 } }, // 中
  { 0x4E32, { 0x0000000, 0x0000000, 0x0003800, 0x0003800, 0x0003800, 0x00FFFF0, 0x00FFFF0, 0x00E38F0, 0x00E38F0, 0x00FFFF0, 0x00FFFF0, 0x0003800, 0x01FFFF0, 0x01FFFF0, 0x01FFFF0, 0x01C3870, 0x01C3870, 0x01FFFF0, 0x01FFFF0, 0x01DFF70, 0x0003800, 0x0003800, 0x0003800, 0x0000000, 0x0000000 } }, // 串
  { 0x4E38, { 0x0000000, 0x0000000, 0x000E000, 0x000E000, 0x000E000, 0x000E000, 0x000E000, 0x03FFF80, 0x03FFF80, 0x01FFF80, 0x000E380, 0x00CE380, 0x00FE380, 0x00FC380, 0x003E380, 0x003F380, 0x003FB98, 0x007BB9C, 0x00F139C, 0x03E03F8, 0x03C03F8, 0x03801F0, 0x0000000, 0x0000000, 0x0000000 } }, // 丸
  { 0x4E3A, { 0x0000000, 0x0000000, 0x0007000, 0x00E7000, 0x00E7000, 0x0077000, 0x0077000, 0x01FFFF0, 0x03FFFF0, 0x03FFFF0, 0x000F070, 0x000E070, 0x000EC70, 0x001FE70, 0x001CE70, 0x001CF70, 0x003C770, 0x0078070, 0x00F0070, 0x01F00F0, 0x03E0FE0, 0x01807E0, 0x0000780, 0x0000000, 0x0000000 } }, // 为
  { 0x4E3B, { 0x0000000, 0x0000000, 0x0000000, 0x0007000, 0x000F800, 0x0007C00, 0x0003C00, 0x01FFFF0, 0x01FFFF0, 0x01FFFF0, 0x0003800, 0x0003800, 0x0003800, 0x00FFFE0, 0x00FFFE0, 0x00FFFE0, 0x0003800, 0x0003800, 0x0003800, 0x0003800, 0x03FFFF8, 0x03FFFF8, 0x03FFFF8, 0x0000000, 0x0000000 } }, // 主
  { 0x4E4B, { 0x0000000, 0x0000000, 0x0003000, 0x0007800, 0x0003800, 0x0003C00, 0x01FFFE0, 0x01FFFF0, 0x01FFFF0, 0x00001E0, 0x00003C0, 0x0000780, 0x0000F00, 0x0001E00, 0x0003C00, 0x000F800, 0x001F000, 0x00FE000, 0x01FC000, 0x03FFFF8, 0x039FFF8, 0x0187FF8, 0x0000000, 0x0000000, 0x0000000 } }, // 之
  { 0x4E50, { 0x0000000, 0x0000000, 0x00001E0, 0x00FFFE0, 0x00FFFF0, 0x00FFE00, 0x00E1800, 0x00E3C00, 0x00E3C00, 0x01C3800, 0x01FFFF0, 0x01FFFF8, 0x01FFFF8, 0x0003C00, 0x0063CC0, 0x0073DE0, 0x00E3CE0, 0x01E3C70, 0x03C3C78, 0x039FC38, 0x011F830, 0x000F800, 0x0000000, 0x0000000, 0x0000000 } }, // 乐
  { 0x4E5D, { 0x0000000, 0x0000000, 0x001E000, 0x001E000, 0x001E000, 0x001E000, 0x03FFF00, 0x03FFF80, 0x03FFF80, 0x001C780, 0x001C780, 0x001C780, 0x001C780, 0x003C780, 0x0038780, 0x0038780, 0x0078798, 0x00F079C, 0x01E07B8, 0x03E03F8, 0x03C03F8, 0x01801F0, 0x0000000, 0x0000000, 0x0000000 } }, // 九
  { 0x4E5F, { 0x0000000, 0x0000000, 0x0001800, 0x0001C00, 0x0071C00, 0x0071C60, 0x0071DF0, 0x0071FF0, 0x007FFF0, 0x007FE70, 0x03FFC70, 0x07F9C70, 0x03F1C70, 0x0071CE0, 0x0071FE0, 0x0071FE0, 0x0071D90, 0x0071838, 0x0070038, 0x007FFF8, 0x007FFF8, 0x003FFF0, 0x0000000, 0x0000000, 0x0000000 } }, // 也
  { 0x4E70, { 0x0000000, 0x0000000, 0x0000000, 0x01FFFF8, 0x01FFFF8, 0x01FFFF0, 0x0031C70, 0x007DCE0, 0x003FCE0, 0x008DC00, 0x01E1C00, 0x01F1C00, 0x0071C00, 0x03FFFF8, 0x03FFFF8, 0x03FFFF8, 0x0007C00, 0x000FF80, 0x003EFE0, 0x03FC3F0, 0x03F00F8, 0x01C0030, 0x0000000, 0x0000000, 0x0000000 } }, // 买
  { 0x4E86, { 0x0000000, 0x0000000, 0x0000000, 0x01FFFE0, 0x01FFFF0, 0x01FFFE0, 0x00003C0, 0x0000F80, 0x0001F00, 0x0003E00, 0x0003800, 0x0003800, 0x0003800, 0x0003800, 0x0003800, 0x0003800, 0x0003800, 0x0003800, 0x0003800, 0x003F800, 0x003F800, 0x001E000, 0x0000000, 0x0000000, 0x0000000 } }, // 了
  { 0x4E94, { 0x0000000, 0x0000000, 0x0000000, 0x0000000, 0x01FFFF0, 0x01FFFF0, 0x01FFFF0, 0x0007000, 0x000F000, 0x000F000, 0x00FFFC0, 0x00FFFC0, 0x007FFC0, 0x000E3C0, 0x001E3C0, 0x001E380, 0x001C380, 0x001C380, 0x03FFFF8, 0x03FFFF8, 0x03FFFF8, 0x0000000, 0x0000000, 0x0000000, 0x0000000 } }, // 五
  { 0x4E9A, { 0x0000000, 0x0000000, 0x0000000, 0x03FFFF8, 0x03FFFF8, 0x03FFFF8, 0x001EF00, 0x001CF00, 0x019CF20, 0x039CF70, 0x01DCF70, 0x01DCF70, 0x01DCFE0, 0x00FCFE0, 0x00FCFE0, 0x00FCFC0, 0x007CFC0, 0x001CF00, 0x001EF00, 0x03FFFF8, 0x07FFFFC, 0x03FFFF8, 0x0000000, 0x0000000, 0x0000000 } }, // 亚
  { 0x4EA4, { 0x0000000, 0x0000000, 0x0003000, 0x0007800, 0x0003800, 0x03FFFF8, 0x03FFFF8, 0x03FFFF8, 0x0038380, 0x00783C0, 0x00F01F0, 0x03E82F8, 0x03FC7F8, 0x009C730, 0x001EF00, 0x000FE00, 0x0007C00, 0x0007C00, 0x001FF00, 0x00FEFF0, 0x03FC7F8, 0x01E01F0, 0x0180000, 0x0000000, 0x0000000 } }, // 交
  { 0x4EAE, { 0x0000000, 0x0000000, 0x0003800, 0x0003800, 0x03FFFF8, 0x03FFFF8, 0x0000000, 0x007FFC0, 0x007FFC0, 0x00701C0, 0x007FFC0, 0x007FFC0, 0x03FFFF8, 0x03FFFF8, 0x03FFFF8, 0x039FF38, 0x03BFF38, 0x003FF00, 0x0038738, 0x00F8738, 0x03F07F8, 0x03E03F0, 0x0180000, 0x0000000, 0x0000000 } }, // 亮
  { 0x4EBA, { 0x0000000, 0x0000000, 0x0003800, 0x0003800, 0x0003800, 0x0007800, 0x0007800, 0x0007800, 0x0007800, 0x0007C00, 0x0007C00, 0x000FC00, 0x000FE00, 0x000EE00, 0x001EF00, 0x003C700, 0x003C780, 0x00783C0, 0x00F01F0, 0x03E00F8, 0x03C0078, 0x0180030, 0x0000000, 0x0000000, 0x0000000 } }, // 人
  { 0x4ECD, { 0x0000000, 0x0000000, 0x0070000, 0x007FFC0, 0x00EFFC0, 0x00EFFC0, 0x01E39C0, 0x01C39C0, 0x03C3980, 0x07C7BF8, 0x07C7BF8, 0x03C73F8, 0x03C7038, 0x01C7038, 0x01C7038, 0x01C7038, 0x01CE038, 0x01CE070, 0x01DE070, 0x01FC3F0, 0x01FC3F0, 0x01C83E0, 0x0000000, 0x0000000, 0x0000000 } }, // 仍
  { 0x4ED3, { 0x0000000, 0x0000000, 0x0000000, 0x0003800, 0x0003800, 0x0007C00, 0x000FE00, 0x001EF80, 0x007C7C0, 0x01F81F0, 0x03FFFF8, 0x03FFFF8, 0x01FFF90, 0x0070380, 0x0070380, 0x0070380, 0x0071F80, 0x0071F60, 0x0070070, 0x00780F0, 0x007FFE0, 0x003FFE0, 0x001FF80, 0x0000000, 0x0000000 } }, // 仓
  { 0x4ED6, { 0x0000000, 0x0000000, 0x0030700, 0x0070700, 0x0077700, 0x00F7730, 0x00E77F8, 0x01E77F8, 0x03E7FF8, 0x07EFF38, 0x07FFF38, 0x03FF338, 0x00EF738, 0x00E77F8, 0x00E77F0, 0x00E77E0, 0x00E7700, 0x00E7018, 0x00E701C, 0x00E7FF8, 0x00E7FF8, 0x00E3FF0, 0x0000000, 0x0000000, 0x0000000 } }, // 他
  { 0x4EE5, { 0x0000000, 0x0000000, 0x0000000, 0x00E00E0, 0x00E20E0, 0x00E70E0, 0x00E78E0, 0x00E38E0, 0x00E3CE0, 0x00E18E0, 0x00E01E0, 0x00E01C0, 0x00E01C0, 0x00E21C0, 0x00EE380, 0x00FF7C0, 0x00FC7E0, 0x01F0FF0, 0x01E3E78, 0x0187C78, 0x0007838, 0x0002010, 0x0000000, 0x0000000, 0x0000000 } }, // 以
  { 0x4EF6, { 0x0000000, 0x0000000, 0x0030700, 0x0073700, 0x0077700, 0x00F7700, 0x00E7FF0, 0x01EFFF8, 0x03EFFF0, 0x03FE700, 0x07EC700, 0x03E0700, 0x03EFFF8, 0x00FFFFC, 0x00EFFF8, 0x00E0700, 0x00E0700, 0x00E0700, 0x00E0700, 0x00E0700, 0x00E0700, 0x00E0700, 0x0000000, 0x0000000, 0x0000000 } }, // 件
  { 0x4EF7, { 0x0000000, 0x0000000, 0x0000400, 0x0038700, 0x0070F00, 0x0071F80, 0x00E1F80, 0x00E3DC0, 0x01E79F0, 0x03FF0F8, 0x07FE078, 0x03FF9F8, 0x03E39E0, 0x00E39E0, 0x00E39E0, 0x00E39E0, 0x00E79E0, 0x00E71E0, 0x00E71E0, 0x00EF1E0, 0x00FE1E0, 0x00EC1E0, 0x00C00C0, 0x0000000, 0x0000000 } }, // 价
  { 0x4EFB, { 0x0000000, 0x0000000, 0x0038060, 0x00387F0, 0x007FFF8, 0x007FFC0, 0x00F7F00, 0x01E0700, 0x01E0700, 0x03E0700, 0x07E0700, 0x03FFFF8, 0x03FFFFC, 0x00EFFF8, 0x00E0700, 0x00E0700, 0x00E0700, 0x00E0700, 0x00E0700, 0x00EFFF8, 0x00EFFF8, 0x00E7FF8, 0x0000000, 0x0000000, 0x0000000 } }, // 任
  { 0x4F0A, { 0x0000000, 0x0000000, 0x0030000, 0x007FFF0, 0x007FFF0, 0x00F7FF0, 0x00E0E70, 0x01E0E70, 0x03FFFF8, 0x07FFFFC, 0x07EFFF8, 0x03E0E70, 0x02E0E70, 0x00EFFF0, 0x00EFFF0, 0x00E7FF0, 0x00E1C30, 0x00E3C00, 0x00E7800, 0x00EF800, 0x00FF000, 0x00EC000, 0x0000000, 0x0000000, 0x0000000 } }, // 伊
  { 0x4F11, { 0x0000000, 0x0000000, 0x0038700, 0x0038700, 0x0078700, 0x0070700, 0x00F0700, 0x01FFFF8, 0x01FFFF8, 0x03EFFF8, 0x07E1F80, 0x03E1FC0, 0x02E3FC0, 0x00E3FE0, 0x00E7FF0, 0x00EF770, 0x00FE778, 0x00FE73C, 0x00FC718, 0x00E8700, 0x00E0700, 0x00E0700, 0x0000000, 0x0000000, 0x0000000 } }, // 休
  { 0x4F18, { 0x0000000, 0x0000000, 0x0031C40, 0x0079CE0, 0x0071CF0, 0x00F1C70, 0x00E1C30, 0x01FFFF8, 0x01FFFF8, 0x03EFFF8, 0x07E1D00, 0x03E1F80, 0x01E1F80, 0x00E3F80, 0x00E3B80, 0x00E3B80, 0x00E7B98, 0x00E739C, 0x00EF398, 0x00FE3F8, 0x00FC3F8, 0x00E81F0, 0x0000000, 0x0000000, 0x0000000 } }, // 优
  { 0x4F19, { 0x0000000, 0x0000000, 0x0000000, 0x0038700, 0x0078700, 0x0070700, 0x00F0700, 0x00E7738, 0x01E7738, 0x03E7738, 0x07EE770, 0x03EE770, 0x03EEF70, 0x00E6F20, 0x00E0F80, 0x00E0F80, 0x00E1FC0, 0x00E1DC0, 0x00E3DE0, 0x00EF8F8, 0x00FF078, 0x00EE038, 0x00E0000, 0x0000000, 0x0000000 } }, // 伙
  { 0x4F1A, { 0x0000000, 0x0000000, 0x0001000, 0x0003C00, 0x0007C00, 0x000FE00, 0x003FF00, 0x007C7C0, 0x01F83F8, 0x03FFFF8, 0x03FFFF8, 0x011FF00, 0x0000000, 0x01FFFF0, 0x01FFFF8, 0x01FFFF0, 0x001E380, 0x003C3C0, 0x00787E0, 0x00FFFF0, 0x00FFFF0, 0x00FF870, 0x0000020, 0x0000000, 0x0000000 } }, // 会
  { 0x4F20, { 0x0000000, 0x0000000, 0x0030E00, 0x0070E00, 0x007FFF0, 0x00EFFF0, 0x00EFFF0, 0x01E1C00, 0x03FFFF8, 0x07FFFFC, 0x07FFFF8, 0x03E3800, 0x02E3FF0, 0x00E7FF8, 0x00E7FF0, 0x00E01E0, 0x00E1BC0, 0x00E1F80, 0x00E1F80, 0x00E07C0, 0x00E03C0, 0x00E0180, 0x0000000, 0x0000000, 0x0000000 } }, // 传
  { 0x4F24, { 0x0000000, 0x0000000, 0x0033800, 0x0073800, 0x0073800, 0x00F7FF8, 0x00E7FF8, 0x01EFFF0, 0x03FEE00, 0x03ECE00, 0x07E0E00, 0x03EFFF8, 0x02EFFF8, 0x00E7FF8, 0x00E1C30, 0x00E1C30, 0x00E1C70, 0x00E3870, 0x00E7870, 0x00EF3F0, 0x00FE3F0, 0x00EC1E0, 0x0000000, 0x0000000, 0x0000000 } }, // 伤
  { 0x4F34, { 0x0000000, 0x0000000, 0x0040600, 0x0074720, 0x007E770, 0x00EE770, 0x00E7770, 0x01E7FE0, 0x01C37E0, 0x03CFFF0, 0x07CFFF0, 0x07CFFF0, 0x03C0700, 0x00C0700, 0x00DFFF8, 0x00DFFF8, 0x00DFFF8, 0x00C0700, 0x00C0700, 0x00C0700, 0x00C0700, 0x00C0700, 0x00C0600, 0x0000000, 0x0000000 } }, // 伴
  { 0x4F4D, { 0x0000000, 0x0000000, 0x0000600, 0x0038700, 0x0078700, 0x0070700, 0x00FFFF8, 0x00EFFF8, 0x01E7FF0, 0x03E3060, 0x03E38F0, 0x03E38E0, 0x03E38E0, 0x00E38E0, 0x00E38E0, 0x00E3CE0, 0x00E1DC0, 0x00E1DC0, 0x00E11C0, 0x00EFFF8, 0x00EFFF8, 0x00EFFF8, 0x00E0000, 0x0000000, 0x0000000 } }, // 位
  { 0x4F4E, { 0x0000000, 0x0000000, 0x0020020, 0x00703F0, 0x0077FF8, 0x0077FC0, 0x00E7F80, 0x00EE380, 0x01EE380, 0x03EE180, 0x03EFFF8, 0x07EFFF8, 0x03EFFF8, 0x02EE1C0, 0x00EE1C0, 0x00EE1C0, 0x00EE1C0, 0x00EE6D8, 0x00EE6FC, 0x00EFFFC, 0x00EFFF8, 0x00EFBF8, 0x00EC030, 0x0000000, 0x0000000 } }, // 低
  { 0x4F4F, { 0x0000000, 0x0000000, 0x0020200, 0x0038F00, 0x0078700, 0x0070700, 0x00FFFF8, 0x00EFFF8, 0x01EFFF8, 0x03E0700, 0x07E0700, 0x03E0700, 0x03E7FF0, 0x00E7FF8, 0x00E7FF8, 0x00E0700, 0x00E0700, 0x00E0700, 0x00E0700, 0x00EFFF8, 0x00EFFFC, 0x00EFFFC, 0x00E0000, 0x0000000, 0x0000000 } }, // 住
  { 0x4F53, { 0x0000000, 0x0000000, 0x0070700, 0x0070700, 0x0070700, 0x00E0700, 0x00FFFF8, 0x01FFFF8, 0x03EFFF8, 0x03E1F80, 0x07E1FC0, 0x03E3FC0, 0x02E3FE0, 0x00E77E0, 0x00EF770, 0x00EE778, 0x00FFFFC, 0x00FFFF8, 0x00EBFD0, 0x00E0700, 0x00E0700, 0x00E0700, 0x0000000, 0x0000000, 0x0000000 } }, // 体
  { 0x4F5C, { 0x0000000, 0x0000000, 0x0031C00, 0x0079C00, 0x0071C00, 0x00F3FF8, 0x00E3FFC, 0x01E7FFC, 0x01E7700, 0x03EE700, 0x07FE7F8, 0x03EC7F8, 0x03E07F8, 0x00E0700, 0x00E0700, 0x00E07F8, 0x00E07F8, 0x00E07F8, 0x00E0700, 0x00E0700, 0x00E0700, 0x00E0700, 0x0000000, 0x0000000, 0x0000000 } }, // 作
  { 0x4F60, { 0x0000000, 0x0000000, 0x0021000, 0x0073800, 0x0073800, 0x00F7000, 0x00E7FF8, 0x01EFFF8, 0x01EFFF8, 0x03FE738, 0x07FC738, 0x03E8730, 0x03E3760, 0x00E7770, 0x00E7770, 0x00E7778, 0x00EE738, 0x00EE738, 0x00FC738, 0x00E4710, 0x00E1F00, 0x00E1F00, 0x00C0C00, 0x0000000, 0x0000000 } }, // 你
  { 0x4F73, { 0x0000000, 0x0000000, 0x0030700, 0x0070700, 0x0077FF0, 0x00F7FF0, 0x00E7FF0, 0x01E0700, 0x01E0700, 0x03EFFF8, 0x07EFFF8, 0x03EFFF8, 0x00E0700, 0x00E0700, 0x00EFFF8, 0x00EFFF8, 0x00E7FF0, 0x00E0700, 0x00E0700, 0x00FFFFC, 0x00FFFFC, 0x00EFFF8, 0x0000000, 0x0000000, 0x0000000 } }, // 佳
  { 0x4F7F, { 0x0000000, 0x0000000, 0x0030700, 0x0038700, 0x007FFF8, 0x007FFFC, 0x00EFFF8, 0x01E0700, 0x01EFFF8, 0x03EFFF8, 0x07EFFF8, 0x03EE738, 0x02EFFF8, 0x00EFFF8, 0x00EFFF8, 0x00EE700, 0x00E7E00, 0x00E3E00, 0x00E3F00, 0x00E7FE0, 0x00FFFFC, 0x00EF1F8, 0x00EC010, 0x0000000, 0x0000000 } }, // 使
  { 0x4F8B, { 0x0000000, 0x0000000, 0x00E0038, 0x00FFE38, 0x00FFFB8, 0x01CFDB8, 0x01CE1B8, 0x01CF9B8, 0x03CFFB8, 0x07DFDB8, 0x07DDDB8, 0x03DDDB8, 0x01F9DB8, 0x01FFDB8, 0x01DF9B8, 0x01C79B8, 0x01C39B8, 0x01C7038, 0x01CF038, 0x01DE1F8, 0x01DC1F8, 0x01C81F0, 0x0000000, 0x0000000, 0x0000000 } }, // 例
  { 0x4F9B, { 0x0000000, 0x0000000, 0x00338E0, 0x00738E0, 0x00738E0, 0x00F38E0, 0x00EFFF8, 0x01EFFF8, 0x03EFFF8, 0x07E38E0, 0x07E38E0, 0x03E38E0, 0x02E38E0, 0x00FFFFC, 0x00FFFFC, 0x00EFFF8, 0x00E1040, 0x00E38E0, 0x00E78F0, 0x00EF078, 0x00FE038, 0x00EC030, 0x0000000, 0x0000000, 0x0000000 } }, // 供
  { 0x4F9D, { 0x0000000, 0x0000000, 0x0020600, 0x0078E00, 0x0070700, 0x0070700, 0x00FFFF8, 0x01FFFF8, 0x01EFFF8, 0x03E1E00, 0x07E3F10, 0x03E7F38, 0x03EF7F8, 0x00FF3F0, 0x00FF3C0, 0x00FF1C0, 0x00E71E0, 0x00E70E0, 0x00E76F0, 0x00E7F78, 0x00EFE38, 0x00EF810, 0x00C4000, 0x0000000, 0x0000000 } }, // 依
  { 0x4FBF, { 0x0000000, 0x0000000, 0x0030000, 0x007FFF8, 0x007FFF8, 0x00F0700, 0x00E7FF0, 0x01EFFF8, 0x01EFFF8, 0x03EE738, 0x03EFFF8, 0x03EFFF8, 0x01EE738, 0x00EFFF8, 0x00EFFF8, 0x00EFFF0, 0x00EEE00, 0x00EFE00, 0x00E7F00, 0x00FFFF8, 0x00FF7F8, 0x00EC0F8, 0x0000000, 0x0000000, 0x0000000 } }, // 便
  { 0x4FDD, { 0x0000000, 0x0000000, 0x0030000, 0x007FFF0, 0x0077FF0, 0x00F7070, 0x00E7070, 0x01E7070, 0x03E7FF0, 0x03E7FF0, 0x07E0700, 0x03E0700, 0x00EFFF8, 0x00FFFF8, 0x00EFFF8, 0x00E1FC0, 0x00E3FE0, 0x00E7FF0, 0x00EF778, 0x00FE73C, 0x00EC718, 0x00E0700, 0x0000000, 0x0000000, 0x0000000 } }, // 保
  { 0x500D, { 0x0000000, 0x0000000, 0x0020600, 0x0070700, 0x0070700, 0x007FFF8, 0x00EFFF8, 0x01E30E0, 0x01E38E0, 0x03E38E0, 0x07EB9E0, 0x03FFFFC, 0x03FFFF8, 0x00E0000, 0x00E7FF0, 0x00E7FF0, 0x00E7FF0, 0x00E7070, 0x00E7070, 0x00E7FF0, 0x00E7FF0, 0x00E7FF0, 0x00C7060, 0x0000000, 0x0000000 } }, // 倍
  { 0x503C, { 0x0000000, 0x0000000, 0x0020700, 0x0070700, 0x007FFF8, 0x007FFF8, 0x00EFFF8, 0x01E0E00, 0x01E7FF0, 0x03E7FF0, 0x07E6070, 0x03E7FF0, 0x03E7FF0, 0x00E6070, 0x00E7FF0, 0x00E7FF0, 0x00E6070, 0x00E7FF0, 0x00E7FF0, 0x00E6070, 0x00FFFFC, 0x00FFFFC, 0x00C0000, 0x0000000, 0x0000000 } }, // 值
  { 0x5065, { 0x0000000, 0x0000000, 0x0040180, 0x00F0180, 0x00FFFF0, 0x00FEFF0, 0x01CE1B0, 0x01CFFF8, 0x03CCFF8, 0x03DC7F0, 0x07DFFF0, 0x03DF7F0, 0x03C77F0, 0x01C7FF0, 0x01FF7F0, 0x01DFFF8, 0x01DEFF8, 0x01DEFF8, 0x01CF180, 0x01DFF80, 0x01FBFF8, 0x01F8FF8, 0x00C0000, 0x0000000, 0x0000000 } }, // 健
  { 0x5076, { 0x0000000, 0x0000000, 0x0030000, 0x007FFF0, 0x0077FF0, 0x00F6770, 0x00E7FF0, 0x01E7FF0, 0x03E6770, 0x07E7FF0, 0x07E7FF0, 0x03E0700, 0x00EFFF8, 0x00EFFF8, 0x00EFFF8, 0x00EC7F8, 0x00EC7F8, 0x00EFFF8, 0x00EFFF8, 0x00EC038, 0x00EC0F8, 0x00EC0F8, 0x0000000, 0x0000000, 0x0000000 } }, // 偶
  { 0x50AC, { 0x0000000, 0x0000000, 0x0040700, 0x0076730, 0x00EE738, 0x00EE738, 0x00EFFF8, 0x01EFFF8, 0x01EFFF0, 0x03E6380, 0x07EFFF8, 0x03EFFF8, 0x03EFFF8, 0x00FE380, 0x00FFFF8, 0x00FFFF0, 0x00FE380, 0x00EFFF8, 0x00EFFF0, 0x00EFFF8, 0x00EFFFC, 0x00EFFF8, 0x00CE000, 0x0000000, 0x0000000 } }, // 催
  { 0x50CF, { 0x0000000, 0x0000000, 0x0021000, 0x0073800, 0x0077FC0, 0x00F7FC0, 0x00FE380, 0x01FFFF0, 0x01FFFF0, 0x03EE730, 0x07EFFF0, 0x03EFFF0, 0x03E3C20, 0x00FFE70, 0x00FEFF0, 0x00EBFE0, 0x00EF7E0, 0x00EEF70, 0x00E3FB8, 0x00FFBBC, 0x00FFF18, 0x00E8F00, 0x00C0E00, 0x0000000, 0x0000000 } }, // 像
  { 0x5148, { 0x0000000, 0x0000000, 0x0003800, 0x0073800, 0x0073800, 0x007FFE0, 0x00FFFF0, 0x00FFFE0, 0x01E3800, 0x01C3800, 0x0083800, 0x03FFFF8, 0x03FFFF8, 0x03FFFF8, 0x001C700, 0x001C700, 0x003C700, 0x0038730, 0x0078738, 0x00F0738, 0x03E07F8, 0x03C07F0, 0x01803E0, 0x0000000, 0x0000000 } }, // 先
  { 0x5149, { 0x0000000, 0x0000000, 0x0003800, 0x0003800, 0x00E3870, 0x00E38F0, 0x00739E0, 0x007B9C0, 0x0033980, 0x0003800, 0x03FFFF8, 0x03FFFF8, 0x03FFFF8, 0x001C700, 0x001CF00, 0x001CF00, 0x003CF00, 0x0038F00, 0x0078F18, 0x01F07F8, 0x03E07F8, 0x03C07F0, 0x0100000, 0x0000000, 0x0000000 } }, // 光
  { 0x514B, { 0x0000000, 0x0000000, 0x0003800, 0x0003800, 0x03FFFF8, 0x03FFFF8, 0x03FFFF8, 0x0003800, 0x00FFFE0, 0x00FFFE0, 0x00FFFE0, 0x00E00E0, 0x00E00E0, 0x00FFFE0, 0x00FFFE0, 0x005EF40, 0x001CE00, 0x003CE10, 0x003CE18, 0x00F8E38, 0x03F0FF8, 0x03E07F8, 0x01803E0, 0x0000000, 0x0000000 } }, // 克
  { 0x514D, { 0x0000000, 0x0000000, 0x0018000, 0x003C000, 0x003FF00, 0x007FF00, 0x00F0E00, 0x01F1E00, 0x03FFFF0, 0x03FFFF0, 0x01E3870, 0x00E3870, 0x00E7AF0, 0x00FFFF0, 0x00FFFF0, 0x0007E00, 0x000FE00, 0x001EE10, 0x003CE18, 0x00F8E38, 0x03F0FF8, 0x03E07F8, 0x01001C0, 0x0000000, 0x0000000 } }, // 免
  { 0x5165, { 0x0000000, 0x0000000, 0x0000000, 0x001C000, 0x001E000, 0x001E000, 0x000F000, 0x0007800, 0x0003C00, 0x0007C00, 0x0007E00, 0x0007E00, 0x000FF00, 0x000E700, 0x001E780, 0x001C3C0, 0x003C1E0, 0x00781F0, 0x00F00F8, 0x03E007C, 0x03C0038, 0x0180018, 0x0000000, 0x0000000, 0x0000000 } }, // 入
  { 0x5168, { 0x0000000, 0x0000000, 0x0000000, 0x0003800, 0x0007800, 0x000FC00, 0x001FE00, 0x003EF80, 0x007C7C0, 0x01F01F0, 0x07F01FC, 0x03FFFF8, 0x017FFD0, 0x0003800, 0x0003800, 0x007FFC0, 0x007FFC0, 0x007FFC0, 0x0003800, 0x0003800, 0x03FFFF8, 0x03FFFF8, 0x01FFFF0, 0x0000000, 0x0000000 } }, // 全
  { 0x516C, { 0x0000000, 0x0000000, 0x0000100, 0x001C700, 0x003C780, 0x00383C0, 0x00781C0, 0x00F01E0, 0x01F20F0, 0x03E7878, 0x03C7878, 0x018F030, 0x000F000, 0x001E100, 0x003C380, 0x00383C0, 0x00781C0, 0x00FFFE0, 0x01FFFF0, 0x00FFFF0, 0x00E0078, 0x0000020, 0x0000000, 0x0000000, 0x0000000 } }, // 公
  { 0x516D, { 0x0000000, 0x0000000, 0x0001000, 0x0007000, 0x0007800, 0x0003C00, 0x0003C00, 0x0003800, 0x03FFFF8, 0x03FFFF8, 0x03FFFF8, 0x0000000, 0x0010300, 0x003C780, 0x003C780, 0x00783C0, 0x00701E0, 0x00F01E0, 0x01E00F0, 0x03E0078, 0x03C0078, 0x0180030, 0x0000000, 0x0000000, 0x0000000 } }, // 六
  { 0x5170, { 0x0000000, 0x0000000, 0x0000000, 0x00301C0, 0x00783C0, 0x003C380, 0x001C780, 0x01FFFF0, 0x03FFFF8, 0x03FFFF8, 0x0000000, 0x0000000, 0x0000000, 0x00FFFE0, 0x00FFFE0, 0x00FFFE0, 0x0000000, 0x0000000, 0x0000000, 0x03FFFF8, 0x03FFFF8, 0x03FFFF8, 0x0000000, 0x0000000, 0x0000000 } }, // 兰
  { 0x5173, { 0x0000000, 0x0000000, 0x00301C0, 0x00781C0, 0x00383C0, 0x001C380, 0x00FFFF0, 0x01FFFF0, 0x01FFFF0, 0x0003800, 0x0003800, 0x0003800, 0x03FFFF8, 0x03FFFF8, 0x03FFFF8, 0x0007E00, 0x000FF00, 0x001F780, 0x007E7E0, 0x03F81F8, 0x03F00F8, 0x01C0030, 0x0000000, 0x0000000, 0x0000000 } }, // 关
  { 0x5176, { 0x0000000, 0x0000000, 0x00701C0, 0x00703C0, 0x01FFFF8, 0x03FFFF8, 0x01FFFF0, 0x00703C0, 0x007FFC0, 0x007FFC0, 0x00703C0, 0x007FFC0, 0x007FFC0, 0x007FFC0, 0x00703C0, 0x03FFFF8, 0x03FFFF8, 0x03FFFF8, 0x007C7C0, 0x01FC7F0, 0x03F01F8, 0x01C0070, 0x0000000, 0x0000000, 0x0000000 } }, // 其
  { 0x5177, { 0x0000000, 0x0000000, 0x007FFC0, 0x007FFE0, 0x007FFE0, 0x00701E0, 0x007FFE0, 0x007FFE0, 0x00701E0, 0x007FFE0, 0x007FFE0, 0x007FFE0, 0x007FFE0, 0x00701E0, 0x03F01F8, 0x03FFFF8, 0x03FFFF8, 0x00387C0, 0x00FC7E0, 0x03F01F8, 0x03C0078, 0x0100010, 0x0000000, 0x0000000, 0x0000000 } }, // 具
  { 0x517B, { 0x0000000, 0x0000000, 0x0038380, 0x0038380, 0x01FFFF0, 0x01FFFF0, 0x01FFFF0, 0x00FFFE0, 0x00FFFE0, 0x00FFFE0, 0x000F000, 0x03FFFF8, 0x03FFFF8, 0x00FC3C0, 0x03F83F0, 0x03FC7F8, 0x01DC778, 0x003C700, 0x0038700, 0x0078700, 0x01F0700, 0x01E0700, 0x00C0700, 0x0000000, 0x0000000 } }, // 养
  { 0x517D, { 0x0000000, 0x0000000, 0x0010100, 0x0038380, 0x001C380, 0x01FFFE0, 0x01FFFF0, 0x01C3870, 0x01FFFF0, 0x01FFFF0, 0x01C3870, 0x01FFFF0, 0x00FFFE0, 0x03FFFF8, 0x03FFFF8, 0x03FFFF8, 0x00FFFE0, 0x00FFFE0, 0x00FFFE0, 0x00E00E0, 0x00FFFE0, 0x00FFFE0, 0x00E00E0, 0x0000000, 0x0000000 } }, // 兽
  { 0x5185, { 0x0000000, 0x0000000, 0x0003800, 0x0003800, 0x0003800, 0x0003800, 0x01FFFF0, 0x01FFFF0, 0x01FFFF0, 0x01C3870, 0x01C3870, 0x01C7870, 0x01C7C70, 0x01CFE70, 0x01CEF70, 0x01DE7F0, 0x01FC3F0, 0x01F81F0, 0x01C0070, 0x01C0070, 0x01C03F0, 0x01C03F0, 0x01801C0, 0x0000000, 0x0000000 } }, // 内
  { 0x518D, { 0x0000000, 0x0000000, 0x0000000, 0x03FFFF8, 0x03FFFF8, 0x01FFFF0, 0x0003800, 0x00FFFE0, 0x00FFFE0, 0x00EBAE0, 0x00E38E0, 0x00FFFE0, 0x00FFFE0, 0x00E38E0, 0x03FFFF8, 0x07FFFFC, 0x07FFFFC, 0x00E00E0, 0x00E00E0, 0x00E07E0, 0x00E07E0, 0x00E03C0, 0x0000000, 0x0000000, 0x0000000 } }, // 再
  { 0x5199, { 0x0000000, 0x0000000, 0x0000000, 0x03FFFF8, 0x03FFFF8, 0x03FFFF8, 0x0398038, 0x03BFFF8, 0x003FFC0, 0x003FFC0, 0x0038000, 0x003FFE0, 0x007FFE0, 0x007FFE0, 0x00000E0, 0x01FFEE0, 0x01FFEE0, 0x01FFDC0, 0x00001C0, 0x0001FC0, 0x0001F80, 0x0001F00, 0x0000000, 0x0000000, 0x0000000 } }, // 写
  { 0x519B, { 0x0000000, 0x0000000, 0x0000000, 0x03FFFF8, 0x03FFFF8, 0x038E038, 0x038E038, 0x03FFFF8, 0x007FFC0, 0x007FFC0, 0x0039C00, 0x0079C00, 0x007FFE0, 0x007FFE0, 0x007FFE0, 0x0001C00, 0x01FFFF0, 0x03FFFF8, 0x03FFFF8, 0x0001C00, 0x0001C00, 0x0001C00, 0x0000000, 0x0000000, 0x0000000 } }, // 军
  { 0x51A0, { 0x0000000, 0x0000000, 0x0000000, 0x03FFFF8, 0x03FFFF8, 0x03FFFF8, 0x0380078, 0x01FE0E0, 0x01FEFF8, 0x0001FF8, 0x0001FF8, 0x03FF4E0, 0x03FFEE0, 0x03FFEE0, 0x00CC7E0, 0x00CC6E0, 0x01CC3E0, 0x01CC3F8, 0x01CC19C, 0x038FFF8, 0x038FFF8, 0x0307FF0, 0x0000000, 0x0000000, 0x0000000 } }, // 冠
  { 0x51B0, { 0x0000000, 0x0000000, 0x0000600, 0x0000F00, 0x0380700, 0x03C0F00, 0x03E0730, 0x00FFF38, 0x003FF78, 0x003FFF0, 0x0007FE0, 0x0007FC0, 0x00477C0, 0x00EF7C0, 0x00EE7E0, 0x01CEFE0, 0x03DCF70, 0x03BCF7C, 0x03B873C, 0x0130F18, 0x0003F00, 0x0003E00, 0x0001C00, 0x0000000, 0x0000000 } }, // 冰
  { 0x51BB, { 0x0000000, 0x0000000, 0x0001C00, 0x0001C00, 0x0383C00, 0x039FFF8, 0x03DFFF8, 0x01DFFF8, 0x00E7000, 0x00C7700, 0x000E700, 0x001FFF0, 0x001FFF0, 0x00CFFF0, 0x00E0700, 0x01E6760, 0x01CF770, 0x01CE770, 0x039E778, 0x03BC738, 0x03B9F38, 0x0109F00, 0x0001C00, 0x0000000, 0x0000000 } }, // 冻
  { 0x51C9, { 0x0000000, 0x0000000, 0x0000600, 0x0100E00, 0x039FFF0, 0x039FFF8, 0x01DFFF8, 0x01C0000, 0x01EFFE0, 0x00CFFF0, 0x000FFF0, 0x000E070, 0x000FFF0, 0x00EFFF0, 0x00EFFF0, 0x01C4E20, 0x01CEEE0, 0x01DEE70, 0x039CF70, 0x03BCF38, 0x03BBE38, 0x0113E00, 0x0001C00, 0x0000000, 0x0000000 } }, // 凉
  { 0x51D1, { 0x0000000, 0x0000000, 0x0000E00, 0x0100E00, 0x039FFF0, 0x03DFFF0, 0x01C1C00, 0x01EFFF0, 0x00EFFF0, 0x0083C00, 0x003FFF8, 0x003FFF8, 0x000F1E0, 0x00DFFF8, 0x00FFFF8, 0x01D8E30, 0x01CFFE0, 0x01CFFE0, 0x03C3F80, 0x0387BF0, 0x039F1F8, 0x001E070, 0x0008000, 0x0000000, 0x0000000 } }, // 凑
  { 0x51ED, { 0x0000000, 0x0000000, 0x0020000, 0x0079FF0, 0x007FFF0, 0x00E7F00, 0x01E0700, 0x03FFFF8, 0x03FFFF8, 0x03E0700, 0x00E0700, 0x00EFFF8, 0x00EFFF8, 0x00E0000, 0x003FF80, 0x003FF80, 0x003FF80, 0x0038380, 0x0070398, 0x01F039C, 0x03E03F8, 0x03C03F8, 0x01000E0, 0x0000000, 0x0000000 } }, // 凭
  { 0x51EF, { 0x0000000, 0x0000000, 0x0070000, 0x03B6FE0, 0x03B6FE0, 0x03B6EE0, 0x03FEEE0, 0x03FEEE0, 0x03FEEE0, 0x0000EE0, 0x03FEEE0, 0x03FEEE0, 0x000EEE0, 0x000EEE0, 0x03FEEE0, 0x03FEEE0, 0x0380EE0, 0x0385CF8, 0x03FDCFC, 0x03FFCFC, 0x03F3878, 0x0101870, 0x0000000, 0x0000000, 0x0000000 } }, // 凯
  { 0x51FA, { 0x0000000, 0x0000000, 0x0003800, 0x0003800, 0x00E38E0, 0x00E38E0, 0x00E38E0, 0x00E38E0, 0x00E38E0, 0x00FFFE0, 0x00FFFE0, 0x00FFFE0, 0x0003800, 0x01C3870, 0x01C3870, 0x01C3870, 0x01C3870, 0x01C3870, 0x01C3870, 0x01FFFF0, 0x01FFFF0, 0x01FFFF0, 0x0000070, 0x0000000, 0x0000000 } }, // 出
  { 0x51FB, { 0x0000000, 0x0000000, 0x0003800, 0x0003800, 0x0003800, 0x00FFFF0, 0x01FFFF0, 0x01FFFF0, 0x0003800, 0x0003800, 0x03FFFF8, 0x03FFFF8, 0x03FFFF8, 0x0003800, 0x00E38E0, 0x00E38E0, 0x00E38E0, 0x00E38E0, 0x00E38E0, 0x00FFFE0, 0x00FFFE0, 0x00FFFF0, 0x0000060, 0x0000000, 0x0000000 } }, // 击
  { 0x5200, { 0x0000000, 0x0000000, 0x0000000, 0x01FFFF0, 0x01FFFF0, 0x01FFFF0, 0x000F070, 0x000F070, 0x000E070, 0x000E070, 0x000E070, 0x001E070, 0x001E070, 0x001C070, 0x003C070, 0x0078070, 0x00F80F0, 0x01F00F0, 0x03E0FE0, 0x03C0FE0, 0x0180780, 0x0000000, 0x0000000, 0x0000000, 0x0000000 } }, // 刀
  { 0x5206, { 0x0000000, 0x0000000, 0x0018300, 0x001C700, 0x003C780, 0x00383C0, 0x00781C0, 0x00F01E0, 0x01F00F0, 0x03E0078, 0x03FFFF8, 0x01FFFF0, 0x007FFC0, 0x000E1C0, 0x000E1C0, 0x001E1C0, 0x001C1C0, 0x003C1C0, 0x00781C0, 0x01F1FC0, 0x03E1F80, 0x01C0F80, 0x0000000, 0x0000000, 0x0000000 } }, // 分
  { 0x5207, { 0x0000000, 0x0000000, 0x0000000, 0x00E3FF8, 0x00E7FF8, 0x00E7FF8, 0x00E0E38, 0x00FCE38, 0x07FCE38, 0x07FCE38, 0x03E0E38, 0x00E0E38, 0x00E0E38, 0x00E0E38, 0x00EDE38, 0x00FDC38, 0x01FDC38, 0x01F3C78, 0x01C7870, 0x000F3F0, 0x000F3F0, 0x000E3E0, 0x0000000, 0x0000000, 0x0000000 } }, // 切
  { 0x5217, { 0x0000000, 0x0000000, 0x0000038, 0x03FF838, 0x03FFBB8, 0x03FFBB8, 0x00E03B8, 0x00FF3B8, 0x00FFBB8, 0x01FFBB8, 0x01C73B8, 0x03C73B8, 0x03A73B8, 0x03FF3B8, 0x007E3B8, 0x003E3B8, 0x001C338, 0x003C038, 0x0078038, 0x01F01F8, 0x03E01F8, 0x01C00F0, 0x0000000, 0x0000000, 0x0000000 } }, // 列
  { 0x521D, { 0x0000000, 0x0000000, 0x0040000, 0x00E0000, 0x00F3FF8, 0x0073FF8, 0x03FFFF8, 0x03FCE38, 0x01B8E38, 0x0038E38, 0x0074E38, 0x00FEE38, 0x01FCE38, 0x03F8E38, 0x07FCE38, 0x03FDC70, 0x037DC70, 0x00F3C70, 0x00F3870, 0x00F7870, 0x00FF3F0, 0x00F63E0, 0x0060180, 0x0000000, 0x0000000 } }, // 初
  { 0x5220, { 0x0000000, 0x0000000, 0x0000038, 0x01F7C38, 0x01F7DB8, 0x01B6DF8, 0x01B6DF8, 0x01B6DF8, 0x01B6DF8, 0x01B6DF8, 0x03FFFF8, 0x03FFFF8, 0x03FFFF8, 0x01B6DF8, 0x01BEDF8, 0x01BEDF8, 0x01BEDB8, 0x03BEC38, 0x03BEC38, 0x03FFC38, 0x03FFCF8, 0x03658F0, 0x0000000, 0x0000000, 0x0000000 } }, // 删
  { 0x5229, { 0x0000000, 0x0000000, 0x0000000, 0x001E038, 0x03FF038, 0x03FC738, 0x03F8738, 0x0038738, 0x0038738, 0x03FF738, 0x03FF738, 0x03FF738, 0x0078738, 0x00FE738, 0x00FF738, 0x01FF738, 0x03FB738, 0x07B8038, 0x0338038, 0x0338038, 0x00383F8, 0x00381F0, 0x00301E0, 0x0000000, 0x0000000 } }, // 利
  { 0x522B, { 0x0000000, 0x0000000, 0x0000030, 0x03FF038, 0x03FF338, 0x03CF738, 0x0387738, 0x0387738, 0x03FF738, 0x03FF738, 0x01FE738, 0x0070738, 0x03FF738, 0x03FF738, 0x03FF738, 0x0067738, 0x00E7738, 0x00E7038, 0x01E7038, 0x03DF1F8, 0x039E1F0, 0x031E1F0, 0x0000000, 0x0000000, 0x0000000 } }, // 别
  { 0x5230, { 0x0000000, 0x0000000, 0x0000010, 0x0000038, 0x03FFF38, 0x03FFFB8, 0x00F63B8, 0x00E73B8, 0x01E73B8, 0x01FFBB8, 0x01FFBB8, 0x01B93B8, 0x00383B8, 0x01FFBB8, 0x01FFBB8, 0x01FFBB8, 0x00383B8, 0x0038B38, 0x003F838, 0x03FF838, 0x03FF1F8, 0x03C01F0, 0x00000C0, 0x0000000, 0x0000000 } }, // 到
  { 0x5236, { 0x0000000, 0x0000000, 0x01B8038, 0x01F81B8, 0x01FF3B8, 0x03FFBB8, 0x03FFBB8, 0x07B83B8, 0x03BCBB8, 0x03FFFB8, 0x03FFFB8, 0x00383B8, 0x01FFBB8, 0x03FFBB8, 0x03FFBB8, 0x03B9BB8, 0x03B9838, 0x03B9838, 0x03BF838, 0x03BF9F8, 0x01BB1F8, 0x00380F0, 0x0000000, 0x0000000, 0x0000000 } }, // 制
  { 0x5237, { 0x0000000, 0x0000000, 0x0000038, 0x01FFC38, 0x01FFFB8, 0x0181FB8, 0x01C3FB8, 0x01FFFB8, 0x01FFFB8, 0x018C3B8, 0x018C3B8, 0x01FFBB8, 0x01FFFB8, 0x01FFFB8, 0x03EDFB8, 0x03EDFB8, 0x03EDDB8, 0x03EFC38, 0x03EFC38, 0x076F9F8, 0x030E1F8, 0x000E0F0, 0x0000000, 0x0000000, 0x0000000 } }, // 刷
  { 0x5238, { 0x0000000, 0x0000000, 0x0001800, 0x00739C0, 0x007B9C0, 0x003BBC0, 0x01FFFF0, 0x01FFFF0, 0x000F000, 0x03FFFF8, 0x03FFFF8, 0x03FFFF8, 0x00F83C0, 0x01FFBF0, 0x03FFFFC, 0x03FFFF8, 0x000E1C0, 0x001E1C0, 0x001C3C0, 0x007C380, 0x01F9F80, 0x00E0F80, 0x0080E00, 0x0000000, 0x0000000 } }, // 券
  { 0x523A, { 0x0000000, 0x0000000, 0x0018000, 0x0038038, 0x0038038, 0x03FFFB8, 0x03FFFB8, 0x03FFBB8, 0x01FFBB8, 0x03FFBB8, 0x03FFBB8, 0x03BBBB8, 0x03BBBB8, 0x03BFBB8, 0x03BFBB8, 0x007C3B8, 0x00FE3B8, 0x01FF838, 0x03FB838, 0x03B9038, 0x03381F8, 0x00381F0, 0x00180E0, 0x0000000, 0x0000000 } }, // 刺
  { 0x524D, { 0x0000000, 0x0000000, 0x0030180, 0x00701C0, 0x00783C0, 0x03BFFF8, 0x03FFFF8, 0x03FFFF8, 0x0000000, 0x01FE270, 0x01FF770, 0x01FF770, 0x01C7770, 0x01FF770, 0x01FF770, 0x01C7770, 0x01FF770, 0x01FF770, 0x01C7770, 0x01C7070, 0x01DF3F0, 0x01DE1F0, 0x018C1C0, 0x0000000, 0x0000000 } }, // 前
  { 0x5251, { 0x0000000, 0x0000000, 0x0018000, 0x003C038, 0x003C038, 0x007E3B8, 0x00F73B8, 0x01E3BB8, 0x03C3FB8, 0x07FFFB8, 0x03FF3B8, 0x02003B8, 0x0039BB8, 0x019BBB8, 0x01DBBB8, 0x01DFBB8, 0x01DF3B8, 0x00C7038, 0x0007C38, 0x01FFC38, 0x03FF9F8, 0x01F01F8, 0x00000E0, 0x0000000, 0x0000000 } }, // 剑
  { 0x5267, { 0x0000000, 0x0000000, 0x0000000, 0x01FF838, 0x01FFC38, 0x01FFBB8, 0x01C1BB8, 0x01FFBB8, 0x01FFBB8, 0x01FFBB8, 0x01CE3B8, 0x01FFFB8, 0x01FFFB8, 0x01CE3B8, 0x038E3B8, 0x03FFFB8, 0x03FFFB8, 0x03F1C38, 0x07E1C38, 0x077FC38, 0x037FCF8, 0x007FCF0, 0x00608E0, 0x0000000, 0x0000000 } }, // 剧
  { 0x529B, { 0x0000000, 0x0000000, 0x0007000, 0x0007000, 0x0007000, 0x0007000, 0x01FFFF0, 0x03FFFF0, 0x03FFFF0, 0x0007070, 0x000F070, 0x000F070, 0x000E070, 0x000E070, 0x001E070, 0x001C070, 0x003C070, 0x00780F0, 0x00F80E0, 0x01F0FE0, 0x03E0FE0, 0x01807C0, 0x0000000, 0x0000000, 0x0000000 } }, // 力
  { 0x529F, { 0x0000000, 0x0000000, 0x0000700, 0x0000700, 0x03FC700, 0x03FC700, 0x03FFFF8, 0x00E3FF8, 0x00E3FF8, 0x00E0738, 0x00E0F38, 0x00E0E38, 0x00E0E38, 0x00E4E38, 0x00FCE38, 0x03FDE38, 0x07FDC38, 0x03C3C78, 0x0007870, 0x000FBF0, 0x000F3F0, 0x000E3E0, 0x0000000, 0x0000000, 0x0000000 } }, // 功
  { 0x52A0, { 0x0000000, 0x0000000, 0x0060000, 0x00E0000, 0x00E0000, 0x00E0FF8, 0x03FFFF8, 0x03FFFF8, 0x03FFE38, 0x00E7E38, 0x00E7E38, 0x00E7E38, 0x00E7E38, 0x00E7E38, 0x00EEE38, 0x01EEE38, 0x01CEE38, 0x01CEE38, 0x03CEFF8, 0x03FEFF8, 0x07BEFF8, 0x033CE38, 0x0000000, 0x0000000, 0x0000000 } }, // 加
  { 0x52A1, { 0x0000000, 0x0000000, 0x000C000, 0x000E000, 0x001FFE0, 0x007FFF0, 0x00FFFE0, 0x01F83C0, 0x01FEF80, 0x008FF00, 0x007FFF8, 0x03FFFF8, 0x03F23F8, 0x0007000, 0x01FFFF0, 0x01FFFF0, 0x00FFFF0, 0x001E0E0, 0x003C0E0, 0x00F80E0, 0x03F1FE0, 0x01C0FC0, 0x0000000, 0x0000000, 0x0000000 } }, // 务
  { 0x52A8, { 0x0000000, 0x0000000, 0x0000380, 0x01FE380, 0x03FE380, 0x01FE380, 0x0000FF8, 0x0001FF8, 0x03FFFF8, 0x03FF7B8, 0x03FF738, 0x00E0738, 0x00EC738, 0x00EE738, 0x01CE738, 0x01CF738, 0x01FFF38, 0x03FFE38, 0x03F3E38, 0x0181FF0, 0x0003DF0, 0x00019E0, 0x0000000, 0x0000000, 0x0000000 } }, // 动
  { 0x52C7, { 0x0000000, 0x0000000, 0x00FFFC0, 0x01FFFE0, 0x00FFFC0, 0x001FF00, 0x001FF00, 0x00FFFE0, 0x00FFFE0, 0x00FFFE0, 0x00FFFE0, 0x00E38E0, 0x00FFFE0, 0x00FFFE0, 0x00C3860, 0x01FFFF0, 0x01FFFF0, 0x01FFFF0, 0x001E070, 0x00FE0E0, 0x03F87E0, 0x01E07C0, 0x0000000, 0x0000000, 0x0000000 } }, // 勇
  { 0x52FF, { 0x0000000, 0x0000000, 0x0030000, 0x0038000, 0x0078000, 0x007FFF8, 0x00FFFF8, 0x00FFFF8, 0x01EF738, 0x01CE738, 0x03CE738, 0x039E738, 0x019CE38, 0x003CE78, 0x0038E70, 0x0071C70, 0x00F1C70, 0x01E3870, 0x03C7870, 0x018F0F0, 0x001F7F0, 0x000E3E0, 0x0000380, 0x0000000, 0x0000000 } }, // 勿
  { 0x5305, { 0x0000000, 0x0000000, 0x0000000, 0x003C000, 0x0038000, 0x007FFE0, 0x007FFF0, 0x00FFFF0, 0x01E0070, 0x03E0070, 0x03FFC70, 0x01FFC70, 0x0071C70, 0x0071C70, 0x007FCF0, 0x007FFE0, 0x007FFE0, 0x00703C0, 0x0070018, 0x0070038, 0x007FFF8, 0x003FFF8, 0x001FFE0, 0x0000000, 0x0000000 } }, // 包
  { 0x5316, { 0x0000000, 0x0000000, 0x0010800, 0x003DE00, 0x0039E00, 0x0079E30, 0x0071E78, 0x00F1E78, 0x01F1CF0, 0x03F1FE0, 0x03F1FC0, 0x03F1F80, 0x0171F00, 0x0073E00, 0x007FC00, 0x007FE10, 0x007FE38, 0x0071E3C, 0x0071C38, 0x0071FF8, 0x0070FF8, 0x0070FF0, 0x0060000, 0x0000000, 0x0000000 } }, // 化
  { 0x533A, { 0x0000000, 0x0000000, 0x0000000, 0x01FFFF8, 0x03FFFF8, 0x01FFFF0, 0x01800C0, 0x01DC1C0, 0x019E3C0, 0x01CF780, 0x0187F00, 0x0183E00, 0x0183F00, 0x0187F80, 0x018F7C0, 0x01FE3E0, 0x01FC1E0, 0x01980C0, 0x01C0000, 0x01FFFF8, 0x03FFFF8, 0x01FFFF8, 0x0000000, 0x0000000, 0x0000000 } }, // 区
  { 0x5343, { 0x0000000, 0x0000000, 0x00001C0, 0x0007FE0, 0x01FFFE0, 0x01FFF00, 0x00FB800, 0x0003800, 0x0003800, 0x0003800, 0x03FFFF8, 0x03FFFF8, 0x03FFFF8, 0x0003800, 0x0003800, 0x0003800, 0x0003800, 0x0003800, 0x0003800, 0x0003800, 0x0003800, 0x0003800, 0x0000000, 0x0000000, 0x0000000 } }, // 千
  { 0x5347, { 0x0000000, 0x0000000, 0x0003380, 0x001FB80, 0x007FB80, 0x03FE380, 0x03F8380, 0x0138380, 0x0038380, 0x0038380, 0x03FFFF8, 0x03FFFF8, 0x03FFFF8, 0x0038380, 0x0038380, 0x0038380, 0x0078380, 0x00F0380, 0x00F0380, 0x03E0380, 0x03C0380, 0x0180380, 0x0000000, 0x0000000, 0x0000000 } }, // 升
  { 0x534A, { 0x0000000, 0x0000000, 0x0003800, 0x00E38E0, 0x00E38E0, 0x00F39E0, 0x00739C0, 0x00739C0, 0x0023800, 0x01FFFF0, 0x01FFFF0, 0x01FFFF0, 0x0003800, 0x0003800, 0x03FFFF8, 0x03FFFF8, 0x03FFFF8, 0x0003800, 0x0003800, 0x0003800, 0x0003800, 0x0003800, 0x0003800, 0x0000000, 0x0000000 } }, // 半
  { 0x5360, { 0x0000000, 0x0000000, 0x0003800, 0x0003800, 0x0003800, 0x0003800, 0x0003FF8, 0x0003FF8, 0x0003FF8, 0x0003800, 0x0003800, 0x0003800, 0x00FFFE0, 0x00FFFE0, 0x00FFFE0, 0x00E00E0, 0x00E00E0, 0x00E00E0, 0x00E00E0, 0x00FFFE0, 0x00FFFE0, 0x00FFFE0, 0x00C0060, 0x0000000, 0x0000000 } }, // 占
  { 0x5361, { 0x0000000, 0x0000000, 0x0003000, 0x0007800, 0x0007800, 0x0007FE0, 0x0007FE0, 0x0007FE0, 0x0007000, 0x0007800, 0x03FFFF8, 0x03FFFF8, 0x03FFFF8, 0x0007800, 0x0007E00, 0x0007F80, 0x0007FF0, 0x0007BF0, 0x00078F0, 0x0007800, 0x0007800, 0x0007800, 0x0003000, 0x0000000, 0x0000000 } }, // 卡
  { 0x5373, { 0x0000000, 0x0000000, 0x01FF7F0, 0x01FF7F8, 0x01FF7F8, 0x01C7738, 0x01D7738, 0x01FF738, 0x01FF738, 0x01C7738, 0x01C7738, 0x01FF738, 0x01FF738, 0x01C6738, 0x01CC738, 0x01DE7F8, 0x01CE7F8, 0x01FF7F0, 0x03FF700, 0x03F7700, 0x0182700, 0x0000700, 0x0000000, 0x0000000, 0x0000000 } }, // 即
  { 0x5378, { 0x0000000, 0x0000000, 0x00C0000, 0x00E07F0, 0x01E07F8, 0x01FF7F8, 0x03FF738, 0x03B8738, 0x0338738, 0x03FFF38, 0x03FFF38, 0x03FFF38, 0x0038738, 0x01BF738, 0x01BF738, 0x01BF738, 0x01B87F8, 0x01BB7F8, 0x01FFFF0, 0x07FFF00, 0x03FC700, 0x0300700, 0x0000600, 0x0000000, 0x0000000 } }, // 卸
  { 0x5386, { 0x0000000, 0x0000000, 0x01FFFF8, 0x01FFFF8, 0x01FFFF8, 0x01C0000, 0x01C1C00, 0x01C1C00, 0x01C1C00, 0x01FFFF0, 0x01FFFF0, 0x01DFFF0, 0x01C3870, 0x01C3870, 0x01C3870, 0x01C3870, 0x03C7070, 0x038F070, 0x039E0F0, 0x03BC7F0, 0x07B87E0, 0x01103C0, 0x0000000, 0x0000000, 0x0000000 } }, // 历
  { 0x53C2, { 0x0000000, 0x0000000, 0x0006000, 0x000F700, 0x003E780, 0x00FFFE0, 0x00FFFF0, 0x00FFFF0, 0x000E020, 0x03FFFF8, 0x03FFFF8, 0x03FFFF8, 0x0079BC0, 0x00FFDE0, 0x03FF0F8, 0x03DDF78, 0x018FE30, 0x003F9C0, 0x001C7C0, 0x0007F80, 0x00FFE00, 0x007F000, 0x0070000, 0x0000000, 0x0000000 } }, // 参
  { 0x53CC, { 0x0000000, 0x0000000, 0x0000000, 0x03FFFF8, 0x03FFFF8, 0x03FFFF8, 0x000FC70, 0x019CC70, 0x039CE70, 0x03DCE70, 0x01FCEF0, 0x00FCEE0, 0x00787E0, 0x00787C0, 0x007C3C0, 0x007E3C0, 0x00FE7C0, 0x01EEFE0, 0x03C7EF0, 0x03C7C78, 0x0383830, 0x0100010, 0x0000000, 0x0000000, 0x0000000 } }, // 双
  { 0x53D1, { 0x0000000, 0x0000000, 0x0003800, 0x00739C0, 0x00739E0, 0x00F78E0, 0x00E7860, 0x01FFFF8, 0x01FFFF8, 0x00FFFF8, 0x000F000, 0x000FFE0, 0x001FFF0, 0x001FFE0, 0x003F1E0, 0x007FBC0, 0x00F3F80, 0x01F1F00, 0x03E3F80, 0x03CFFF0, 0x013FBF8, 0x003E0F8, 0x0010010, 0x0000000, 0x0000000 } }, // 发
  { 0x53D6, { 0x0000000, 0x0000000, 0x0102000, 0x03FF000, 0x03FFFF8, 0x01CFFF8, 0x01CEFF8, 0x01FEE38, 0x01FE638, 0x01FE770, 0x01CE770, 0x01DE770, 0x01FE3E0, 0x01FE3E0, 0x01CE3E0, 0x01CF1C0, 0x01FF3C0, 0x03FF3E0, 0x03FE7F0, 0x020EF78, 0x000FE38, 0x000EC10, 0x0000000, 0x0000000, 0x0000000 } }, // 取
  { 0x53D8, { 0x0000000, 0x0000000, 0x0003800, 0x0003800, 0x03FFFF8, 0x03FFFF8, 0x03FFFF8, 0x007EEC0, 0x00FEFE0, 0x01FEFF0, 0x03DEE78, 0x019EF30, 0x000C600, 0x00FFFC0, 0x01FFFE0, 0x00FFFC0, 0x0038380, 0x001EF80, 0x000FE00, 0x003FF80, 0x03FFFF8, 0x03F87F8, 0x0180070, 0x0000000, 0x0000000 } }, // 变
  { 0x53E0, { 0x0000000, 0x0000000, 0x0000000, 0x007FFC0, 0x007FF80, 0x003FF00, 0x007FFC0, 0x01FEFF0, 0x01FFFF0, 0x01FEFF0, 0x01FCFE0, 0x03FEFF0, 0x03FFFF8, 0x03FFFF8, 0x03FFFB8, 0x017FFD8, 0x007FFC0, 0x007FFC0, 0x007FFC0, 0x007FFC0, 0x03FFFF8, 0x03FFFF8, 0x0000000, 0x0000000, 0x0000000 } }, // 叠
  { 0x53E3, { 0x0000000, 0x0000000, 0x0000000, 0x01FFFF0, 0x01FFFF0, 0x01FFFF0, 0x01C0070, 0x01C0070, 0x01C0070, 0x01C0070, 0x01C0070, 0x01C0070, 0x01C0070, 0x01C0070, 0x01C0070, 0x01C0070, 0x01C0070, 0x01FFFF0, 0x01FFFF0, 0x01FFFF0, 0x01C0070, 0x0000000, 0x0000000, 0x0000000, 0x0000000 } }, // 口
  { 0x53EA, { 0x0000000, 0x0000000, 0x0000000, 0x00FFFE0, 0x00FFFE0, 0x00FFFE0, 0x00E00E0, 0x00E00E0, 0x00E00E0, 0x00E00E0, 0x00E00E0, 0x00FFFE0, 0x00FFFE0, 0x00FFFE0, 0x0000000, 0x001C700, 0x003C7C0, 0x00783E0, 0x00F01F0, 0x03E00F8, 0x03C0078, 0x0080020, 0x0000000, 0x0000000, 0x0000000 } }, // 只
  { 0x53ED, { 0x0000000, 0x0000000, 0x00000C0, 0x03F9DC0, 0x03F9DC0, 0x03F9DC0, 0x03B9CC0, 0x03B9CC0, 0x03B9CE0, 0x03B9CE0, 0x03B9CE0, 0x03BBCE0, 0x03BB8E0, 0x03BB8E0, 0x03FB8F0, 0x03FB870, 0x03FF870, 0x0387078, 0x010F038, 0x000E038, 0x0006010, 0x0000000, 0x0000000, 0x0000000, 0x0000000 } }, // 叭
  { 0x53EF, { 0x0000000, 0x0000000, 0x0000000, 0x03FFFF8, 0x03FFFF8, 0x03FFFF8, 0x00000E0, 0x00000E0, 0x00FF8E0, 0x00FF8E0, 0x00FF8E0, 0x00E38E0, 0x00E38E0, 0x00E38E0, 0x00FF8E0, 0x00FF8E0, 0x00FF8E0, 0x00E00E0, 0x00C00E0, 0x0000FE0, 0x0000FE0, 0x0000FC0, 0x0000000, 0x0000000, 0x0000000 } }, // 可
  { 0x53F3, { 0x0000000, 0x0000000, 0x0006000, 0x0007000, 0x000F000, 0x000E000, 0x03FFFF8, 0x03FFFF8, 0x03FFFF8, 0x001C000, 0x0038000, 0x0038000, 0x007FFF0, 0x00FFFF0, 0x01FFFF0, 0x03F80F0, 0x03F80F0, 0x03B80F0, 0x00380F0, 0x003FFF0, 0x003FFF0, 0x003FFF0, 0x0038060, 0x0000000, 0x0000000 } }, // 右
  { 0x53F7, { 0x0000000, 0x0000000, 0x0000000, 0x00FFFE0, 0x00FFFE0, 0x00E01E0, 0x00E01E0, 0x00FFFE0, 0x00FFFE0, 0x0000000, 0x03FFFF8, 0x03FFFF8, 0x03FFFF8, 0x0038000, 0x007FFC0, 0x007FFE0, 0x007FFC0, 0x00001C0, 0x00001C0, 0x0003BC0, 0x0003F80, 0x0003F80, 0x0000000, 0x0000000, 0x0000000 } }, // 号
  { 0x5403, { 0x0000000, 0x0000000, 0x0000000, 0x0001C00, 0x0001C00, 0x03F9C00, 0x03FBFF8, 0x03FBFF8, 0x03BFFF8, 0x03BF000, 0x03BFFE0, 0x03BBFF0, 0x03B9FE0, 0x03B83C0, 0x03B8780, 0x03F8F00, 0x03F9E00, 0x03FB818, 0x038781C, 0x010701C, 0x0007FF8, 0x0003FF8, 0x0001FF0, 0x0000000, 0x0000000 } }, // 吃
  { 0x5404, { 0x0000000, 0x0000000, 0x000C000, 0x000E000, 0x001FFC0, 0x003FFE0, 0x007FFE0, 0x01FC3C0, 0x03FEF80, 0x01CFF00, 0x000FE00, 0x003FFC0, 0x03FEFF8, 0x03F83F8, 0x03FFFF8, 0x007FFC0, 0x007FFC0, 0x00701C0, 0x00701C0, 0x007FFC0, 0x007FFC0, 0x007FFC0, 0x00701C0, 0x0000000, 0x0000000 } }, // 各
  { 0x5408, { 0x0000000, 0x0000000, 0x0001800, 0x0001C00, 0x0003C00, 0x0007E00, 0x001FF00, 0x003E7C0, 0x00FC3E0, 0x03FFFF8, 0x03FFFF8, 0x01BFFB0, 0x0000000, 0x007FFC0, 0x007FFE0, 0x007FFE0, 0x00700E0, 0x00700E0, 0x00700E0, 0x007FFE0, 0x007FFE0, 0x007FFE0, 0x00600C0, 0x0000000, 0x0000000 } }, // 合
  { 0x5409, { 0x0000000, 0x0000000, 0x0003800, 0x0003800, 0x0003800, 0x03FFFF8, 0x03FFFF8, 0x03FFFF8, 0x0003800, 0x0003800, 0x01FFFF0, 0x01FFFF0, 0x00FFFE0, 0x0000000, 0x00FFFE0, 0x00FFFE0, 0x00F7FE0, 0x00E00E0, 0x00E00E0, 0x00FFFE0, 0x00FFFE0, 0x00FFFE0, 0x00E00E0, 0x0000000, 0x0000000 } }, // 吉
  { 0x540C, { 0x0000000, 0x0000000, 0x0000000, 0x03FFFF8, 0x03FFFF8, 0x03FFFF8, 0x0380038, 0x03BFFB8, 0x03BFFB8, 0x0380038, 0x0380038, 0x039FF38, 0x039FF38, 0x039C738, 0x039C738, 0x039C738, 0x039FF38, 0x039FF38, 0x039C038, 0x03981F8, 0x03801F0, 0x03801F0, 0x0000000, 0x0000000, 0x0000000 } }, // 同
  { 0x540D, { 0x0000000, 0x0000000, 0x0006000, 0x000F000, 0x001FFC0, 0x003FFE0, 0x00FFFE0, 0x03F03C0, 0x03F8780, 0x01BCF80, 0x003FF00, 0x000FE00, 0x001F800, 0x00FFFE0, 0x03FFFE0, 0x03FFFE0, 0x01B80E0, 0x00380E0, 0x00380E0, 0x003FFE0, 0x003FFE0, 0x003FFE0, 0x00300E0, 0x0000000, 0x0000000 } }, // 名
  { 0x540E, { 0x0000000, 0x0000000, 0x00003E0, 0x007FFF0, 0x00FFFF0, 0x00FFE00, 0x00E0000, 0x00E0000, 0x00FFFFC, 0x00FFFFC, 0x00FFFF8, 0x00E0000, 0x00EFFF0, 0x01FFFF0, 0x01DFFF0, 0x01DE070, 0x01DC070, 0x01DC070, 0x03DFFF0, 0x039FFF0, 0x039FFF0, 0x011E070, 0x0000000, 0x0000000, 0x0000000 } }, // 后
  { 0x5411, { 0x0000000, 0x0000000, 0x0002000, 0x0007800, 0x0007000, 0x0007000, 0x01FFFF0, 0x01FFFF0, 0x01FFFF0, 0x01C0070, 0x01C0070, 0x01DFF70, 0x01DFF70, 0x01DC770, 0x01DC770, 0x01DC770, 0x01DFF70, 0x01DFF70, 0x01DC070, 0x01DC070, 0x01C03F0, 0x01C03F0, 0x01801C0, 0x0000000, 0x0000000 } }, // 向
  { 0x5417, { 0x0000000, 0x0000000, 0x0000000, 0x01F7FF0, 0x03FFFF0, 0x03FBFE0, 0x03FB8E0, 0x03BB8E0, 0x03BB8E0, 0x03BB8E0, 0x03BB8E0, 0x03BBFF8, 0x03BBFF8, 0x03BBFF8, 0x03F8038, 0x03FFFB8, 0x03FFFF8, 0x0387FF8, 0x0180070, 0x0000070, 0x00003F0, 0x00001E0, 0x0000000, 0x0000000, 0x0000000 } }, // 吗
  { 0x541B, { 0x0000000, 0x0000000, 0x0000000, 0x00FFFE0, 0x00FFFE0, 0x00070E0, 0x03FFFF8, 0x03FFFF8, 0x03FFFF8, 0x000E0E0, 0x00FFFE0, 0x00FFFE0, 0x00FFFE0, 0x0078000, 0x00FFFF0, 0x01FFFF0, 0x03FC0F0, 0x03B80F0, 0x01380F0, 0x003FFF0, 0x003FFF0, 0x00380F0, 0x0000000, 0x0000000, 0x0000000 } }, // 君
  { 0x5426, { 0x0000000, 0x0000000, 0x03FFFF8, 0x03FFFF8, 0x03FFFF8, 0x0007C00, 0x000F900, 0x003FFC0, 0x00FFBF0, 0x03FB9F8, 0x03E3878, 0x0183810, 0x0003800, 0x00FFFE0, 0x00FFFE0, 0x00F01E0, 0x00E00E0, 0x00E00E0, 0x00FFFE0, 0x00FFFE0, 0x00FFFE0, 0x00E00E0, 0x0000000, 0x0000000, 0x0000000 } }, // 否
  { 0x542F, { 0x0000000, 0x0000000, 0x0001000, 0x0003800, 0x0003800, 0x00FFFF0, 0x00FFFF0, 0x00FFFF0, 0x00E0070, 0x00FFFF0, 0x00FFFF0, 0x00FFFF0, 0x00E0000, 0x00EFFF0, 0x00FFFF0, 0x01FFFF0, 0x01DC070, 0x01DC070, 0x01DC070, 0x03DFFF0, 0x039FFF0, 0x039FFF0, 0x0118030, 0x0000000, 0x0000000 } }, // 启
  { 0x5446, { 0x0000000, 0x0000000, 0x007FFC0, 0x00FFFE0, 0x00FFFE0, 0x00E00E0, 0x00E00E0, 0x00FFFE0, 0x00FFFE0, 0x00FFFE0, 0x0003800, 0x0003800, 0x03FFFF8, 0x03FFFF8, 0x03FFFF8, 0x000FE00, 0x003FF80, 0x007FFC0, 0x01F3BF8, 0x03E38F8, 0x03C3870, 0x0103800, 0x0000000, 0x0000000, 0x0000000 } }, // 呆
  { 0x544A, { 0x0000000, 0x0000000, 0x0021800, 0x0073C00, 0x0073C00, 0x00FFFF0, 0x01FFFF0, 0x01FFFE0, 0x03C3C00, 0x0183C00, 0x03FFFF8, 0x03FFFF8, 0x01FFFF0, 0x0000000, 0x00FFFE0, 0x00FFFE0, 0x00FFFE0, 0x00E00E0, 0x00F00E0, 0x00FFFE0, 0x00FFFE0, 0x00FFFE0, 0x00600E0, 0x0000000, 0x0000000 } }, // 告
  { 0x547D, { 0x0000000, 0x0000000, 0x0001800, 0x0003C00, 0x0007C00, 0x001FF00, 0x007EFC0, 0x01FC7F0, 0x03FFFF8, 0x03FFFF8, 0x0101010, 0x00FCFF0, 0x01FEFF0, 0x01FEFF0, 0x01CEE70, 0x01CEE70, 0x01CEE70, 0x01FEEF0, 0x01FEFF0, 0x01C0FE0, 0x01C0E00, 0x0000E00, 0x0000C00, 0x0000000, 0x0000000 } }, // 命
  { 0x548C, { 0x0000000, 0x0000000, 0x000C000, 0x01FE000, 0x03FFFF0, 0x03F8FF8, 0x0078FF8, 0x0070E78, 0x03FFE78, 0x03FFE78, 0x03FFE78, 0x0078E78, 0x00FCE78, 0x00FEE78, 0x01FFE78, 0x01FFE78, 0x03F6E78, 0x0778FF8, 0x0378FF8, 0x0078FF8, 0x0078E70, 0x0078000, 0x0000000, 0x0000000, 0x0000000 } }, // 和
  { 0x54AA, { 0x0000000, 0x0000000, 0x0000300, 0x0000700, 0x03FF738, 0x03FF778, 0x03FBF70, 0x03BBF70, 0x03BBFE0, 0x03BB760, 0x03BFFF8, 0x03BFFF8, 0x03BFFF8, 0x03B8FC0, 0x03F9FC0, 0x03F9FE0, 0x03F3FE0, 0x0387F70, 0x038F778, 0x001E738, 0x000C718, 0x0000700, 0x0000300, 0x0000000, 0x0000000 } }, // 咪
  { 0x54C1, { 0x0000000, 0x0000000, 0x007FFC0, 0x007FFC0, 0x007FFC0, 0x00701C0, 0x00701C0, 0x007FFC0, 0x007FFC0, 0x007FFC0, 0x0000000, 0x0000000, 0x03FEFF8, 0x03FEFF8, 0x03FEFF8, 0x038EE38, 0x038EE38, 0x038EE38, 0x03FEFF8, 0x03FEFF8, 0x03FEFF8, 0x018CE30, 0x0000000, 0x0000000, 0x0000000 } }, // 品
  { 0x54C8, { 0x0000000, 0x0000000, 0x0000200, 0x0000700, 0x03F0780, 0x03F8F80, 0x03F8FC0, 0x03B9DE0, 0x03BBCF0, 0x03BFFF8, 0x03BFFF8, 0x03BFFF0, 0x03B8000, 0x03BBFE0, 0x03FBFF0, 0x03FBFF0, 0x03FB870, 0x03838F0, 0x0383870, 0x0003FF0, 0x0003FF0, 0x0003FF0, 0x0003860, 0x0000000, 0x0000000 } }, // 哈
  { 0x54CD, { 0x0000000, 0x0000000, 0x0000600, 0x0000700, 0x03F0700, 0x03F0F00, 0x03F7FF8, 0x03B7FF8, 0x03B7038, 0x03B7038, 0x03B77F8, 0x03B77F8, 0x03B76F8, 0x03B77F8, 0x03F76F8, 0x03F77F8, 0x03F77F8, 0x03876B8, 0x0387438, 0x0007038, 0x00070F8, 0x00070F8, 0x0006060, 0x0000000, 0x0000000 } }, // 响
  { 0x54E5, { 0x0000000, 0x0000000, 0x0000000, 0x03FFFF8, 0x03FFFF8, 0x00000E0, 0x00FFEE0, 0x00FFEE0, 0x00E0EE0, 0x00FFEE0, 0x007FCE0, 0x03FFFF8, 0x03FFFF8, 0x03FFFF8, 0x007FCE0, 0x00FFEE0, 0x00FFEE0, 0x00E1EE0, 0x00FFCE0, 0x00FFFE0, 0x00E07E0, 0x00003C0, 0x0000000, 0x0000000, 0x0000000 } }, // 哥
  { 0x5507, { 0x0000000, 0x0000000, 0x0000000, 0x01FFFF8, 0x01FFFF8, 0x01E0000, 0x01FFFE0, 0x01FFFE0, 0x01FFFF8, 0x01FFFF8, 0x01FFEF0, 0x01DCFF0, 0x01DFFC0, 0x01DFBF8, 0x01DC0F8, 0x01DFFF0, 0x01DFFF0, 0x03DFFF0, 0x039C070, 0x039FFF0, 0x039FFF0, 0x031FFF0, 0x0000000, 0x0000000, 0x0000000 } }, // 唇
  { 0x5524, { 0x0000000, 0x0000000, 0x0000C00, 0x0001E00, 0x03F3FE0, 0x03F3FE0, 0x03F71E0, 0x03BFFF0, 0x03B7FF0, 0x03B7FF0, 0x03B7770, 0x03B7770, 0x03B7770, 0x03B7770, 0x03BFFF8, 0x03FFFF8, 0x03F0F80, 0x03F1FC0, 0x0383DE0, 0x000F8F8, 0x001F078, 0x000C030, 0x0000000, 0x0000000, 0x0000000 } }, // 唤
  { 0x552E, { 0x0000000, 0x0000000, 0x0020800, 0x0071C00, 0x007BFA0, 0x00FFFF0, 0x01FFFF0, 0x03FFFE0, 0x07FFFE0, 0x03E1C00, 0x01FFFE0, 0x00FFFE0, 0x00FFFF0, 0x00FFFF8, 0x00FFFF0, 0x00FFFE0, 0x00FFFE0, 0x00FFFE0, 0x00E00E0, 0x00FFFE0, 0x00FFFE0, 0x00FFFE0, 0x00E0060, 0x0000000, 0x0000000 } }, // 售
  { 0x5546, { 0x0000000, 0x0000000, 0x0001800, 0x0003800, 0x03FFFF8, 0x03FFFF8, 0x03FFFF8, 0x003C380, 0x001C700, 0x01FFFF0, 0x01FFFF0, 0x01FFFF0, 0x01CE770, 0x01FC7F0, 0x01F83F0, 0x01FFFF0, 0x01DFF70, 0x01DC770, 0x01DFF70, 0x01DFF70, 0x01DC1F0, 0x01C01F0, 0x01800C0, 0x0000000, 0x0000000 } }, // 商
  { 0x5566, { 0x0000000, 0x0000000, 0x00070C0, 0x00071C0, 0x03E70E0, 0x03F70E0, 0x03F7FF8, 0x037FFF8, 0x037F830, 0x0377338, 0x0377738, 0x0377338, 0x0377B38, 0x037FB30, 0x03FF3B0, 0x03FF3F0, 0x03F73F0, 0x03873F0, 0x0307360, 0x00077F8, 0x000FFFC, 0x000E7F8, 0x000C000, 0x0000000, 0x0000000 } }, // 啦
  { 0x5582, { 0x0000000, 0x0000000, 0x0003FF0, 0x0007FF8, 0x03F7FF8, 0x03F7338, 0x03F7FF8, 0x03B7FF8, 0x03B7338, 0x03B7FF8, 0x03B7FF8, 0x03B8000, 0x03BFFF8, 0x03BFFFC, 0x03FFFF8, 0x03FBB98, 0x03F39F8, 0x03839F0, 0x0183BE0, 0x0007FF8, 0x0007F7C, 0x0003838, 0x0000000, 0x0000000, 0x0000000 } }, // 喂
  { 0x5587, { 0x0000000, 0x0000000, 0x0003838, 0x0003838, 0x03FFFF8, 0x03FFFF8, 0x03F39F8, 0x0377DF8, 0x037FFF8, 0x037FFF8, 0x037F7F8, 0x037F7F8, 0x037FFF8, 0x037FFF8, 0x03F7DF8, 0x03F7DF8, 0x03EFE38, 0x030FE38, 0x011FE38, 0x003B8F8, 0x001B8F8, 0x00038F0, 0x0000000, 0x0000000, 0x0000000 } }, // 喇
  { 0x559C, { 0x0000000, 0x0000000, 0x0003800, 0x01FFFF0, 0x03FFFF8, 0x01FFFF0, 0x00FFFE0, 0x00FFFE0, 0x007FFE0, 0x007FFC0, 0x007FFE0, 0x007FFE0, 0x007FFE0, 0x0038380, 0x03FFFF8, 0x03FFFF8, 0x03FFFF8, 0x007FFE0, 0x00FFFE0, 0x00E00E0, 0x00FFFE0, 0x00FFFE0, 0x00E00E0, 0x0000000, 0x0000000 } }, // 喜
  { 0x55B5, { 0x0000000, 0x0000000, 0x0001CE0, 0x0001CE0, 0x03FFFF8, 0x03FFFF8, 0x03FFFF8, 0x03B9CE0, 0x03B9CE0, 0x03B8840, 0x03BFFF8, 0x03B7FF8, 0x03B7FF8, 0x03B7338, 0x03F7FF8, 0x03FFFF8, 0x03F7FF8, 0x0387338, 0x01077B8, 0x0007FF8, 0x0007FF8, 0x0007038, 0x0000000, 0x0000000, 0x0000000 } }, // 喵
  { 0x55B7, { 0x0000000, 0x0000000, 0x0000700, 0x0000700, 0x03F7FF8, 0x03F7FF8, 0x03F3760, 0x037FFF8, 0x037FFF8, 0x037FFF8, 0x0373860, 0x0377FF0, 0x0377FF0, 0x0377070, 0x03F7770, 0x03F7770, 0x03F7770, 0x0307770, 0x0301FE0, 0x0007DF8, 0x001F87C, 0x000E018, 0x0000000, 0x0000000, 0x0000000 } }, // 喷
  { 0x560E, { 0x0000000, 0x0000000, 0x0007FF0, 0x000FFF8, 0x03FFFF8, 0x03F7FF0, 0x03F7FF0, 0x0337FF0, 0x03B7FF0, 0x03B7FF0, 0x03B7FF0, 0x03B7070, 0x0337FF0, 0x03F7FF0, 0x03F1FF8, 0x03FFFF8, 0x038FE70, 0x03007E0, 0x00007D8, 0x0007FDC, 0x000FFF8, 0x00040F8, 0x0000000, 0x0000000, 0x0000000 } }, // 嘎
  { 0x561F, { 0x0000000, 0x0000000, 0x0007000, 0x03E77F8, 0x03EFFF8, 0x03FFFF8, 0x036FFD8, 0x0367DF8, 0x037FFF0, 0x037FFF0, 0x03671F0, 0x036F1F0, 0x037FFF8, 0x037FFD8, 0x037EFD8, 0x03EFFD8, 0x03EFFD8, 0x030FFF8, 0x030EFF0, 0x000FFC0, 0x000FFC0, 0x000EFC0, 0x0000000, 0x0000000, 0x0000000 } }, // 嘟
  { 0x5634, { 0x0000000, 0x0000000, 0x0001DC0, 0x000FFF8, 0x03EFFF8, 0x03EFDC0, 0x03EFFF8, 0x037FFF8, 0x037FC00, 0x0373FE0, 0x0367FE0, 0x037FFF0, 0x037FFF8, 0x036FFF8, 0x03F7FF8, 0x03F7FF8, 0x03E7738, 0x0307FF8, 0x0307FF8, 0x000E338, 0x001E3F8, 0x000C370, 0x0000000, 0x0000000, 0x0000000 } }, // 嘴
  { 0x5668, { 0x0000000, 0x0000000, 0x0000000, 0x01FEFF0, 0x01FEFF0, 0x01CEE70, 0x01CEE70, 0x01FEFF0, 0x01FEFF0, 0x00073C0, 0x000F3C0, 0x03FFFF8, 0x03FFFF8, 0x00787C0, 0x01F03F0, 0x03FEFF8, 0x03FEFF8, 0x01FEFF0, 0x00CEE70, 0x01FEFF0, 0x01FEFF0, 0x01FEFF0, 0x0000000, 0x0000000, 0x0000000 } }, // 器
  { 0x56DB, { 0x0000000, 0x0000000, 0x0000000, 0x01FFFF0, 0x03FFFF8, 0x03FFFF8, 0x038EE78, 0x038EE78, 0x038EE78, 0x039CE78, 0x039CE78, 0x039CE78, 0x03BCFF8, 0x03F87F8, 0x03F87F8, 0x03B0078, 0x03C0078, 0x03FFFF8, 0x03FFFF8, 0x03FFFF8, 0x0380030, 0x0000000, 0x0000000, 0x0000000, 0x0000000 } }, // 四
  { 0x56DE, { 0x0000000, 0x0000000, 0x01FFFF0, 0x03FFFF8, 0x03FFFF8, 0x03C0078, 0x0380078, 0x0380078, 0x039FF78, 0x039FF78, 0x039C778, 0x039C778, 0x039C778, 0x039C778, 0x039FF78, 0x039FF78, 0x0380078, 0x0380038, 0x03FFFF8, 0x03FFFF8, 0x03FFFF8, 0x0380078, 0x0000000, 0x0000000, 0x0000000 } }, // 回
  { 0x56ED, { 0x0000000, 0x0000000, 0x0000000, 0x03FFFF8, 0x03FFFF8, 0x03FFFF8, 0x039FF38, 0x03BFFB8, 0x039FF38, 0x0380038, 0x03FFFF8, 0x03FFFF8, 0x038EC38, 0x038EC38, 0x039CDF8, 0x039CDF8, 0x03F8FF8, 0x03F0FB8, 0x03FFFF8, 0x03FFFF8, 0x03FFFF8, 0x0380038, 0x0000000, 0x0000000, 0x0000000 } }, // 园
  { 0x56F4, { 0x0000000, 0x0000000, 0x0000000, 0x03FFFF8, 0x03FFFF8, 0x0383838, 0x03BFFB8, 0x03BFFB8, 0x03BFFB8, 0x039FF38, 0x03BFFB8, 0x039FF38, 0x0383838, 0x03FFFF8, 0x03FFFF8, 0x03839B8, 0x0383FB8, 0x0383F38, 0x0383838, 0x03FFFF8, 0x03FFFF8, 0x0380038, 0x0000000, 0x0000000, 0x0000000 } }, // 围
  { 0x56FA, { 0x0000000, 0x0000000, 0x01FFFF0, 0x03FFFF8, 0x03FFFF8, 0x0383838, 0x0383838, 0x03BFFB8, 0x03BFFF8, 0x03BFFB8, 0x0383838, 0x039FF38, 0x039FF38, 0x0398338, 0x0398338, 0x039FF38, 0x039FF38, 0x0380038, 0x03FFFF8, 0x03FFFF8, 0x03FFFF8, 0x0180030, 0x0000000, 0x0000000, 0x0000000 } }, // 固
  { 0x56FE, { 0x0000000, 0x0000000, 0x01FFFF0, 0x03FFFF8, 0x03FFFF8, 0x0386038, 0x038FF38, 0x039FFB8, 0x03FFFB8, 0x03FEF38, 0x03A7E38, 0x039FFB8, 0x03FFFF8, 0x03FFBF8, 0x0387E38, 0x038DC38, 0x039FC38, 0x039FF38, 0x0380F38, 0x03FFFF8, 0x03FFFF8, 0x03C0078, 0x0000000, 0x0000000, 0x0000000 } }, // 图
  { 0x5706, { 0x0000000, 0x0000000, 0x01FFFF8, 0x03FFFF8, 0x03FFFF8, 0x039FF38, 0x03BFFB8, 0x03B83B8, 0x03BFFB8, 0x03BFFB8, 0x03BFFB8, 0x03BFFB8, 0x03BFFB8, 0x03BBBB8, 0x03BBBB8, 0x03BFFB8, 0x039FF38, 0x03FEFF8, 0x03B81B8, 0x03FFFF8, 0x03FFFF8, 0x03FFFF8, 0x0000000, 0x0000000, 0x0000000 } }, // 圆
  { 0x5708, { 0x0000000, 0x0000000, 0x0000000, 0x03FFFF8, 0x03FFFF8, 0x0393B38, 0x039BB38, 0x03BFFB8, 0x03BFFB8, 0x0387038, 0x03FFFF8, 0x03FFFF8, 0x03BFFB8, 0x03FFFF8, 0x03FCCB8, 0x038DC38, 0x038DBB8, 0x038FF38, 0x0387F38, 0x03FFFF8, 0x03FFFF8, 0x0380038, 0x0000000, 0x0000000, 0x0000000 } }, // 圈
  { 0x5723, { 0x0000000, 0x0000000, 0x0000000, 0x01FFFC0, 0x01FFFE0, 0x01FFFE0, 0x00783C0, 0x003CF80, 0x001FF00, 0x001FF00, 0x03FFFF8, 0x03FCFF8, 0x03E39F8, 0x0003800, 0x007FFC0, 0x00FFFE0, 0x00FFFE0, 0x0003800, 0x0003800, 0x03FFFF8, 0x03FFFF8, 0x03FFFF8, 0x0000000, 0x0000000, 0x0000000 } }, // 圣
  { 0x5728, { 0x0000000, 0x0000000, 0x0004000, 0x000F000, 0x000E000, 0x03FFFF8, 0x03FFFF8, 0x03FFFF8, 0x003C000, 0x0038700, 0x0078700, 0x00F0700, 0x01E7FF0, 0x03E7FF0, 0x07E7FF0, 0x03E0700, 0x00E0700, 0x00E0700, 0x00E0700, 0x00E7FF0, 0x00EFFF8, 0x00EFFF8, 0x0060000, 0x0000000, 0x0000000 } }, // 在
  { 0x5730, { 0x0000000, 0x0000000, 0x0000000, 0x00E0380, 0x00E0380, 0x00E3380, 0x00E3B80, 0x00E3BF8, 0x07FB3F8, 0x07FBFF8, 0x03F7FB8, 0x00EFFB8, 0x00EFBB8, 0x00EF3B8, 0x00E33B8, 0x00FB3F8, 0x01FB3F0, 0x07F3380, 0x03C301C, 0x030381C, 0x0003FF8, 0x0003FF8, 0x0001FF0, 0x0000000, 0x0000000 } }, // 地
  { 0x573A, { 0x0000000, 0x0000000, 0x00E0000, 0x00E7FE0, 0x00E7FE0, 0x00E7FC0, 0x00E0780, 0x03F9F00, 0x03FBFF8, 0x03FFFF8, 0x00E7FF8, 0x00E1DF8, 0x00E1DB8, 0x00E3BB8, 0x00E3BB8, 0x00FF738, 0x03FE738, 0x07F0E38, 0x03C1E78, 0x0203DF0, 0x00079F0, 0x00031E0, 0x0000000, 0x0000000, 0x0000000 } }, // 场
  { 0x5740, { 0x0000000, 0x0000000, 0x0040180, 0x00E0380, 0x00E0380, 0x00E0380, 0x00E0380, 0x03FB380, 0x07FFB80, 0x03FF3F8, 0x00E7BF8, 0x00E7BF8, 0x00E7B80, 0x00E7B80, 0x00FFB80, 0x00FFB80, 0x03FFB80, 0x03E3B80, 0x0383380, 0x000FFF8, 0x001FFFC, 0x001FFFC, 0x0000000, 0x0000000, 0x0000000 } }, // 址
  { 0x574F, { 0x0000000, 0x0000000, 0x00E0000, 0x00EFFF8, 0x00EFFF8, 0x00EFFF8, 0x00E0780, 0x03F8700, 0x03F8F00, 0x03F8FC0, 0x00E1FE0, 0x00E3FF0, 0x00E3F70, 0x00E7F78, 0x00EF738, 0x00FE710, 0x03F8700, 0x07F0700, 0x03C0700, 0x0200700, 0x0000700, 0x0000700, 0x0000000, 0x0000000, 0x0000000 } }, // 坏
  { 0x5757, { 0x0000000, 0x0000000, 0x00E0E00, 0x00E0E00, 0x00E0E00, 0x00E7FF0, 0x00E7FF0, 0x03FFFF0, 0x03F8E70, 0x03F0E70, 0x00E0E70, 0x00E7FF8, 0x00E7FF8, 0x00FFFF8, 0x00F8F80, 0x03F9F80, 0x03F1DC0, 0x03C3DE0, 0x03078F0, 0x001F0F8, 0x001E078, 0x000C030, 0x0000000, 0x0000000, 0x0000000 } }, // 块
  { 0x575B, { 0x0000000, 0x0000000, 0x0000000, 0x00E0000, 0x00E3FF0, 0x00E3FF0, 0x00E3FF0, 0x07F8000, 0x07F8000, 0x03F8000, 0x00E7FF8, 0x00E7FF8, 0x00E7FF8, 0x00E0E00, 0x00E1E40, 0x00F9CE0, 0x00FBCF0, 0x03FB870, 0x07E7FF0, 0x030FFF8, 0x0007FF8, 0x0007038, 0x0000010, 0x0000000, 0x0000000 } }, // 坛
  { 0x57C3, { 0x0000000, 0x0000000, 0x0040400, 0x00E0E40, 0x00E1EE0, 0x00E3CE0, 0x00E7FF0, 0x03FFFF8, 0x03FFFF8, 0x03FB800, 0x00E3FF0, 0x00E7FF8, 0x00E7FF8, 0x00E6700, 0x00FFFF8, 0x01FFFF8, 0x07F7FF8, 0x03C0F80, 0x0301FC0, 0x0003DF0, 0x000F8F8, 0x000F038, 0x0004000, 0x0000000, 0x0000000 } }, // 埃
  { 0x57CE, { 0x0000000, 0x0000000, 0x00C01A0, 0x00C03F0, 0x00C03B8, 0x00CFFF8, 0x00CFFF8, 0x03FFFF8, 0x03FE180, 0x03FE180, 0x00CFFB8, 0x00CFFF8, 0x00CEFF8, 0x00CEFF0, 0x00CEFF0, 0x00FEDF0, 0x01FEDE0, 0x03FFDC8, 0x03DFFEC, 0x031C7FC, 0x003CFF8, 0x0038E78, 0x0000410, 0x0000000, 0x0000000 } }, // 城
  { 0x57DF, { 0x0000000, 0x0000000, 0x00C01A0, 0x01C03F0, 0x01C03B8, 0x01CFFF8, 0x01CFFF8, 0x03FFFF8, 0x07F0380, 0x03FFFB8, 0x01CFDB8, 0x01CEDF0, 0x01CEDF0, 0x01CFDF0, 0x01EFDE0, 0x01FFDE0, 0x01F0FC0, 0x07FFFC0, 0x039FFE8, 0x031E7FC, 0x0000FF8, 0x0000E78, 0x0000030, 0x0000000, 0x0000000 } }, // 域
  { 0x57FA, { 0x0000000, 0x0000000, 0x0000000, 0x00301C0, 0x01FFFF0, 0x01FFFF8, 0x01FFFF0, 0x003FFC0, 0x007FFC0, 0x00783C0, 0x007FFC0, 0x007FFC0, 0x00783C0, 0x07FFFFC, 0x07FFFFC, 0x007B9C0, 0x00F39F0, 0x03FFFF8, 0x03FFFB8, 0x0103810, 0x00FFFE0, 0x01FFFF0, 0x00FFFF0, 0x0000000, 0x0000000 } }, // 基
  { 0x5821, { 0x0000000, 0x0000000, 0x0020000, 0x0077FE0, 0x0077FF0, 0x00E70F0, 0x01E7FF0, 0x03E7FF0, 0x03E0F00, 0x03FFFF8, 0x01FFFF8, 0x00E7FE0, 0x00EF7F0, 0x00FE678, 0x00ECF30, 0x00E3E00, 0x01FFFE0, 0x01FFFF0, 0x00FFFE0, 0x0003800, 0x07FFFFC, 0x07FFFFC, 0x0000000, 0x0000000, 0x0000000 } }, // 堡
  { 0x5854, { 0x0000000, 0x0000000, 0x00C18C0, 0x00E38E0, 0x00EFFF8, 0x00EFFF8, 0x00CFFF8, 0x03F3EE0, 0x03F9FC0, 0x03F1F80, 0x00E7DE0, 0x00FF8F8, 0x00FFFF8, 0x00EDFD0, 0x00E0000, 0x00F3FF0, 0x00FFFF0, 0x03FFFF0, 0x03E7070, 0x0307FF0, 0x0007FF0, 0x0007FF0, 0x0003060, 0x0000000, 0x0000000 } }, // 塔
  { 0x5858, { 0x0000000, 0x0000000, 0x00C0700, 0x00C0700, 0x00C7FF8, 0x00CFFF8, 0x00CFFF8, 0x03FE380, 0x07FFFF0, 0x03FEFF0, 0x00EFFF8, 0x00CFFF8, 0x00CE3F8, 0x00CFFF0, 0x00CFFF0, 0x00FE380, 0x01FFFF0, 0x03FFFF0, 0x03CDC30, 0x031DC30, 0x001DFF0, 0x0019FF0, 0x0009830, 0x0000000, 0x0000000 } }, // 塘
  { 0x5893, { 0x0000000, 0x0000000, 0x0000000, 0x0038380, 0x03FFFF8, 0x03FFFF8, 0x0038380, 0x00FFFE0, 0x00FFFE0, 0x00FFFE0, 0x00FFFE0, 0x00E00E0, 0x00FFFE0, 0x00FFFE0, 0x03FFFF8, 0x03FFFF8, 0x00F39E0, 0x03FFFF8, 0x03FFFF8, 0x0303818, 0x00FFFF0, 0x01FFFF0, 0x01FFFF0, 0x0000000, 0x0000000 } }, // 墓
  { 0x5899, { 0x0000000, 0x0000000, 0x00C0700, 0x01C0700, 0x01CFFF8, 0x01CFFF8, 0x00C7770, 0x03F7770, 0x03F3FE0, 0x03FFFF8, 0x01CFFFC, 0x01CFFF8, 0x01C0000, 0x01CFFF8, 0x00FFFF8, 0x01FEFB8, 0x03FFFF8, 0x03CFDF8, 0x030EFB8, 0x000FFF8, 0x000FFF8, 0x000FFF8, 0x0006030, 0x0000000, 0x0000000 } }, // 墙
  { 0x58A8, { 0x0000000, 0x0000000, 0x0000000, 0x00FFFE0, 0x00FFFE0, 0x00FBBE0, 0x00FBFE0, 0x00FFFE0, 0x00FFFE0, 0x00FFFF0, 0x00FFFF0, 0x0003800, 0x03FFFF8, 0x03FFFF8, 0x00ECEE0, 0x01CEE70, 0x038FE38, 0x01FFFE0, 0x00FFFE0, 0x00FFFE0, 0x03FFFF8, 0x03FFFF8, 0x0000000, 0x0000000, 0x0000000 } }, // 墨
  { 0x58EB, { 0x0000000, 0x0000000, 0x0000000, 0x0003800, 0x0003800, 0x0003800, 0x0003800, 0x0003800, 0x0003800, 0x03FFFF8, 0x03FFFF8, 0x03FFFF8, 0x0003800, 0x0003800, 0x0003800, 0x0003800, 0x0003800, 0x0003800, 0x0003800, 0x01FFFF0, 0x01FFFF0, 0x01FFFF0, 0x0000000, 0x0000000, 0x0000000 } }, // 士
  { 0x58F0, { 0x0000000, 0x0000000, 0x0003800, 0x0003800, 0x03FFFF8, 0x03FFFF8, 0x0003800, 0x00FFFF0, 0x01FFFF0, 0x00FFFF0, 0x0000000, 0x00FFFF0, 0x00FFFF0, 0x00E3870, 0x00E3870, 0x00FFFF0, 0x01FFFF0, 0x01FFFF0, 0x01C0060, 0x03C0000, 0x0380000, 0x0380000, 0x0100000, 0x0000000, 0x0000000 } }, // 声
  { 0x58F3, { 0x0000000, 0x0000000, 0x0003800, 0x0003800, 0x03FFFF8, 0x03FFFF8, 0x0103810, 0x00FFFE0, 0x00FFFE0, 0x00FFFE0, 0x0000000, 0x03FFFF8, 0x03FFFF8, 0x0380038, 0x039FF38, 0x019FF30, 0x001D700, 0x003C700, 0x0038718, 0x00F871C, 0x03F03F8, 0x03E03F8, 0x03801F0, 0x0000000, 0x0000000 } }, // 壳
  { 0x5904, { 0x0000000, 0x0000000, 0x0040700, 0x0070700, 0x0070700, 0x00F0700, 0x00FF700, 0x00FF780, 0x00FF7C0, 0x01E77E0, 0x01E77E0, 0x01EF7F0, 0x03EE778, 0x03FE738, 0x017E730, 0x003C700, 0x003C700, 0x007E700, 0x007FF00, 0x01FFFF8, 0x03E3FF8, 0x03C0FF8, 0x0180000, 0x0000000, 0x0000000 } }, // 处
  { 0x5907, { 0x0000000, 0x0000000, 0x000C000, 0x001E000, 0x001FFC0, 0x007FFE0, 0x00FFFC0, 0x03FC780, 0x01DFF00, 0x000FE00, 0x01FFFF8, 0x07FEFF8, 0x03F01F8, 0x01FFFE0, 0x00FFFE0, 0x00E38E0, 0x00FFFE0, 0x00FFFE0, 0x00FFFE0, 0x00E38E0, 0x00FFFE0, 0x00FFFE0, 0x00E00E0, 0x0000000, 0x0000000 } }, // 备
  { 0x590D, { 0x0000000, 0x0000000, 0x0020000, 0x0070000, 0x007FFF0, 0x00FFFF8, 0x01FFFF0, 0x03FFFE0, 0x03FFFE0, 0x00700E0, 0x007FFE0, 0x007FFE0, 0x007FFE0, 0x007FFE0, 0x001C000, 0x003FFE0, 0x00FFFE0, 0x01FC7C0, 0x00CFF00, 0x003FFC0, 0x03FFFF8, 0x03F83F8, 0x0100000, 0x0000000, 0x0000000 } }, // 复
  { 0x5916, { 0x0000000, 0x0000000, 0x0060700, 0x0070700, 0x0070700, 0x00FF700, 0x00FFF00, 0x00FFF00, 0x01C7700, 0x01C77C0, 0x03C77E0, 0x03EF7F0, 0x03FE778, 0x007E778, 0x003E738, 0x001C710, 0x003C700, 0x0078700, 0x00F0700, 0x03F0700, 0x03E0700, 0x0180700, 0x0000700, 0x0000000, 0x0000000 } }, // 外
  { 0x591A, { 0x0000000, 0x0000000, 0x0003000, 0x0007800, 0x000FFC0, 0x003FFC0, 0x00FFFC0, 0x01F8780, 0x00DFF00, 0x000FE00, 0x001FF00, 0x01FFF00, 0x03F9FF0, 0x01E7FF8, 0x001FFF8, 0x007F0F0, 0x007F9E0, 0x0033FC0, 0x0003F80, 0x007FE00, 0x03FF800, 0x03FE000, 0x01C0000, 0x0000000, 0x0000000 } }, // 多
  { 0x5927, { 0x0000000, 0x0000000, 0x0003800, 0x0003800, 0x0003800, 0x0003800, 0x0003800, 0x0003800, 0x03FFFF8, 0x03FFFF8, 0x03FFFF8, 0x0007C00, 0x0007E00, 0x000FE00, 0x000EF00, 0x001EF00, 0x003C780, 0x007C3C0, 0x00F81F0, 0x03F00F8, 0x03E0078, 0x0180030, 0x0000000, 0x0000000, 0x0000000 } }, // 大
  { 0x5929, { 0x0000000, 0x0000000, 0x0000000, 0x01FFFF0, 0x01FFFF0, 0x01FFFF0, 0x0003800, 0x0003800, 0x0003800, 0x0003800, 0x03FFFF8, 0x03FFFF8, 0x03FFFF8, 0x0007C00, 0x000FE00, 0x000EE00, 0x001EF00, 0x007C7C0, 0x00F83E0, 0x03F01F8, 0x03E00F8, 0x0180030, 0x0000000, 0x0000000, 0x0000000 } }, // 天
  { 0x592A, { 0x0000000, 0x0000000, 0x0003800, 0x0003800, 0x0003800, 0x0003800, 0x0003800, 0x03FFFF8, 0x03FFFF8, 0x03FFFF8, 0x0007C00, 0x0007E00, 0x0007E00, 0x000FE00, 0x000E700, 0x001E780, 0x003E3C0, 0x007F3E0, 0x00FF9F0, 0x03F7CF8, 0x03C3C78, 0x0181830, 0x0000000, 0x0000000, 0x0000000 } }, // 太
  { 0x5931, { 0x0000000, 0x0000000, 0x0003800, 0x0073800, 0x0073800, 0x00F3800, 0x00FFFE0, 0x01FFFE0, 0x01FFFE0, 0x03C3800, 0x0383800, 0x0003800, 0x03FFFF8, 0x03FFFF8, 0x03FFFF8, 0x000FC00, 0x000FE00, 0x001EF00, 0x007C7C0, 0x01F83F0, 0x03F01F8, 0x03C0078, 0x0100010, 0x0000000, 0x0000000 } }, // 失
  { 0x5934, { 0x0000000, 0x0000000, 0x0000C00, 0x0071E00, 0x007DE00, 0x007FE00, 0x001DE00, 0x00C5E00, 0x01F1C00, 0x01F9C00, 0x0079C00, 0x0011C00, 0x03FFFF8, 0x03FFFF8, 0x03FFFF8, 0x0003800, 0x0007F00, 0x000FF80, 0x003E7E0, 0x00FC1F8, 0x03F8078, 0x03E0030, 0x0100000, 0x0000000, 0x0000000 } }, // 头
  { 0x5947, { 0x0000000, 0x0000000, 0x0003800, 0x0003800, 0x01FFFF0, 0x01FFFF0, 0x01FFFF0, 0x000FF00, 0x00FFFE0, 0x01FC3F0, 0x01F91E0, 0x03FFFF8, 0x03FFFF8, 0x00000E0, 0x00FF8E0, 0x00FF8E0, 0x00FF8E0, 0x00C38E0, 0x00FF8E0, 0x00FF8E0, 0x00FFFE0, 0x00C0FC0, 0x0000780, 0x0000000, 0x0000000 } }, // 奇
  { 0x5956, { 0x0000000, 0x0000000, 0x0038400, 0x0038F00, 0x03B9FF8, 0x03BBFF8, 0x01FFFF8, 0x01BFC70, 0x00F8EF0, 0x03F87E0, 0x03F9FC0, 0x03BFF00, 0x003BC00, 0x0013800, 0x03FFFF8, 0x03FFFF8, 0x03FFFF8, 0x000FC00, 0x001FF00, 0x00FEFE0, 0x03F83F8, 0x03F01F8, 0x0100010, 0x0000000, 0x0000000 } }, // 奖
  { 0x5957, { 0x0000000, 0x0000000, 0x0007000, 0x000F000, 0x03FFFF8, 0x03FFFF8, 0x003C380, 0x007FFC0, 0x01FFFF0, 0x03FFFF8, 0x03BFFB8, 0x013FF80, 0x0038000, 0x003FF80, 0x003FF80, 0x03FFFF8, 0x03FFFF8, 0x03FFFF8, 0x00783C0, 0x00FFFE0, 0x00FFFF0, 0x00FE060, 0x0000000, 0x0000000, 0x0000000 } }, // 套
  { 0x5976, { 0x0000000, 0x0000000, 0x00E0000, 0x00E7FE0, 0x00C7FE0, 0x01C7FE0, 0x03F9DC0, 0x03FDDC0, 0x03F9DC0, 0x01D9DF8, 0x03B9DF8, 0x03BB9F8, 0x03BB838, 0x03FB838, 0x01F3838, 0x00F3838, 0x007B838, 0x00FF038, 0x01F7078, 0x03CE3F0, 0x038E3F0, 0x03041E0, 0x0000000, 0x0000000, 0x0000000 } }, // 奶
  { 0x597D, { 0x0000000, 0x0000000, 0x00C0000, 0x00E1FE0, 0x00E1FF8, 0x00E1FF8, 0x03F80F0, 0x07FE0E0, 0x07FC1E0, 0x01DC3C0, 0x01DC380, 0x039FFF8, 0x039FFFC, 0x039FFFC, 0x03F8380, 0x01F8380, 0x00F8380, 0x007C380, 0x00FE380, 0x01EC380, 0x07CDF80, 0x0380F80, 0x0000F00, 0x0000000, 0x0000000 } }, // 好
  { 0x5999, { 0x0000000, 0x0000000, 0x00C0300, 0x00E0380, 0x00E0380, 0x00E0380, 0x03F9BF0, 0x03FDFF0, 0x03FFBB8, 0x01DFBB8, 0x01DFBB8, 0x019FB98, 0x03BB380, 0x03B83B8, 0x03F83F8, 0x01F03F0, 0x00780F0, 0x00FC1E0, 0x00FC7C0, 0x01EBF80, 0x03C7F00, 0x0387C00, 0x0002000, 0x0000000, 0x0000000 } }, // 妙
  { 0x59CB, { 0x0000000, 0x0000000, 0x00C0600, 0x00E0700, 0x00C0F00, 0x00C0E00, 0x03F9EE0, 0x03F9CF0, 0x03FBC70, 0x01DFFF8, 0x01BFFFC, 0x03BBFFC, 0x03B8010, 0x03BBFF0, 0x03FBFF8, 0x01F3FF0, 0x00F3830, 0x00FB830, 0x00FF830, 0x01DBFF0, 0x03C3FF0, 0x0383FF0, 0x0003830, 0x0000000, 0x0000000 } }, // 始
  { 0x59D0, { 0x0000000, 0x0000000, 0x00C0000, 0x00E3FF0, 0x00E3FF0, 0x00C3FF0, 0x01FB870, 0x03FF870, 0x03FBFF0, 0x01DBFF0, 0x01DBFF0, 0x01BB870, 0x01BB870, 0x03BB870, 0x03BBFF0, 0x03F3FF0, 0x01F3FF0, 0x00F3870, 0x00FB870, 0x01FFFF8, 0x03CFFFC, 0x038FFF8, 0x0100000, 0x0000000, 0x0000000 } }, // 姐
  { 0x59EC, { 0x0000000, 0x0000000, 0x00C0000, 0x00E3FF8, 0x00E3FF8, 0x00C3FF8, 0x01FB9C0, 0x03FF9C0, 0x03FFBF0, 0x01DFFF8, 0x01DBFF8, 0x019BF38, 0x03BBF38, 0x03BBF38, 0x03FBFF8, 0x03FBFF8, 0x00F39C0, 0x00FB9C0, 0x00FF9C0, 0x01FFFF8, 0x03CBFFC, 0x0383FF8, 0x0100000, 0x0000000, 0x0000000 } }, // 姬
  { 0x5A1C, { 0x0000000, 0x0000000, 0x00C0000, 0x01CFDF0, 0x01CFFF8, 0x01CFFF8, 0x03F7F98, 0x03F7FB8, 0x03FFFF8, 0x01FFFF0, 0x01FFFF0, 0x03F7FF0, 0x03F7FF8, 0x037FFB8, 0x03EFFD8, 0x03EFFD8, 0x01E6F98, 0x00E6FF8, 0x01FEFF8, 0x03ECFF0, 0x039FDC0, 0x031BDC0, 0x0001980, 0x0000000, 0x0000000 } }, // 娜
  { 0x5B50, { 0x0000000, 0x0000000, 0x0000000, 0x00FFFE0, 0x00FFFF0, 0x00FFFE0, 0x00007C0, 0x0001F00, 0x0003E00, 0x0003C00, 0x0003800, 0x03FFFF8, 0x03FFFF8, 0x03FFFF8, 0x0003800, 0x0003800, 0x0003800, 0x0003800, 0x0003800, 0x003F800, 0x003F800, 0x001F000, 0x0000000, 0x0000000, 0x0000000 } }, // 子
  { 0x5B57, { 0x0000000, 0x0000000, 0x0003000, 0x0003800, 0x03FFFF8, 0x03FFFF8, 0x03FFFF8, 0x0380038, 0x03BFF38, 0x01BFFB0, 0x003FF80, 0x0000F00, 0x0003E00, 0x0003C00, 0x03FFFF8, 0x03FFFF8, 0x01FFFF0, 0x0003800, 0x0003800, 0x0003800, 0x003F800, 0x001F800, 0x001E000, 0x0000000, 0x0000000 } }, // 字
  { 0x5B58, { 0x0000000, 0x0000000, 0x0004000, 0x000E000, 0x000E000, 0x03FFFF8, 0x03FFFF8, 0x03FFFF8, 0x0038000, 0x007BFE0, 0x0073FF0, 0x00F3FF0, 0x01E03C0, 0x03E0780, 0x07E7FF8, 0x03EFFF8, 0x00EFFF8, 0x00E0780, 0x00E0700, 0x00E0700, 0x00E1F00, 0x00E1F00, 0x0061E00, 0x0000000, 0x0000000 } }, // 存
  { 0x5B75, { 0x0000000, 0x0000000, 0x0060010, 0x00F07F8, 0x01FFFF8, 0x03DFFD0, 0x037FED8, 0x037DED8, 0x037FFF8, 0x03FFA30, 0x03FFFF0, 0x03FFFF8, 0x03FFFF0, 0x037F8E0, 0x037F8C0, 0x03FFFF8, 0x03FFFF8, 0x037FFF8, 0x00EF0C0, 0x00DC0C0, 0x01DC7C0, 0x039C3C0, 0x0108380, 0x0000000, 0x0000000 } }, // 孵
  { 0x5B83, { 0x0000000, 0x0000000, 0x0000000, 0x0003800, 0x0003800, 0x01FFFF0, 0x03FFFF8, 0x03FFFF8, 0x0380078, 0x0380078, 0x03F0070, 0x0070180, 0x0070FC0, 0x0077FC0, 0x007FF00, 0x007F000, 0x0078000, 0x0070070, 0x0070070, 0x0078070, 0x007FFF0, 0x003FFE0, 0x001FFC0, 0x0000000, 0x0000000 } }, // 它
  { 0x5B88, { 0x0000000, 0x0000000, 0x0003000, 0x0003800, 0x0003800, 0x03FFFF8, 0x03FFFF8, 0x03FFFF8, 0x0380778, 0x0180730, 0x0000700, 0x03FFFF8, 0x03FFFF8, 0x03FFFF8, 0x0060700, 0x00F0700, 0x0078700, 0x003C700, 0x001C700, 0x0010700, 0x0007F00, 0x0003E00, 0x0003C00, 0x0000000, 0x0000000 } }, // 守
  { 0x5B89, { 0x0000000, 0x0000000, 0x0003000, 0x0007800, 0x01FFFF0, 0x03FFFF8, 0x03FFFF8, 0x03C6078, 0x03C7078, 0x018F030, 0x01FFFF0, 0x03FFFF8, 0x03FFFF8, 0x003C380, 0x0078780, 0x007EF00, 0x007FE00, 0x000FF00, 0x000FFC0, 0x00FFFF0, 0x03FE1F8, 0x01F00F0, 0x0080020, 0x0000000, 0x0000000 } }, // 安
  { 0x5B8C, { 0x0000000, 0x0000000, 0x0003000, 0x0003800, 0x01FFFF0, 0x03FFFF8, 0x03FFFF8, 0x0380078, 0x03BFF38, 0x03BFFB8, 0x003FF80, 0x0000000, 0x03FFFF8, 0x03FFFF8, 0x03FFFF8, 0x001CF00, 0x001CE00, 0x001CF10, 0x003CE18, 0x00F8F38, 0x03F07F8, 0x03E07F8, 0x01801E0, 0x0000000, 0x0000000 } }, // 完
  { 0x5B99, { 0x0000000, 0x0000000, 0x0003800, 0x0003800, 0x01FFFF0, 0x03FFFF8, 0x03FFFF8, 0x0381078, 0x0383878, 0x0383838, 0x00FFFE0, 0x00FFFE0, 0x00FFFE0, 0x00E38E0, 0x00E38E0, 0x00FFFE0, 0x00FFFE0, 0x00E38E0, 0x00E38E0, 0x00FFFE0, 0x00FFFE0, 0x00FFFE0, 0x00E00E0, 0x0000000, 0x0000000 } }, // 宙
  { 0x5B9A, { 0x0000000, 0x0000000, 0x0003000, 0x0003800, 0x01FFFF0, 0x03FFFF8, 0x03FFFF8, 0x0380038, 0x0380038, 0x03FFFF8, 0x007FFC0, 0x003FF80, 0x0063800, 0x0073800, 0x0073FE0, 0x00F3FE0, 0x00F3FC0, 0x00FB800, 0x01FF800, 0x03DFFF8, 0x03CFFF8, 0x0383FF8, 0x0000000, 0x0000000, 0x0000000 } }, // 定
  { 0x5B9D, { 0x0000000, 0x0000000, 0x0000000, 0x0003800, 0x0003800, 0x01FFFF0, 0x03FFFF8, 0x03FFFF8, 0x0380038, 0x03FFFF8, 0x01FFFF0, 0x00FFFE0, 0x0003800, 0x0003800, 0x007FFC0, 0x007FFC0, 0x007FFC0, 0x0003B80, 0x0003BC0, 0x00039C0, 0x03FFFF8, 0x03FFFF8, 0x01FFFF0, 0x0000000, 0x0000000 } }, // 宝
  { 0x5B9E, { 0x0000000, 0x0000000, 0x0003800, 0x0003800, 0x01FFFF0, 0x03FFFF8, 0x03FFFF8, 0x0390878, 0x03BDC78, 0x01BFC30, 0x004DC00, 0x00E1C00, 0x00F1C00, 0x0073C00, 0x0023C00, 0x03FFFF8, 0x03FFFF8, 0x000F600, 0x001FF80, 0x007EFE0, 0x01FC1F8, 0x01F0070, 0x0080000, 0x0000000, 0x0000000 } }, // 实
  { 0x5BA0, { 0x0000000, 0x0000000, 0x0003000, 0x0003800, 0x01FFFF8, 0x01FFFF8, 0x01FFFF8, 0x01CE638, 0x01CE7B8, 0x000E380, 0x01FFFF8, 0x01FFFF8, 0x001CE40, 0x001CEE0, 0x003CFE0, 0x0038FC0, 0x0078F80, 0x0071F10, 0x00F7E18, 0x03EFFB8, 0x03C6FF8, 0x01807F0, 0x0000000, 0x0000000, 0x0000000 } }, // 宠
  { 0x5BB3, { 0x0000000, 0x0000000, 0x0003800, 0x0003800, 0x03FFFF8, 0x03FFFF8, 0x0383878, 0x0383878, 0x01FFFF0, 0x007FFC0, 0x00FFFE0, 0x00FFFE0, 0x00FFFE0, 0x03FFFF8, 0x03FFFF8, 0x03FFFF8, 0x007FFC0, 0x00FFFE0, 0x00FFFE0, 0x00E00E0, 0x00FFFE0, 0x00FFFE0, 0x00600E0, 0x0000000, 0x0000000 } }, // 害
  { 0x5BB6, { 0x0000000, 0x0000000, 0x0001800, 0x0003800, 0x03FFFF8, 0x03FFFF8, 0x03FFFF8, 0x03BFFB8, 0x03FFFF8, 0x003FF80, 0x001F0C0, 0x01FF1E0, 0x01F3BE0, 0x01CFF80, 0x003FF80, 0x01F9FC0, 0x03E7DC0, 0x019FCE0, 0x007FCF0, 0x03F9C78, 0x03EFC38, 0x018F810, 0x0007000, 0x0000000, 0x0000000 } }, // 家
  { 0x5BB9, { 0x0000000, 0x0000000, 0x0003800, 0x0003800, 0x03FFFF8, 0x03FFFF8, 0x03FFFF8, 0x039C338, 0x03BC7B8, 0x007BBC0, 0x01F39F0, 0x01E7CF0, 0x008FF00, 0x003E780, 0x007C3E0, 0x03FFFF8, 0x03FFFF8, 0x01FFFD0, 0x00701C0, 0x007ABC0, 0x007FFC0, 0x007FFC0, 0x00701C0, 0x0000000, 0x0000000 } }, // 容
  { 0x5BBD, { 0x0000000, 0x0000000, 0x0001800, 0x0003800, 0x03FFFF8, 0x03FFFF8, 0x03FFFF8, 0x039C738, 0x03FFFF8, 0x007FFE0, 0x001C700, 0x007FFC0, 0x00FFFC0, 0x007FFC0, 0x00731C0, 0x00779C0, 0x0077DC0, 0x0077DC0, 0x007FC18, 0x007FE38, 0x03FCFF8, 0x03F0FF8, 0x0180000, 0x0000000, 0x0000000 } }, // 宽
  { 0x5BC6, { 0x0000000, 0x0000000, 0x0003800, 0x0003800, 0x03FFFF8, 0x03FFFF8, 0x03FF778, 0x038FBB8, 0x039FFB8, 0x00FDFE0, 0x01DFEF0, 0x03DFDF8, 0x03BF1F8, 0x01FFF98, 0x03FFF80, 0x03C3800, 0x01E38E0, 0x00E38E0, 0x00E38E0, 0x00FFFE0, 0x00FFFE0, 0x00FFFE0, 0x00000E0, 0x0000000, 0x0000000 } }, // 密
  { 0x5BCC, { 0x0000000, 0x0000000, 0x0003800, 0x0003800, 0x03FFFF8, 0x03FFFF8, 0x0380038, 0x03FFFF8, 0x03BFFB8, 0x007FFC0, 0x007FFC0, 0x00701C0, 0x007FFC0, 0x007FFC0, 0x00F39E0, 0x01FFFF0, 0x01FFFF0, 0x01FFFF0, 0x01FFFF0, 0x01C3870, 0x01FFFF0, 0x01FFFF0, 0x00C0060, 0x0000000, 0x0000000 } }, // 富
  { 0x5BDF, { 0x0000000, 0x0000000, 0x0003800, 0x0003800, 0x03FFFF8, 0x03FFFF8, 0x03B1838, 0x03FFFF8, 0x00FFFF0, 0x01EEFF0, 0x03FEFE0, 0x03FC7C0, 0x00FFFC0, 0x00FFFF8, 0x03EFE78, 0x03FFFF0, 0x00FFFE0, 0x00FFFE0, 0x007BBC0, 0x00F3BF0, 0x03EF8F8, 0x01CF830, 0x0007000, 0x0000000, 0x0000000 } }, // 察
  { 0x5BF9, { 0x0000000, 0x0000000, 0x00000E0, 0x00000E0, 0x03FC0E0, 0x03FE0E0, 0x03FFFF8, 0x011DFFC, 0x039DFF8, 0x039C0E0, 0x01FC0E0, 0x00F9CE0, 0x00F9CE0, 0x0078EE0, 0x0078EE0, 0x00FC7E0, 0x00FC6E0, 0x01CE0E0, 0x03CC0E0, 0x03807E0, 0x01007E0, 0x00003C0, 0x0000000, 0x0000000, 0x0000000 } }, // 对
  { 0x5C06, { 0x0000000, 0x0000000, 0x0070600, 0x0070F00, 0x0071FF8, 0x0173FF8, 0x03FF870, 0x03F7CF0, 0x01F0FE0, 0x01F0FC0, 0x0077F80, 0x007FEE0, 0x00778E0, 0x00FFFF8, 0x01FFFF8, 0x03F7FF8, 0x03F38E0, 0x0373CE0, 0x0071CE0, 0x0071CE0, 0x00707E0, 0x00703E0, 0x0070380, 0x0000000, 0x0000000 } }, // 将
  { 0x5C0F, { 0x0000000, 0x0000000, 0x0001000, 0x0003800, 0x0003800, 0x0003800, 0x0003800, 0x0003840, 0x00F39C0, 0x00F39E0, 0x00E38E0, 0x00E38F0, 0x01E3870, 0x01C3878, 0x03C3838, 0x0383838, 0x078383C, 0x0103838, 0x0003800, 0x0003800, 0x003F800, 0x001F800, 0x001E000, 0x0000000, 0x0000000 } }, // 小
  { 0x5C14, { 0x0000000, 0x0000000, 0x0030000, 0x0038000, 0x0078000, 0x007FFF0, 0x00FFFF8, 0x00FFFF8, 0x01E0070, 0x03C38F0, 0x03838E0, 0x0183800, 0x00739C0, 0x00739C0, 0x00F39E0, 0x00E38E0, 0x01E38F0, 0x01C3870, 0x03C3878, 0x0083820, 0x001F800, 0x001F800, 0x000E000, 0x0000000, 0x0000000 } }, // 尔
  { 0x5C31, { 0x0000000, 0x0000000, 0x0030180, 0x00703A0, 0x00783F0, 0x03FF3B8, 0x03FF3B8, 0x01BE390, 0x01FEFF8, 0x01FEFF8, 0x018E3B8, 0x018E3C0, 0x01FE3C0, 0x01FE3C0, 0x01BE7C0, 0x01FE7C0, 0x01BE7C0, 0x03B7EC8, 0x03B3EDC, 0x0331CDC, 0x01F3CFC, 0x00F38F8, 0x0061000, 0x0000000, 0x0000000 } }, // 就
  { 0x5C3C, { 0x0000000, 0x0000000, 0x00FFFE0, 0x00FFFF0, 0x00FFFE0, 0x00E00E0, 0x00E00E0, 0x00FFFE0, 0x00FFFE0, 0x00FFFE0, 0x00EE000, 0x00EE0C0, 0x00EE3E0, 0x00EFFE0, 0x00EFF80, 0x01CFC00, 0x01CE030, 0x01CE038, 0x01CFFF8, 0x038FFF0, 0x0387FE0, 0x0000000, 0x0000000, 0x0000000, 0x0000000 } }, // 尼
  { 0x5C3E, { 0x0000000, 0x0000000, 0x0000000, 0x01FFFF0, 0x01FFFF0, 0x01C0070, 0x01FFFF0, 0x01FFFF0, 0x01FFFF0, 0x01C3FC0, 0x01DFF80, 0x01DFC60, 0x01C3FE0, 0x01FFFE0, 0x01FFC10, 0x01C1FF8, 0x01FFFF8, 0x03BFF10, 0x03BDC38, 0x0381FF8, 0x0781FF8, 0x0100FE0, 0x0000000, 0x0000000, 0x0000000 } }, // 尾
  { 0x5C45, { 0x0000000, 0x0000000, 0x00FFFF0, 0x00FFFF0, 0x00FFFF0, 0x00E0070, 0x00FFFF0, 0x00FFFF0, 0x00FFFF0, 0x00E0E00, 0x00FFFF8, 0x00FFFF8, 0x01FFFF8, 0x01C0E00, 0x01DFFF0, 0x01DFFF0, 0x01DFFF0, 0x01DC070, 0x039C0F0, 0x039FFF0, 0x039FFF0, 0x011C070, 0x0000000, 0x0000000, 0x0000000 } }, // 居
  { 0x5C4B, { 0x0000000, 0x0000000, 0x0000000, 0x01FFFF0, 0x01FFFF0, 0x01E0070, 0x01FFFF0, 0x01FFFF0, 0x01FFFF0, 0x01FFFF0, 0x01FFFF8, 0x01FFFF0, 0x01CF3E0, 0x01FFFF0, 0x01DFFF0, 0x01C0E20, 0x01DFFF0, 0x01DFFF0, 0x0380E00, 0x03BFFF8, 0x03FFFF8, 0x013FFF8, 0x0000000, 0x0000000, 0x0000000 } }, // 屋
  { 0x5C4F, { 0x0000000, 0x0000000, 0x0000000, 0x01FFFF0, 0x01FFFF0, 0x01C0070, 0x01FFFF0, 0x01FFFF8, 0x01FFFF0, 0x01CE1C0, 0x01C71C0, 0x01FFFF8, 0x01FFFF8, 0x01C71C0, 0x01C71C0, 0x01FFFF8, 0x01FFFF8, 0x01FFFF8, 0x03CF1C0, 0x039E1C0, 0x07BC1C0, 0x03181C0, 0x0000000, 0x0000000, 0x0000000 } }, // 屏
  { 0x5C5E, { 0x0000000, 0x0000000, 0x00FFFF0, 0x01FFFF0, 0x01FFFF0, 0x01FFFF0, 0x01FFFF0, 0x01FFFF0, 0x01DFFE0, 0x01DFFC0, 0x01CFFE0, 0x01DFFF0, 0x01DCE60, 0x01DFFF0, 0x01CFFE0, 0x01FFFF0, 0x01FFFF0, 0x03B8FB0, 0x03BFFF0, 0x03BFFF0, 0x03B80F0, 0x0038060, 0x0000000, 0x0000000, 0x0000000 } }, // 属
  { 0x5C71, { 0x0000000, 0x0000000, 0x0003800, 0x0003800, 0x0003800, 0x0003800, 0x0183870, 0x01C3870, 0x01C3870, 0x01C3870, 0x01C3870, 0x01C3870, 0x01C3870, 0x01C3870, 0x01C3870, 0x01C3870, 0x01C3870, 0x01C3870, 0x01FFFF0, 0x01FFFF0, 0x01FFFF0, 0x0000070, 0x0000000, 0x0000000, 0x0000000 } }, // 山
  { 0x5CA9, { 0x0000000, 0x0000000, 0x0003800, 0x01C3870, 0x01C3870, 0x01C3870, 0x01FFFF0, 0x01FFFF0, 0x01FFFF0, 0x0000000, 0x03FFFF8, 0x03FFFF8, 0x03FFFF8, 0x003C000, 0x007FFF0, 0x00FFFF0, 0x01FFFF0, 0x03F8070, 0x03B8070, 0x033FFF0, 0x003FFF0, 0x003FFF0, 0x0038070, 0x0000000, 0x0000000 } }, // 岩
  { 0x5DE6, { 0x0000000, 0x0000000, 0x0000000, 0x000E000, 0x000E000, 0x000E000, 0x03FFFF8, 0x03FFFF8, 0x03FFFF8, 0x001C000, 0x001C000, 0x0038000, 0x003FFF0, 0x007FFF8, 0x007FFF8, 0x0070E00, 0x00E0E00, 0x01E0E00, 0x03C0E00, 0x0780E00, 0x03BFFF8, 0x033FFF8, 0x003FFF8, 0x0000000, 0x0000000 } }, // 左
  { 0x5DE8, { 0x0000000, 0x0000000, 0x0000000, 0x00FFFF0, 0x01FFFF0, 0x01FFFF0, 0x01E0000, 0x01E0000, 0x01FFFC0, 0x01FFFE0, 0x01FFFE0, 0x01E00E0, 0x01E00E0, 0x01E00E0, 0x01FFFE0, 0x01FFFE0, 0x01FFFE0, 0x01E0000, 0x01E0000, 0x01FFFF8, 0x01FFFF8, 0x00FFFF8, 0x0000000, 0x0000000, 0x0000000 } }, // 巨
  { 0x5DF2, { 0x0000000, 0x0000000, 0x0000000, 0x01FFFE0, 0x01FFFE0, 0x01FFFE0, 0x00000E0, 0x00E00E0, 0x01E00E0, 0x00E00E0, 0x00FFFE0, 0x00FFFE0, 0x00FFFE0, 0x00E00E0, 0x00E0000, 0x00E0010, 0x00E0038, 0x00E0038, 0x00E0078, 0x00FFFF8, 0x00FFFF0, 0x003FFC0, 0x0000000, 0x0000000, 0x0000000 } }, // 已
  { 0x5DF4, { 0x0000000, 0x0000000, 0x0000000, 0x01FFFE0, 0x01FFFE0, 0x01FFFE0, 0x01C38E0, 0x01C38E0, 0x01C38E0, 0x01C38E0, 0x01FFFE0, 0x01FFFE0, 0x01FFFE0, 0x01C00E0, 0x01C0000, 0x01C0000, 0x01C0038, 0x01C0038, 0x01E0078, 0x00FFFF8, 0x00FFFF0, 0x003FFC0, 0x0000000, 0x0000000, 0x0000000 } }, // 巴
  { 0x5E01, { 0x0000000, 0x0000000, 0x0000020, 0x01FFFF0, 0x03FFFF0, 0x01FFFC0, 0x0003800, 0x0003800, 0x00FFFE0, 0x00FFFF0, 0x00FFFE0, 0x00E38E0, 0x00E38E0, 0x00E38E0, 0x00E38E0, 0x00E38E0, 0x00E38E0, 0x00E3BE0, 0x00E3BE0, 0x00E3980, 0x0003800, 0x0003800, 0x0000000, 0x0000000, 0x0000000 } }, // 币
  { 0x5E02, { 0x0000000, 0x0000000, 0x0003000, 0x0007800, 0x0003800, 0x03FFFF8, 0x03FFFF8, 0x03FFFF8, 0x0003800, 0x0003800, 0x00FFFF0, 0x01FFFF0, 0x01FFFF0, 0x01E3870, 0x01E3870, 0x01E3870, 0x01E3870, 0x01E3870, 0x01E3BF0, 0x01E3BE0, 0x00C39C0, 0x0003800, 0x0003800, 0x0000000, 0x0000000 } }, // 市
  { 0x5E03, { 0x0000000, 0x0000000, 0x0004000, 0x000F000, 0x000E000, 0x03FFFF8, 0x03FFFF8, 0x03FFFF8, 0x003DC00, 0x0039C00, 0x0079C00, 0x00FFFF0, 0x01FFFF0, 0x03FFFF0, 0x07F1C70, 0x03F1C70, 0x0371C70, 0x0071C70, 0x0071FF0, 0x0071DF0, 0x0071DC0, 0x0001C00, 0x0001C00, 0x0000000, 0x0000000 } }, // 布
  { 0x5E08, { 0x0000000, 0x0000000, 0x0038000, 0x003FFF8, 0x01BFFF8, 0x03BBFF8, 0x03B8300, 0x03BBFF8, 0x03BFFF8, 0x03BFFF8, 0x03BF338, 0x03B7738, 0x03B7738, 0x03B7738, 0x03F7738, 0x0077738, 0x0077738, 0x00777F8, 0x00E7770, 0x01E0700, 0x01C0700, 0x00C0300, 0x0000000, 0x0000000, 0x0000000 } }, // 师
  { 0x5E10, { 0x0000000, 0x0000000, 0x00E1C00, 0x00E1C30, 0x00E1C70, 0x00E1CF0, 0x03FDDE0, 0x03FDFC0, 0x03FDF80, 0x03FDD80, 0x03FFFF8, 0x03FFFF8, 0x03FFFF8, 0x03FDDC0, 0x03EDDC0, 0x03FDCE0, 0x03FDCE0, 0x03F9DF0, 0x00E1FF8, 0x00E1FB8, 0x00E3E38, 0x00E1810, 0x0000000, 0x0000000, 0x0000000 } }, // 帐
  { 0x5E26, { 0x0000000, 0x0000000, 0x00739C0, 0x00739C0, 0x03FFFF8, 0x03FFFF8, 0x03FFFF8, 0x00739C0, 0x00610C0, 0x03FFFF8, 0x03FFFF8, 0x0383838, 0x0383838, 0x03FFFF8, 0x00FFFE0, 0x00F38E0, 0x00E38E0, 0x00E38E0, 0x00E3BE0, 0x00E3BE0, 0x0003800, 0x0003800, 0x0000000, 0x0000000, 0x0000000 } }, // 带
  { 0x5E27, { 0x0000000, 0x0000000, 0x0060380, 0x00703F8, 0x00603F8, 0x00703F8, 0x03FC380, 0x03FDFF0, 0x03FDFF8, 0x036DFF0, 0x037D930, 0x036DBB0, 0x036DBB0, 0x036DBB0, 0x036DBB0, 0x037DBB0, 0x037DBB8, 0x0379FB0, 0x0060FE0, 0x0073EF8, 0x0077C78, 0x0063018, 0x0000000, 0x0000000, 0x0000000 } }, // 帧
  { 0x5E3D, { 0x0000000, 0x0000000, 0x00E1FF8, 0x00E3FF8, 0x00E3FF8, 0x00E3FF8, 0x03FFFF8, 0x03FF838, 0x03FFFF8, 0x03EFFF8, 0x03ED018, 0x03EDFF8, 0x03EDFF8, 0x03ED838, 0x03EDFF8, 0x03FDFF8, 0x03FD838, 0x03F9FF8, 0x00E1FF8, 0x00E1FF8, 0x00E1FF8, 0x00E1FF8, 0x0000000, 0x0000000, 0x0000000 } }, // 帽
  { 0x5E55, { 0x0000000, 0x0000000, 0x0018300, 0x03FFFF8, 0x03FFFF8, 0x03FFFF8, 0x007FFC0, 0x00FFFE0, 0x00E00E0, 0x00FFFE0, 0x00FFFE0, 0x00FFFE0, 0x00FFFE0, 0x03FFFF8, 0x03FFFF8, 0x03FFFF8, 0x00F39E0, 0x03FFFF8, 0x03FFFF8, 0x01739C0, 0x0073BC0, 0x0073BC0, 0x0003000, 0x0000000, 0x0000000 } }, // 幕
  { 0x5E72, { 0x0000000, 0x0000000, 0x0000000, 0x01FFFF0, 0x01FFFF0, 0x01FFFF0, 0x0003800, 0x0003800, 0x0003800, 0x0003800, 0x03FFFF8, 0x03FFFF8, 0x03FFFF8, 0x0003800, 0x0003800, 0x0003800, 0x0003800, 0x0003800, 0x0003800, 0x0003800, 0x0003800, 0x0003800, 0x0000000, 0x0000000, 0x0000000 } }, // 干
  { 0x5E73, { 0x0000000, 0x0000000, 0x0000000, 0x01FFFF0, 0x01FFFF0, 0x01FFFF0, 0x00638C0, 0x00F38E0, 0x00739C0, 0x00739C0, 0x0073980, 0x0003800, 0x03FFFF8, 0x03FFFF8, 0x03FFFF8, 0x0003800, 0x0003800, 0x0003800, 0x0003800, 0x0003800, 0x0003800, 0x0003800, 0x0000000, 0x0000000, 0x0000000 } }, // 平
  { 0x5E74, { 0x0000000, 0x0000000, 0x0030000, 0x0038000, 0x0078000, 0x007FFF0, 0x00FFFF0, 0x01FFFF0, 0x01C1C00, 0x03C1C00, 0x01FFFF0, 0x007FFF0, 0x007FFE0, 0x0071C00, 0x0071C00, 0x03FFFF8, 0x03FFFF8, 0x03FFFF8, 0x0001C00, 0x0001C00, 0x0001C00, 0x0001C00, 0x0001C00, 0x0000000, 0x0000000 } }, // 年
  { 0x5E76, { 0x0000000, 0x0000000, 0x0010180, 0x00783C0, 0x00383C0, 0x003C380, 0x01FFFF0, 0x03FFFF8, 0x03FFFF8, 0x003C380, 0x0038380, 0x0038380, 0x003C380, 0x03FFFF8, 0x03FFFF8, 0x03FFFF8, 0x0038380, 0x0078380, 0x00F0380, 0x01F0380, 0x03E0380, 0x01C0380, 0x0180380, 0x0000000, 0x0000000 } }, // 并
  { 0x5E78, { 0x0000000, 0x0000000, 0x0003800, 0x0003800, 0x00FFFE0, 0x00FFFE0, 0x0003800, 0x0003800, 0x03FFFF8, 0x03FFFF8, 0x0078BC0, 0x0038380, 0x00FFFF0, 0x01FFFF0, 0x00FFFF0, 0x0003800, 0x01FFFF0, 0x03FFFF8, 0x03FFFF8, 0x0003800, 0x0003800, 0x0003800, 0x0000000, 0x0000000, 0x0000000 } }, // 幸
  { 0x5E7B, { 0x0000000, 0x0000000, 0x0000000, 0x0030000, 0x0038000, 0x0071FF8, 0x0071FF8, 0x00E1FF8, 0x00E4038, 0x01CF038, 0x03FE038, 0x03FE038, 0x03FC038, 0x0038038, 0x0038038, 0x007E038, 0x00F7078, 0x01E7070, 0x03FF070, 0x03FF870, 0x03FBFF0, 0x0103BE0, 0x00003C0, 0x0000000, 0x0000000 } }, // 幻
  { 0x5E86, { 0x0000000, 0x0000000, 0x0001800, 0x0003800, 0x0001C00, 0x01FFFF8, 0x01FFFF8, 0x01FFFF8, 0x01C0E00, 0x01C0E00, 0x01C0E00, 0x01FFFF8, 0x01FFFF8, 0x01DFFF8, 0x01C1E00, 0x01C3F00, 0x01C3F80, 0x0387BC0, 0x038F1E0, 0x039E0F8, 0x07BC078, 0x0338038, 0x0010010, 0x0000000, 0x0000000 } }, // 庆
  { 0x5E8A, { 0x0000000, 0x0000000, 0x0001800, 0x0003C00, 0x0001E00, 0x01FFFF8, 0x01FFFF8, 0x01FFFF8, 0x01C0E00, 0x01C0E00, 0x01DFFF8, 0x01FFFF8, 0x01FFFF8, 0x01C3F00, 0x01C3F80, 0x01C7FC0, 0x01CFFE0, 0x039EEF0, 0x03BCE78, 0x03F8E38, 0x07B0E10, 0x0300E00, 0x0000E00, 0x0000000, 0x0000000 } }, // 床
  { 0x5E93, { 0x0000000, 0x0000000, 0x0001800, 0x0001C00, 0x01FFFF8, 0x01FFFF8, 0x01FFFF8, 0x01C3800, 0x01C7C10, 0x01FFFF8, 0x01FFFF8, 0x01CF600, 0x01CE700, 0x01DFFF0, 0x01DFFF0, 0x01DFFF0, 0x01C0700, 0x03FFFF8, 0x03BFFF8, 0x03BFFF8, 0x0380700, 0x0300700, 0x0100700, 0x0000000, 0x0000000 } }, // 库
  { 0x5E94, { 0x0000000, 0x0000000, 0x0001800, 0x0001C00, 0x0001C00, 0x01FFFF8, 0x01FFFF8, 0x01FFFF8, 0x01C1860, 0x01D9C70, 0x01F9C70, 0x01DDCF0, 0x01DDCE0, 0x01DCEE0, 0x01CEFE0, 0x01CEFC0, 0x01CE1C0, 0x03C0380, 0x0380780, 0x03FFFF8, 0x03FFFF8, 0x03BFFF8, 0x0100000, 0x0000000, 0x0000000 } }, // 应
  { 0x5E95, { 0x0000000, 0x0000000, 0x0000800, 0x0001C00, 0x01FFFF8, 0x01FFFF8, 0x01FFFF8, 0x01C00E0, 0x01DFFF0, 0x01DFFF0, 0x01DFF00, 0x01DC700, 0x01DC780, 0x01DFFF8, 0x01DFFF8, 0x01DC380, 0x01DCF80, 0x03DDF90, 0x039DFD8, 0x039FFD8, 0x03BFEF8, 0x031C6F8, 0x0100020, 0x0000000, 0x0000000 } }, // 底
  { 0x5E97, { 0x0000000, 0x0000000, 0x0000800, 0x0003C00, 0x0001C00, 0x01FFFF8, 0x01FFFF8, 0x01FFFF8, 0x01C1C00, 0x01C1C00, 0x01C1FF8, 0x01C1FF8, 0x01C1FF0, 0x01C1C00, 0x01DFFF0, 0x01DFFF0, 0x01DFFF0, 0x03DC070, 0x039C070, 0x039FFF0, 0x039FFF0, 0x039FFF0, 0x0118060, 0x0000000, 0x0000000 } }, // 店
  { 0x5E99, { 0x0000000, 0x0000000, 0x0000C00, 0x0001C00, 0x0001C00, 0x01FFFF8, 0x01FFFF8, 0x01EFFF0, 0x01C0E00, 0x01C0E00, 0x01DFFF0, 0x01DFFF8, 0x01DFFF8, 0x01DCE78, 0x01DCE78, 0x01DFFF8, 0x01DFFF8, 0x01DCE78, 0x01DCE38, 0x039FFF8, 0x039FFF8, 0x039FFF8, 0x001C030, 0x0000000, 0x0000000 } }, // 庙
  { 0x5EA6, { 0x0000000, 0x0000000, 0x0000800, 0x0001C00, 0x01FFFF8, 0x01FFFF8, 0x01FFFF8, 0x01C71C0, 0x01FFFF8, 0x01FFFF8, 0x01FFFF8, 0x01C71C0, 0x01C7FC0, 0x01C7FC0, 0x01C0000, 0x01FFFF0, 0x01FFFF0, 0x01CF1E0, 0x0387FC0, 0x0387F80, 0x03BFFF8, 0x03BF3F8, 0x0110030, 0x0000000, 0x0000000 } }, // 度
  { 0x5EB7, { 0x0000000, 0x0000000, 0x0001800, 0x0001C00, 0x01FFFF8, 0x01FFFF8, 0x01FFFF8, 0x01DFFE0, 0x01DFFF0, 0x01C5EF0, 0x01FFFFC, 0x01FFFFC, 0x01C1E70, 0x01DFFF0, 0x01DFFE0, 0x01FCE70, 0x01DDFF0, 0x038FFC0, 0x03BFFE0, 0x03FCDF8, 0x07BFE78, 0x0307C10, 0x0007800, 0x0000000, 0x0000000 } }, // 康
  { 0x5ED3, { 0x0000000, 0x0000000, 0x0001800, 0x0003C00, 0x01FFFF8, 0x01FFFF8, 0x01CE000, 0x01CF3F8, 0x01FFFF8, 0x01FFFB8, 0x01DFBB8, 0x01FFFB0, 0x01FFFF0, 0x019FBF0, 0x01BFBB8, 0x01BFFB8, 0x0387B98, 0x03BFFB8, 0x03FFFF8, 0x03BFBF0, 0x078E380, 0x031E380, 0x011C380, 0x0000000, 0x0000000 } }, // 廓
  { 0x5F00, { 0x0000000, 0x0000000, 0x01FFFF0, 0x03FFFF8, 0x03FFFF8, 0x003C380, 0x003C380, 0x003C380, 0x003C380, 0x001C380, 0x03FFFF8, 0x03FFFF8, 0x03FFFF8, 0x0038380, 0x0038380, 0x0078380, 0x0078380, 0x00F0380, 0x01E0380, 0x03E0380, 0x03C0380, 0x0080380, 0x0000000, 0x0000000, 0x0000000 } }, // 开
  { 0x5F03, { 0x0000000, 0x0000000, 0x0003000, 0x0003800, 0x03FFFF8, 0x03FFFF8, 0x03FFFF8, 0x003E780, 0x00783C0, 0x00FFFE0, 0x00FFFF0, 0x00FF870, 0x00183A0, 0x0038380, 0x03FFFF8, 0x03FFFF8, 0x03FFFF8, 0x0038380, 0x0078380, 0x00F0380, 0x03E0380, 0x03C0380, 0x0100300, 0x0000000, 0x0000000 } }, // 弃
  { 0x5F15, { 0x0000000, 0x0000000, 0x00FF070, 0x01FF8F0, 0x01FF8F0, 0x00038F0, 0x00038F0, 0x00FF8F0, 0x01FF8F0, 0x01FF8F0, 0x01C00F0, 0x01C00F0, 0x01FF8F0, 0x01FF8F0, 0x01FF8F0, 0x00038F0, 0x00038F0, 0x00078F0, 0x00078F0, 0x007F0F0, 0x007F0F0, 0x003E0F0, 0x0000000, 0x0000000, 0x0000000 } }, // 引
  { 0x5F25, { 0x0000000, 0x0000000, 0x0000800, 0x03F9C00, 0x03F9C00, 0x03F9FF8, 0x003BFF8, 0x003BFF8, 0x03FF3B8, 0x03FF3B0, 0x03B2380, 0x0381BF0, 0x0383BF0, 0x03FBBB0, 0x03FBBB8, 0x003BBB8, 0x003F3B8, 0x003F39C, 0x0036398, 0x0070380, 0x01F0F80, 0x01F0F00, 0x01C0400, 0x0000000, 0x0000000 } }, // 弥
  { 0x5F39, { 0x0000000, 0x0000000, 0x0000060, 0x03F3870, 0x03FBCE0, 0x03F9CE0, 0x0038DC0, 0x003FFF8, 0x03FFFF8, 0x03FF7B8, 0x03B7FF8, 0x0387FF8, 0x03877B8, 0x03FFFF8, 0x03FFFF8, 0x0033FF0, 0x0038780, 0x003FFFC, 0x007FFFC, 0x0070780, 0x03F0780, 0x01E0780, 0x01C0300, 0x0000000, 0x0000000 } }, // 弹
  { 0x5F53, { 0x0000000, 0x0000000, 0x0003800, 0x00C3860, 0x01E38F0, 0x00E38E0, 0x00F38E0, 0x00739C0, 0x00739C0, 0x0003880, 0x00FFFF0, 0x01FFFF0, 0x00FFFF0, 0x0000070, 0x00FFFF0, 0x00FFFF0, 0x00FFFF0, 0x0000070, 0x0000070, 0x01FFFF0, 0x01FFFF0, 0x01FFFF0, 0x0000070, 0x0000000, 0x0000000 } }, // 当
  { 0x5F55, { 0x0000000, 0x0000000, 0x0000000, 0x01FFFE0, 0x01FFFE0, 0x00801E0, 0x00FFFE0, 0x00FFFE0, 0x00FFFE0, 0x00001E0, 0x03FFFF8, 0x03FFFF8, 0x00C3860, 0x00F38F0, 0x00FBFE0, 0x003BFC0, 0x001FF80, 0x00FFFC0, 0x03FFBF0, 0x03F39F8, 0x019F870, 0x000F000, 0x0000000, 0x0000000, 0x0000000 } }, // 录
  { 0x5F62, { 0x0000000, 0x0000000, 0x0000030, 0x03FF878, 0x03FF8F0, 0x03FFBE0, 0x00E77C0, 0x00E7700, 0x00E7230, 0x00E7078, 0x03FFCF0, 0x07FFDE0, 0x03FFFC0, 0x00E7780, 0x00E7338, 0x01C7038, 0x01C7070, 0x01C71F0, 0x01C73E0, 0x0387FC0, 0x0787F80, 0x0307600, 0x0000000, 0x0000000, 0x0000000 } }, // 形
  { 0x5F69, { 0x0000000, 0x0000000, 0x0007020, 0x03FF878, 0x03FF8F0, 0x03F03E0, 0x0133FC0, 0x03BBB80, 0x01DF030, 0x01DF078, 0x00380F0, 0x013D3E0, 0x03FFFC0, 0x03FFB80, 0x007E038, 0x00FF03C, 0x01FF878, 0x03FB8F0, 0x07B93E0, 0x03B8FC0, 0x0338F80, 0x0038600, 0x0000000, 0x0000000, 0x0000000 } }, // 彩
  { 0x5F71, { 0x0000000, 0x0000000, 0x0000000, 0x01FF870, 0x01FF8F0, 0x01FF9E0, 0x01FFBC0, 0x01C3F80, 0x01FFB00, 0x01FF838, 0x03FFC78, 0x03FFCF0, 0x03FFFE0, 0x01FFFC0, 0x01FFB00, 0x01C3838, 0x01FF878, 0x01FF8F0, 0x01FF1E0, 0x03BBBE0, 0x03FBF80, 0x0179300, 0x0030000, 0x0000000, 0x0000000 } }, // 影
  { 0x5F84, { 0x0000000, 0x0000000, 0x0020000, 0x0077FE0, 0x00F7FF0, 0x01E7FF0, 0x03C01E0, 0x03B03C0, 0x0378780, 0x0071FE0, 0x00E7FF8, 0x01FF878, 0x07EE018, 0x07E7FF0, 0x03E7FF0, 0x00E7FF0, 0x00E0700, 0x00E0700, 0x00E0700, 0x00EFFF8, 0x00EFFF8, 0x00EFFF8, 0x00E0000, 0x0000000, 0x0000000 } }, // 径
  { 0x5F88, { 0x0000000, 0x0000000, 0x0070000, 0x00F7FF0, 0x01E7FF0, 0x03C7070, 0x0387FF0, 0x033FFF0, 0x0077FF0, 0x00F7070, 0x01E7FF0, 0x03E7FF0, 0x07E7FF0, 0x03E7730, 0x02E7778, 0x00E73F0, 0x00E73E0, 0x00E71C0, 0x00E7FF0, 0x00E7EF8, 0x00EFE78, 0x00E7030, 0x0000000, 0x0000000, 0x0000000 } }, // 很
  { 0x5F97, { 0x0000000, 0x0000000, 0x0020000, 0x0077FF0, 0x00F7FF0, 0x01E7070, 0x03C7FF0, 0x03B7FF0, 0x037F070, 0x00F7FF0, 0x01E3FF0, 0x03EFFF8, 0x07EFFF8, 0x07EFFF8, 0x03E01E0, 0x00EFFF8, 0x00EFFF8, 0x00E31C0, 0x00E79C0, 0x00E3DC0, 0x00E1FC0, 0x00E07C0, 0x00E0380, 0x0000000, 0x0000000 } }, // 得
  { 0x5FA1, { 0x0000000, 0x0000000, 0x00EE000, 0x00EE1F8, 0x01CFFF8, 0x03DFFF8, 0x07BFFD8, 0x037B9D8, 0x00E39D8, 0x01FFFD8, 0x03DFFD8, 0x07CBDD8, 0x03CB9D8, 0x03DFFD8, 0x00DFFD8, 0x00DF9D8, 0x00DF9D8, 0x00DF9F8, 0x00DFFF8, 0x00FFFC0, 0x00FF9C0, 0x00C01C0, 0x0000000, 0x0000000, 0x0000000 } }, // 御
  { 0x5FAE, { 0x0000000, 0x0000000, 0x0043080, 0x00E71C0, 0x01FBDC0, 0x03DFDC0, 0x079BDC0, 0x037FFFC, 0x00FFFFC, 0x00FFFB8, 0x01C03B8, 0x03DFFB0, 0x07DFFF0, 0x07CF9F0, 0x03CFCF0, 0x00CFCE0, 0x00CDEE0, 0x00DDFE0, 0x00DDFF0, 0x00DDBF8, 0x00F87BC, 0x00D8718, 0x00C0200, 0x0000000, 0x0000000 } }, // 微
  { 0x5FBD, { 0x0000000, 0x0000000, 0x00430C0, 0x00F74C0, 0x01FF6C0, 0x03DB7C0, 0x039FFF8, 0x037FFFC, 0x00FFFF8, 0x01FFFB8, 0x01FFFB8, 0x03DFFF0, 0x07CEBF0, 0x07DFCF0, 0x03DFCF0, 0x01DFEF0, 0x01FFFE0, 0x01FFFE0, 0x01DFCF0, 0x01DBFF8, 0x01FB7BC, 0x01FF398, 0x00C6100, 0x0000000, 0x0000000 } }, // 徽
  { 0x5FC3, { 0x0000000, 0x0000000, 0x0000000, 0x0006000, 0x000F800, 0x0007C00, 0x0003E00, 0x0001E00, 0x001C600, 0x001C060, 0x01DC0F0, 0x01DC070, 0x01DC070, 0x01DC078, 0x03DC038, 0x039C038, 0x039C1FC, 0x039C1D8, 0x039C1C0, 0x001FFC0, 0x001FF80, 0x000FF80, 0x0000000, 0x0000000, 0x0000000 } }, // 心
  { 0x5FC6, { 0x0000000, 0x0000000, 0x00E0000, 0x00E0000, 0x00E7FF8, 0x00E7FF8, 0x01FFFF0, 0x03F81E0, 0x03FC3C0, 0x03FC380, 0x03E8700, 0x07E0F00, 0x03E1E00, 0x00E1C00, 0x00E3800, 0x00E7800, 0x00E7018, 0x00EF018, 0x00EE038, 0x00EFFF8, 0x00E7FF8, 0x00E3FF0, 0x00E0000, 0x0000000, 0x0000000 } }, // 忆
  { 0x5FD2, { 0x0000000, 0x0000000, 0x0000740, 0x00007E0, 0x0000778, 0x0000730, 0x03FFFF8, 0x03FFFF8, 0x03FFFF8, 0x0030700, 0x0038700, 0x003C700, 0x007E780, 0x03EFB80, 0x03E1B80, 0x03E1F80, 0x03E1F98, 0x03E7FDC, 0x0367FDC, 0x0377DFC, 0x007F0F8, 0x007E0F8, 0x0000070, 0x0000000, 0x0000000 } }, // 忒
  { 0x5FEB, { 0x0000000, 0x0000000, 0x00E0600, 0x00E0F00, 0x00E0700, 0x00E7FF0, 0x00F7FF0, 0x03FFFF0, 0x03F8F70, 0x03FCF70, 0x03F8F70, 0x07E0F70, 0x03EFFF8, 0x00EFFF8, 0x00EFFF8, 0x00E0F80, 0x00E1FC0, 0x00E1DC0, 0x00E3DE0, 0x00E78F8, 0x00FF078, 0x00EE038, 0x00E4010, 0x0000000, 0x0000000 } }, // 快
  { 0x5FFD, { 0x0000000, 0x0000000, 0x0010000, 0x0038000, 0x007A020, 0x007FFF0, 0x00FFFF0, 0x01EE770, 0x03DEE70, 0x019CE70, 0x0079C70, 0x00F3C70, 0x01E7AE0, 0x00CF3E0, 0x00073C0, 0x01BB820, 0x01FBC70, 0x01B9C70, 0x03B89F8, 0x03B83B8, 0x03BFFB8, 0x001FF00, 0x0003C00, 0x0000000, 0x0000000 } }, // 忽
  { 0x6001, { 0x0000000, 0x0000000, 0x0001000, 0x0003800, 0x0003800, 0x03FFFF8, 0x03FFFF8, 0x03FFFF8, 0x0007E00, 0x000FF00, 0x001E780, 0x003F3C0, 0x00FF9F8, 0x03F3CF8, 0x03E1C78, 0x0183820, 0x01FBCE0, 0x01F9C70, 0x01F8DF0, 0x03B81F8, 0x03BFFF8, 0x039FFB8, 0x000FF00, 0x0000000, 0x0000000 } }, // 态
  { 0x6025, { 0x0000000, 0x0000000, 0x001C000, 0x001C000, 0x003FF00, 0x007FF00, 0x01F0F00, 0x03FFFC0, 0x01FFFE0, 0x00FFFE0, 0x003FFE0, 0x007FFE0, 0x007FFE0, 0x00FFFE0, 0x00FFFE0, 0x00FFFC0, 0x0013870, 0x01FBC70, 0x01F9DF8, 0x03B8BF8, 0x03BFFB8, 0x011FF90, 0x0000000, 0x0000000, 0x0000000 } }, // 急
  { 0x6027, { 0x0000000, 0x0000000, 0x00E0300, 0x00E3780, 0x00E3B80, 0x00E3B80, 0x00F7780, 0x03FFFF8, 0x03FFFF8, 0x03FFFF0, 0x03EE700, 0x07EE700, 0x03E3FF0, 0x00E7FF0, 0x00E7FF0, 0x00E0780, 0x00E0780, 0x00E0780, 0x00E0300, 0x00EFFF8, 0x00EFFFC, 0x00EFFF8, 0x00E0000, 0x0000000, 0x0000000 } }, // 性
  { 0x602A, { 0x0000000, 0x0000000, 0x00E0000, 0x00E7FF0, 0x00E7FF0, 0x00E7FF0, 0x01FBCE0, 0x03F9FE0, 0x03F8FC0, 0x03FCFC0, 0x03FBFF0, 0x07EFFF8, 0x03EF878, 0x00E4710, 0x00E0700, 0x00E7FF8, 0x00E7FF8, 0x00E37F0, 0x00E0700, 0x00E7FF8, 0x00EFFFC, 0x00EFFFC, 0x00E0000, 0x0000000, 0x0000000 } }, // 怪
  { 0x6050, { 0x0000000, 0x0000000, 0x0000000, 0x03FDFE0, 0x03FFFE0, 0x03FFFE0, 0x00638E0, 0x0063EE0, 0x0063FE0, 0x007FFE0, 0x01FFBE0, 0x03FF8FC, 0x03EF0FC, 0x030E0F8, 0x001F870, 0x01FBCE0, 0x01F9EF0, 0x01D8F70, 0x03B81B8, 0x03BFFBC, 0x031FF98, 0x001FF00, 0x0000000, 0x0000000, 0x0000000 } }, // 恐
  { 0x6062, { 0x0000000, 0x0000000, 0x00E1800, 0x00E1C00, 0x00E1800, 0x00EFFF8, 0x00FFFF8, 0x03FFFF8, 0x03FB8C0, 0x03FB9C0, 0x03FBFD8, 0x03E7FF8, 0x03E7FF8, 0x00E7FF0, 0x00EEDF0, 0x00EEFF0, 0x00FE3C0, 0x00FC7C0, 0x00F87E0, 0x00E1E70, 0x00E3E78, 0x00E3C38, 0x00E1000, 0x0000000, 0x0000000 } }, // 恢
  { 0x606F, { 0x0000000, 0x0000000, 0x0003800, 0x0003800, 0x007FFC0, 0x007FFC0, 0x007FFC0, 0x007FFC0, 0x007FFC0, 0x00701C0, 0x007FFC0, 0x007FFC0, 0x00701C0, 0x007FFC0, 0x007FFC0, 0x0003860, 0x01FBC70, 0x01F9D70, 0x03B89F8, 0x03B83F8, 0x03BFFB8, 0x011FF80, 0x0007E00, 0x0000000, 0x0000000 } }, // 息
  { 0x6089, { 0x0000000, 0x0000000, 0x0000080, 0x000FFE0, 0x01FFFE0, 0x01FFD80, 0x00739C0, 0x007BB80, 0x03FFFF8, 0x03FFFF8, 0x03FFFF8, 0x003FF80, 0x00FBBE0, 0x03F39F8, 0x03C7878, 0x0107810, 0x00FFCE0, 0x00FDCF0, 0x01DC3F0, 0x03DC3B8, 0x039FFB8, 0x010FF10, 0x0003C00, 0x0000000, 0x0000000 } }, // 悉
  { 0x60A6, { 0x0000000, 0x0000000, 0x00E0040, 0x00E3870, 0x00E3CE0, 0x00E1CE0, 0x00F9DE0, 0x03FFFF0, 0x03FFFF0, 0x03FF070, 0x03FF070, 0x07E7B70, 0x03E7FF0, 0x00E7FF0, 0x00E1DC0, 0x00E1DC0, 0x00E1DC0, 0x00E1DC0, 0x00E3DD8, 0x00E79DC, 0x00FF1F8, 0x00EE0F8, 0x00E4020, 0x0000000, 0x0000000 } }, // 悦
  { 0x60C5, { 0x0000000, 0x0000000, 0x00C0700, 0x00E0700, 0x00EFFF8, 0x00FFFF8, 0x03F7FF0, 0x03FFFF0, 0x03F8700, 0x03FFFF8, 0x03FFFFC, 0x07E0000, 0x07E7FF0, 0x00E7FF0, 0x00E7F70, 0x00E7FF0, 0x00E7FF0, 0x00E7FF0, 0x00E7FF0, 0x00E7070, 0x00E61F0, 0x00E71F0, 0x00C60E0, 0x0000000, 0x0000000 } }, // 情
  { 0x60F3, { 0x0000000, 0x0000000, 0x0000000, 0x0070000, 0x0071FF0, 0x0071FF0, 0x03FFC70, 0x03FFFF0, 0x00F1FF0, 0x00F9C30, 0x00FDFF0, 0x01FFFF0, 0x03F7F70, 0x0371FF0, 0x0171FF0, 0x0073FF0, 0x019B860, 0x01FBC70, 0x03B9DF8, 0x03B83B8, 0x03BFFB8, 0x011FF80, 0x000FF00, 0x0000000, 0x0000000 } }, // 想
  { 0x611F, { 0x0000000, 0x0000000, 0x0000000, 0x00007E0, 0x00007F0, 0x01FFFF8, 0x01FFFF8, 0x01C0720, 0x01FFF70, 0x01FFF70, 0x01FF7E0, 0x01FFBE0, 0x01FBBD8, 0x03BBBDC, 0x03BFFF8, 0x03BFFF8, 0x0103070, 0x00BB860, 0x01F9DF0, 0x03F8DF8, 0x03BFFB8, 0x03BFF90, 0x000FF00, 0x0000000, 0x0000000 } }, // 感
  { 0x620F, { 0x0000000, 0x0000000, 0x0000EC0, 0x0000EE0, 0x03FCEF0, 0x03FCE70, 0x03FCE20, 0x001DFF8, 0x039FFF8, 0x039FFE0, 0x01F8E30, 0x00F8E70, 0x00F8F70, 0x00787E0, 0x00F87E0, 0x00FC7C0, 0x01FC798, 0x03CCF98, 0x03CDFF8, 0x0383FF8, 0x01039F8, 0x00000F0, 0x0000000, 0x0000000, 0x0000000 } }, // 戏
  { 0x6210, { 0x0000000, 0x0000000, 0x0000CC0, 0x0000FE0, 0x0000EF0, 0x01FFFF8, 0x01FFFF8, 0x01FFFF8, 0x01C0E00, 0x01C0E60, 0x01FEE70, 0x01FEEF0, 0x01FEEE0, 0x01CEFE0, 0x01CE7C0, 0x01CE7C0, 0x01CE790, 0x01FE798, 0x03FEF98, 0x039FFF8, 0x0387DF8, 0x03838F8, 0x0101060, 0x0000000, 0x0000000 } }, // 成
  { 0x6216, { 0x0000000, 0x0000000, 0x0000E40, 0x0000EF0, 0x0000EF0, 0x03FFFF8, 0x03FFFF8, 0x03FFFF8, 0x0000E00, 0x01FEE70, 0x01FEF70, 0x01FEF70, 0x01CE7E0, 0x01CE7E0, 0x01FE7E0, 0x01FE7C0, 0x0000790, 0x001F798, 0x03FFF9C, 0x03FFFF8, 0x03F3DF8, 0x00038F8, 0x0001060, 0x0000000, 0x0000000 } }, // 或
  { 0x6218, { 0x0000000, 0x0000000, 0x0070380, 0x00703F0, 0x00703F0, 0x00703B8, 0x007F390, 0x007F3B8, 0x0070FF8, 0x0070FF8, 0x0070F90, 0x01FF3B8, 0x03FF3B8, 0x03FF1F0, 0x03871F0, 0x03871E0, 0x03871E0, 0x03873DC, 0x03FF7FC, 0x03FFFF8, 0x03FFE78, 0x0187478, 0x0000000, 0x0000000, 0x0000000 } }, // 战
  { 0x6240, { 0x0000000, 0x0000000, 0x0004030, 0x01FE7F8, 0x01FEFF8, 0x01F8FC0, 0x01C0E00, 0x01FEE00, 0x01FEE00, 0x01FEFFC, 0x01CEFFC, 0x01CEFF8, 0x01FEE70, 0x01FEE70, 0x03FEE70, 0x0381E70, 0x0381C70, 0x0381C70, 0x0383C70, 0x0787870, 0x0707870, 0x0303070, 0x0000000, 0x0000000, 0x0000000 } }, // 所
  { 0x624B, { 0x0000000, 0x0000000, 0x00000C0, 0x0003FE0, 0x01FFFE0, 0x01FFF80, 0x00FB800, 0x0003800, 0x01FFFF0, 0x01FFFF0, 0x01FFFF0, 0x0003800, 0x0003800, 0x03FFFF8, 0x03FFFF8, 0x03FFFF8, 0x0003800, 0x0003800, 0x0003800, 0x0003800, 0x003F800, 0x003F800, 0x001E000, 0x0000000, 0x0000000 } }, // 手
  { 0x624D, { 0x0000000, 0x0000000, 0x0000700, 0x0000700, 0x0000700, 0x0000700, 0x0000700, 0x03FFFF8, 0x03FFFF8, 0x03FFFF8, 0x0003F00, 0x0007F00, 0x000F700, 0x001E700, 0x003E700, 0x007C700, 0x00F8700, 0x03F0700, 0x03E0700, 0x0180700, 0x0007F00, 0x0003F00, 0x0003C00, 0x0000000, 0x0000000 } }, // 才
  { 0x6253, { 0x0000000, 0x0000000, 0x0060000, 0x00F0000, 0x00F3FFC, 0x00E3FFC, 0x03FFFF8, 0x03FC1C0, 0x03FC1C0, 0x00F01C0, 0x00E01C0, 0x00FC1C0, 0x00FC1C0, 0x03FC1C0, 0x03F01C0, 0x03E01C0, 0x00F01C0, 0x00E01C0, 0x00E01C0, 0x00E01C0, 0x03E1FC0, 0x01E0FC0, 0x0180F00, 0x0000000, 0x0000000 } }, // 打
  { 0x626B, { 0x0000000, 0x0000000, 0x0060000, 0x00E0000, 0x00E3FF0, 0x00E3FF8, 0x03FFFF8, 0x03FC038, 0x03FC038, 0x00E0038, 0x00E0038, 0x00FFFF8, 0x01FFFF8, 0x07FFFF8, 0x03F0038, 0x03E0038, 0x00E0038, 0x00E0038, 0x00E3FF8, 0x00E7FF8, 0x03E7FF8, 0x03E0038, 0x01C0030, 0x0000000, 0x0000000 } }, // 扫
  { 0x627E, { 0x0000000, 0x0000000, 0x00E0C00, 0x00E0FC0, 0x00E0FE0, 0x00E0EF0, 0x03F8E60, 0x03FCFF8, 0x03FFFF8, 0x00E7FF8, 0x00E3E20, 0x00E8E70, 0x00FCE70, 0x07FCFE0, 0x03F07E0, 0x03E07C0, 0x00E0798, 0x00E0F9C, 0x00E3FDC, 0x00E7FF8, 0x03E79F8, 0x03E20F0, 0x0100000, 0x0000000, 0x0000000 } }, // 找
  { 0x6295, { 0x0000000, 0x0000000, 0x00E0000, 0x00E1FC0, 0x00E3FC0, 0x00E3FC0, 0x03FB8C0, 0x03FB9C0, 0x03FF8E0, 0x00EF0F8, 0x00EE0F8, 0x00E7FE0, 0x00FFFF0, 0x07FFFF0, 0x03F70F0, 0x03E38E0, 0x00E3FC0, 0x00E1FC0, 0x00E0F80, 0x00E7FF0, 0x03FFFF8, 0x03EF0F8, 0x0100010, 0x0000000, 0x0000000 } }, // 投
  { 0x62A4, { 0x0000000, 0x0000000, 0x00E0000, 0x00E0700, 0x00E0380, 0x00E0380, 0x03FBFF8, 0x03FBFF8, 0x03FBFF8, 0x00E3838, 0x00E3838, 0x00EBFF8, 0x00FBFF8, 0x07FBFF8, 0x03F3838, 0x03E3800, 0x00E7000, 0x00E7000, 0x00E7000, 0x00EF000, 0x03EE000, 0x01EE000, 0x0184000, 0x0000000, 0x0000000 } }, // 护
  { 0x62AB, { 0x0000000, 0x0000000, 0x00E0300, 0x00E0700, 0x00E0700, 0x00E7FF8, 0x03FFFF8, 0x03FFFF8, 0x03FF738, 0x00E7730, 0x00E77B0, 0x00E7FF8, 0x00FFFF0, 0x03FFC70, 0x03F7C70, 0x03E7EE0, 0x00EEFE0, 0x00EE7C0, 0x00EE7C0, 0x00FEFF0, 0x03FFFF8, 0x03DBC78, 0x0101010, 0x0000000, 0x0000000 } }, // 披
  { 0x62C9, { 0x0000000, 0x0000000, 0x00E0700, 0x00E0700, 0x00E0780, 0x00E0380, 0x03FFFF8, 0x03FFFF8, 0x03FFFF8, 0x00E1860, 0x00E1870, 0x00E1C70, 0x00F9CE0, 0x03F9CE0, 0x03F1CE0, 0x03E1CE0, 0x00E1CE0, 0x00E0CC0, 0x00E09C0, 0x00EFFFC, 0x03EFFFC, 0x03EFFF8, 0x0180000, 0x0000000, 0x0000000 } }, // 拉
  { 0x62D4, { 0x0000000, 0x0000000, 0x00E0C00, 0x00E1CE0, 0x00E1CF0, 0x00E1C70, 0x03FFFF8, 0x03FFFF8, 0x03FFFF8, 0x00E1C00, 0x00E1C00, 0x00E9FF8, 0x00F9FF0, 0x03F9E70, 0x03F3E70, 0x03E3F70, 0x00E3BE0, 0x00E73E0, 0x00E73C0, 0x00EF7F0, 0x03FEFF8, 0x01ECE38, 0x0180410, 0x0000000, 0x0000000 } }, // 拔
  { 0x62E9, { 0x0000000, 0x0000000, 0x00E0000, 0x00E7FF0, 0x00E7FF0, 0x00E7FF0, 0x03F9CE0, 0x03F8FC0, 0x03F8F80, 0x00E1FE0, 0x00E7FF8, 0x00FF8F8, 0x00FE718, 0x03FBFF0, 0x03F7FF0, 0x03E3FF0, 0x00E0700, 0x00EFFF8, 0x00EFFF8, 0x00E7FF8, 0x03E0700, 0x03E0700, 0x0180300, 0x0000000, 0x0000000 } }, // 择
  { 0x62F3, { 0x0000000, 0x0000000, 0x0001800, 0x00739C0, 0x00339C0, 0x01FFFE0, 0x01FFFF0, 0x01FFFF0, 0x000F000, 0x03FFFF8, 0x03FFFF8, 0x0078780, 0x00FFFE0, 0x03FFFF8, 0x03CB8F8, 0x017FFF8, 0x003FF80, 0x01FFFF0, 0x01FFFF0, 0x00E3FE0, 0x001F800, 0x001F800, 0x000E000, 0x0000000, 0x0000000 } }, // 拳
  { 0x6301, { 0x0000000, 0x0000000, 0x00C0300, 0x00E0300, 0x00E0700, 0x00E7FF8, 0x03F7FF8, 0x03FBFF0, 0x03F0300, 0x00EFFFC, 0x00EFFFC, 0x00EFFF8, 0x00F80E0, 0x07FFFF8, 0x07EFFF8, 0x03E7FF8, 0x00E38E0, 0x00E3CE0, 0x00E1CE0, 0x00E1CE0, 0x03E03E0, 0x03C03E0, 0x0100380, 0x0000000, 0x0000000 } }, // 持
  { 0x6309, { 0x0000000, 0x0000000, 0x00E0700, 0x00E0700, 0x00E0780, 0x00E7FF8, 0x03FFFF8, 0x07FF638, 0x03FF638, 0x00E6E18, 0x00E0E40, 0x00EFFFC, 0x00FFFFC, 0x01F9CF0, 0x07FB8E0, 0x07E38E0, 0x02E3FE0, 0x00E1FC0, 0x00E07E0, 0x00E1FF0, 0x03EFEF8, 0x03E7838, 0x0186010, 0x0000000, 0x0000000 } }, // 按
  { 0x6324, { 0x0000000, 0x0000000, 0x00C0600, 0x00E0700, 0x00E0700, 0x00EFFF8, 0x03FFFF8, 0x03F38E0, 0x03F1DE0, 0x00E1FC0, 0x00E0F80, 0x00E7FF8, 0x01FFFF8, 0x03FF8F8, 0x03E38E0, 0x03E38E0, 0x00E38E0, 0x00E38E0, 0x00E38E0, 0x00E78E0, 0x03CF0E0, 0x03CE0E0, 0x01000C0, 0x0000000, 0x0000000 } }, // 挤
  { 0x6325, { 0x0000000, 0x0000000, 0x00C0000, 0x01CFFF8, 0x00CFFF8, 0x01CFFF8, 0x03FEE38, 0x03FFE38, 0x03E7FF0, 0x00C7FF0, 0x01C3B80, 0x00F3B80, 0x03F7FF0, 0x07F7FF0, 0x03C7FF0, 0x01C0380, 0x00CFFF8, 0x01CFFFC, 0x00CFFF8, 0x03C0380, 0x03C0380, 0x0380380, 0x0000000, 0x0000000, 0x0000000 } }, // 挥
  { 0x6349, { 0x0000000, 0x0000000, 0x00C0000, 0x00E3FF0, 0x00E7FF0, 0x00E7FF0, 0x03FF070, 0x07FF070, 0x03FF070, 0x00E7FF0, 0x00E7FF0, 0x00E0700, 0x00F8700, 0x03FB700, 0x07F77F8, 0x03E77F8, 0x00E7700, 0x00E7700, 0x00EFF00, 0x00EFF00, 0x03FCFFC, 0x03DC7F8, 0x0188000, 0x0000000, 0x0000000 } }, // 捉
  { 0x6355, { 0x0000000, 0x0000000, 0x00E0300, 0x00E0770, 0x00E0778, 0x00E7FF8, 0x03FFFF8, 0x07FFFF8, 0x03F8700, 0x00E7FF8, 0x00E7FF8, 0x00E7FF8, 0x00FF738, 0x07FFFF8, 0x07F7FF8, 0x03E7738, 0x00E7FF8, 0x00E7FF8, 0x00E7FF8, 0x00E7738, 0x03E7778, 0x03E7778, 0x0187370, 0x0000000, 0x0000000 } }, // 捕
  { 0x6362, { 0x0000000, 0x0000000, 0x00C0800, 0x00E1C00, 0x00E1FE0, 0x00E3FF0, 0x03F7FE0, 0x03FF1E0, 0x03FFFF0, 0x00E7FF0, 0x00E7770, 0x00E7770, 0x00FF770, 0x03FF770, 0x07FFFF8, 0x03EFFFC, 0x00EFFF8, 0x00E0F80, 0x00E1FC0, 0x00E79F0, 0x03FF0FC, 0x03DE038, 0x0188000, 0x0000000, 0x0000000 } }, // 换
  { 0x636E, { 0x0000000, 0x0000000, 0x00C0000, 0x00E7FF8, 0x00E7FF8, 0x00E7FF8, 0x03FF038, 0x03FFFF8, 0x03FFFF8, 0x00E7FF8, 0x00E7380, 0x00E7FF8, 0x00FFFF8, 0x07FFFF8, 0x07EE380, 0x03EFFF8, 0x00EFFF8, 0x00EFFF8, 0x00EFC38, 0x00FDC38, 0x03FDFF8, 0x03DDFF8, 0x0109838, 0x0000000, 0x0000000 } }, // 据
  { 0x6388, { 0x0000000, 0x0000000, 0x00C0020, 0x00E1FF0, 0x00EFFF0, 0x00E7FB0, 0x03F7738, 0x07F7770, 0x03F3360, 0x00EFFF8, 0x00EFFF8, 0x00FE038, 0x01FE018, 0x07F7FF0, 0x07E7FF0, 0x03E38E0, 0x00E3DE0, 0x00E1FC0, 0x00E0F80, 0x00E3FE0, 0x03EFFF8, 0x03CF8F8, 0x0184030, 0x0000000, 0x0000000 } }, // 授
  { 0x6389, { 0x0000000, 0x0000000, 0x00E0700, 0x00E0700, 0x00E07F8, 0x00E07F8, 0x03F0700, 0x07FFFF0, 0x03FFFF8, 0x00E7FF8, 0x00E7078, 0x00EFFF8, 0x00FFFF8, 0x03FFFF8, 0x03E7FF8, 0x03E7FF0, 0x00E0700, 0x00EFFFC, 0x00EFFFC, 0x00E0700, 0x03E0700, 0x03C0700, 0x0380700, 0x0000000, 0x0000000 } }, // 掉
  { 0x63A5, { 0x0000000, 0x0000000, 0x00C0200, 0x00E0700, 0x00E7FF8, 0x00C7FF8, 0x03F7FF8, 0x03F18E0, 0x03F1DC0, 0x00EFFF8, 0x00EFFF8, 0x00EFFF8, 0x00F0E00, 0x07FFFF8, 0x07EFFFC, 0x03CFFF8, 0x00E38E0, 0x00E7FC0, 0x00E3FC0, 0x00E0FE0, 0x03CFFF8, 0x03CFC70, 0x0104000, 0x0000000, 0x0000000 } }, // 接
  { 0x63CF, { 0x0000000, 0x0000000, 0x00C18E0, 0x00E1CE0, 0x00E1CE0, 0x00EFFF8, 0x03FFFF8, 0x03FFFF8, 0x03F1CE0, 0x00E1CE0, 0x00E7FF0, 0x00F7FF8, 0x01FFFF8, 0x07FF738, 0x07E7738, 0x03E7FF8, 0x00E7FF8, 0x00E7738, 0x00E7738, 0x00E7FF8, 0x03C7FF8, 0x03C7FF8, 0x0106030, 0x0000000, 0x0000000 } }, // 描
  { 0x63D0, { 0x0000000, 0x0000000, 0x00E3FE0, 0x00E7FF0, 0x00E7FF0, 0x00E7FF0, 0x07FFFF0, 0x07FF070, 0x03F7FF0, 0x00E7FF0, 0x00E0000, 0x00FFFF8, 0x03FFFF8, 0x07F2700, 0x03E7700, 0x00E77F0, 0x00E77F0, 0x00E7F00, 0x00EFF00, 0x03EFFF8, 0x03DCFF8, 0x03C83F8, 0x0000000, 0x0000000, 0x0000000 } }, // 提
  { 0x6446, { 0x0000000, 0x0000000, 0x00C0000, 0x00EFFF8, 0x00EFFF8, 0x00EEDB8, 0x03FEDB8, 0x03FEDB8, 0x03FFFF8, 0x00EFFF8, 0x00E0700, 0x00E7FF0, 0x00FFFF8, 0x03FFFF0, 0x07F0700, 0x03EFFF8, 0x00EFFF8, 0x00EFFF8, 0x00E3C60, 0x00E7FF0, 0x03EFFF8, 0x03C7FF8, 0x0104010, 0x0000000, 0x0000000 } }, // 摆
  { 0x6447, { 0x0000000, 0x0000000, 0x00C0020, 0x00E1FF0, 0x00EFFF0, 0x00E7FA0, 0x03F6670, 0x03F7770, 0x03F3760, 0x00E3860, 0x00E7FF8, 0x00EFFF8, 0x00FE700, 0x07F4700, 0x07FFFF8, 0x03EFFF8, 0x00E6730, 0x00EE738, 0x00EE738, 0x00EFFF8, 0x03EFFF8, 0x03C7FF8, 0x0100030, 0x0000000, 0x0000000 } }, // 摇
  { 0x6469, { 0x0000000, 0x0000000, 0x0001800, 0x0001C00, 0x01FFFF8, 0x01FFFF8, 0x01C60C0, 0x01FFFF8, 0x01FFFF8, 0x01DF1E0, 0x01FFFF8, 0x01FF6D8, 0x01867E0, 0x019FFE0, 0x019FE00, 0x03BFFF0, 0x03BFFF0, 0x0380E00, 0x03FFFF8, 0x03BFFF8, 0x0705E00, 0x0307E00, 0x0007800, 0x0000000, 0x0000000 } }, // 摩
  { 0x6478, { 0x0000000, 0x0000000, 0x00C18C0, 0x00E1CE0, 0x00EFFF8, 0x00CFFF8, 0x03F1CE0, 0x03FBCE0, 0x03FFFF0, 0x00E7FF0, 0x00E7FF0, 0x00E7FF0, 0x00FF070, 0x03FFFF0, 0x03F7FF0, 0x03C0700, 0x00EFFF8, 0x00EFFF8, 0x00E0FC0, 0x00E3FE0, 0x03CFCF8, 0x03CF878, 0x0104010, 0x0000000, 0x0000000 } }, // 摸
  { 0x64CD, { 0x0000000, 0x0000000, 0x00C0000, 0x00E3FE0, 0x00E3FE0, 0x00C38E0, 0x03F3FE0, 0x03F3FE0, 0x03F1FC0, 0x00EFDF8, 0x00CFFF8, 0x00FEF98, 0x01FFDF8, 0x07FFFF8, 0x03E0700, 0x03CFFF8, 0x00EFFF8, 0x00EFFF8, 0x00C1FC0, 0x00EFFF8, 0x03DF778, 0x03DE738, 0x0000700, 0x0000000, 0x0000000 } }, // 操
  { 0x64E6, { 0x0000000, 0x0000000, 0x00C0600, 0x01C0700, 0x01CFFF8, 0x00CFFF8, 0x03FF338, 0x07FFFF8, 0x03F7FF8, 0x01CFFF0, 0x01CFDF0, 0x01E78E0, 0x01F7FF0, 0x07FFFF8, 0x03CE038, 0x03CFFF0, 0x00C7FF0, 0x01C3760, 0x01C7770, 0x00CF770, 0x03DFF38, 0x03CDF10, 0x0180E00, 0x0000000, 0x0000000 } }, // 擦
  { 0x653B, { 0x0000000, 0x0000000, 0x0000C00, 0x0000E00, 0x0001C00, 0x03FDC00, 0x03FDFF8, 0x03FFFFC, 0x00E3FF8, 0x00E7870, 0x00E7CF0, 0x00EFCE0, 0x00E7CE0, 0x00E0FE0, 0x00E4FC0, 0x00FE7C0, 0x07FC780, 0x07F8FC0, 0x0381FE0, 0x000FDF8, 0x001F8F8, 0x000F078, 0x0004010, 0x0000000, 0x0000000 } }, // 攻
  { 0x653E, { 0x0000000, 0x0000000, 0x0020600, 0x0070700, 0x0070700, 0x03FE700, 0x03FEFF8, 0x03FEFFC, 0x00E0FFC, 0x00E1E70, 0x00FFE70, 0x00FFE70, 0x00FFFE0, 0x00CF7E0, 0x00CE7E0, 0x01CE3C0, 0x01CE3C0, 0x01CE3C0, 0x01CC7E0, 0x039DFF8, 0x07FFE7C, 0x033DC38, 0x0039010, 0x0000000, 0x0000000 } }, // 放
  { 0x6548, { 0x0000000, 0x0000000, 0x0020300, 0x0070380, 0x0030300, 0x03FF700, 0x03FF7F8, 0x03FF7F8, 0x00CC7F8, 0x01CEE70, 0x01C7E70, 0x039FF70, 0x07DFF70, 0x03FCFE0, 0x00F83E0, 0x00783E0, 0x007C1C0, 0x00FE3E0, 0x01EE7E0, 0x03CEFF0, 0x03C3E78, 0x0303C38, 0x0001810, 0x0000000, 0x0000000 } }, // 效
  { 0x6562, { 0x0000000, 0x0000000, 0x0000380, 0x01FE780, 0x01FE700, 0x000E700, 0x03FF7FC, 0x03FFFFC, 0x03FFFF8, 0x01CEE70, 0x01FFF70, 0x01FFF70, 0x01CFF70, 0x01FE3E0, 0x01FE3E0, 0x01FE3E0, 0x01CF1C0, 0x03FFBE0, 0x07FF7F0, 0x03EEFF8, 0x000FF38, 0x000EC18, 0x0000000, 0x0000000, 0x0000000 } }, // 敢
  { 0x6570, { 0x0000000, 0x0000000, 0x0132300, 0x03B7700, 0x01FE700, 0x01FE700, 0x03FFFF8, 0x03FFFF8, 0x00FEFF8, 0x01FFF70, 0x03F7F70, 0x0331F60, 0x0071FE0, 0x03FF3E0, 0x03FF3E0, 0x01CE1C0, 0x01EE1C0, 0x01FC3E0, 0x007C7F0, 0x01FFF78, 0x03E5E38, 0x0381810, 0x0000000, 0x0000000, 0x0000000 } }, // 数
  { 0x6574, { 0x0000000, 0x0000000, 0x0000000, 0x0030300, 0x03FF700, 0x03FF7F8, 0x01FEFF8, 0x03FFE70, 0x03B7FE0, 0x03FFFE0, 0x01FE3C0, 0x01FE7F0, 0x03F7FF8, 0x0330E38, 0x01FFFF0, 0x01FFFF0, 0x01FFFF0, 0x0063FC0, 0x0073FC0, 0x0073FC0, 0x03FFFF8, 0x03FFFF8, 0x03FFFF8, 0x0000000, 0x0000000 } }, // 整
  { 0x6587, { 0x0000000, 0x0000000, 0x0001800, 0x0003800, 0x0003C00, 0x0003C00, 0x03FFFF8, 0x03FFFF8, 0x03FFFF8, 0x00703C0, 0x0038380, 0x003C780, 0x001C700, 0x001EF00, 0x000FE00, 0x0007C00, 0x0007C00, 0x001FF00, 0x007FFC0, 0x01FC7F8, 0x03F81F8, 0x03E0078, 0x0100000, 0x0000000, 0x0000000 } }, // 文
  { 0x6597, { 0x0000000, 0x0000000, 0x0000000, 0x0000780, 0x0018780, 0x003E780, 0x003F780, 0x000F780, 0x0002780, 0x00E0780, 0x01F8780, 0x00FC780, 0x003C780, 0x0018700, 0x00007F8, 0x003FFF8, 0x03FFFF8, 0x03FFF80, 0x03E0780, 0x0000780, 0x0000780, 0x0000780, 0x0000300, 0x0000000, 0x0000000 } }, // 斗
  { 0x6599, { 0x0000000, 0x0000000, 0x0060060, 0x00700E0, 0x037ECE0, 0x037EFE0, 0x03FC7E0, 0x03FC3E0, 0x03FC0E0, 0x03FD8E0, 0x03FFEE0, 0x03FFEE0, 0x00F06E0, 0x01F80E0, 0x01FC0F8, 0x03FFFFC, 0x03FFFF8, 0x0773FE0, 0x03700E0, 0x02700E0, 0x00700E0, 0x00700E0, 0x0060060, 0x0000000, 0x0000000 } }, // 料
  { 0x659C, { 0x0000000, 0x0000000, 0x0010060, 0x0038070, 0x007C670, 0x00FE770, 0x01EFFF0, 0x03C7BF0, 0x07FF070, 0x03FE470, 0x0038E70, 0x0038F70, 0x03FF7F0, 0x03FF370, 0x003A078, 0x01BE7FC, 0x01FFFF8, 0x03BFFF0, 0x03BB870, 0x03BB070, 0x03F8070, 0x00F0070, 0x0060060, 0x0000000, 0x0000000 } }, // 斜
  { 0x65AD, { 0x0000000, 0x0000000, 0x000C030, 0x039C0F8, 0x03FFFF8, 0x03FFFE0, 0x03FF700, 0x03BE700, 0x03FFF00, 0x03FFFF8, 0x03FFFFC, 0x039E7FC, 0x03BF770, 0x03BFF70, 0x03FFE70, 0x03FCE70, 0x03DCE70, 0x039CE70, 0x03FFE70, 0x03FFE70, 0x03FFC70, 0x0000C70, 0x0000470, 0x0000000, 0x0000000 } }, // 断
  { 0x65AF, { 0x0000000, 0x0000000, 0x01CE070, 0x01CE1F8, 0x03FF7F0, 0x03FFF80, 0x03FF600, 0x01CE600, 0x01FE700, 0x01FE7FC, 0x01CE7FC, 0x01FE7F8, 0x01FE670, 0x01FE670, 0x01CEE70, 0x07FFE70, 0x07FFE70, 0x00CCE70, 0x01FEE70, 0x03CFC70, 0x0387C70, 0x0101870, 0x0000000, 0x0000000, 0x0000000 } }, // 斯
  { 0x65B0, { 0x0000000, 0x0000000, 0x0030000, 0x00701F0, 0x03FEFF8, 0x03FFFC0, 0x03FEE00, 0x01CEE00, 0x01CCE00, 0x03FFFF8, 0x03FFFFC, 0x03FFFF8, 0x0030E70, 0x03FFE70, 0x03FFE70, 0x0176E70, 0x01FEE70, 0x03B7E70, 0x03B7C70, 0x0333C70, 0x00F1C70, 0x00F0870, 0x0000060, 0x0000000, 0x0000000 } }, // 新
  { 0x65B9, { 0x0000000, 0x0000000, 0x0001800, 0x0003800, 0x0003C00, 0x0003C00, 0x03FFFF8, 0x03FFFF8, 0x03FFFF8, 0x001C000, 0x001C000, 0x001FFE0, 0x001FFE0, 0x001FFE0, 0x003C0E0, 0x00380E0, 0x00380E0, 0x00780E0, 0x00F01E0, 0x01E01C0, 0x03E1FC0, 0x03C1F80, 0x0100E00, 0x0000000, 0x0000000 } }, // 方
  { 0x65C5, { 0x0000000, 0x0000000, 0x0020C00, 0x0070E00, 0x0070E00, 0x03FDFF8, 0x03FFFF8, 0x03FFF70, 0x00C78F0, 0x00C3FF8, 0x00FDFE0, 0x00FDFD0, 0x00FDDF8, 0x00DDDF8, 0x01DDDF0, 0x01DDCE0, 0x01DDCE0, 0x01DDCE0, 0x019DFF0, 0x039DFF8, 0x03FDF38, 0x0779C30, 0x0130000, 0x0000000, 0x0000000 } }, // 旅
  { 0x65CB, { 0x0000000, 0x0000000, 0x0020C00, 0x00E0E00, 0x0071E00, 0x03FDFF8, 0x03FFFF8, 0x03FFFF8, 0x00E7800, 0x00C3FF8, 0x00FDFF8, 0x01FC3B8, 0x01FCBB0, 0x01DDF90, 0x01DDFF8, 0x01DDFF8, 0x01DDF80, 0x01DDF80, 0x039FF80, 0x039FF80, 0x07FF7FC, 0x037B3F8, 0x0030030, 0x0000000, 0x0000000 } }, // 旋
  { 0x65E0, { 0x0000000, 0x0000000, 0x0000000, 0x01FFFF0, 0x01FFFF0, 0x01FFFF0, 0x0003800, 0x0007800, 0x0007000, 0x03FFFF8, 0x03FFFF8, 0x03FFFF8, 0x0007C00, 0x000FC00, 0x000FC00, 0x001DC10, 0x003DC18, 0x0079C38, 0x01F1FF8, 0x03E0FF8, 0x03C0FF0, 0x0100000, 0x0000000, 0x0000000, 0x0000000 } }, // 无
  { 0x65E5, { 0x0000000, 0x0000000, 0x0000000, 0x00FFFE0, 0x00FFFE0, 0x00FFFE0, 0x00E00E0, 0x00E00E0, 0x00E00E0, 0x00E00E0, 0x00FFFE0, 0x00FFFE0, 0x00FFFE0, 0x00E00E0, 0x00E00E0, 0x00E00E0, 0x00E00E0, 0x00E00E0, 0x00FFFE0, 0x00FFFE0, 0x00FFFE0, 0x00E00E0, 0x0000000, 0x0000000, 0x0000000 } }, // 日
  { 0x65F6, { 0x0000000, 0x0000000, 0x0000060, 0x00000E0, 0x03FC0E0, 0x03FC0E0, 0x03FFFF8, 0x039FFFC, 0x039FFFC, 0x039C0F0, 0x03FC8E0, 0x03FDCE0, 0x03FDCE0, 0x039CEE0, 0x039CFE0, 0x039C7E0, 0x03FC0E0, 0x03FC0E0, 0x03FC0E0, 0x03807E0, 0x00007E0, 0x00007C0, 0x0000000, 0x0000000, 0x0000000 } }, // 时
  { 0x660E, { 0x0000000, 0x0000000, 0x01F9FF8, 0x03FDFF8, 0x03FDFF8, 0x039DC38, 0x039DC38, 0x039DFF8, 0x03FDFF8, 0x03FDFF8, 0x03FDC38, 0x039DC38, 0x039DFF8, 0x03FDFF8, 0x03FDFF8, 0x03FDC38, 0x0383838, 0x0383838, 0x0007838, 0x000F1F8, 0x000E1F0, 0x00040E0, 0x0000000, 0x0000000, 0x0000000 } }, // 明
  { 0x661F, { 0x0000000, 0x0000000, 0x0000000, 0x00FFFE0, 0x00FFFE0, 0x00E00E0, 0x00FFFE0, 0x00FFFE0, 0x00E00E0, 0x00FFFE0, 0x00FFFE0, 0x0073800, 0x00F3800, 0x00FFFF0, 0x01FFFF0, 0x03C3800, 0x03FFFC0, 0x007FFE0, 0x007FFC0, 0x0003800, 0x03FFFF8, 0x03FFFF8, 0x0000000, 0x0000000, 0x0000000 } }, // 星
  { 0x662F, { 0x0000000, 0x0000000, 0x007FFC0, 0x00FFFE0, 0x00FFFE0, 0x00FFFE0, 0x00FFFE0, 0x00E00E0, 0x00FFFE0, 0x00FFFE0, 0x00FFFE0, 0x03FFFF8, 0x03FFFF8, 0x007BC00, 0x0073800, 0x0073FF0, 0x00F3FF0, 0x00FBC00, 0x01FF800, 0x03DFFF8, 0x038FFF8, 0x0303FF8, 0x0000000, 0x0000000, 0x0000000 } }, // 是
  { 0x6635, { 0x0000000, 0x0000000, 0x0000000, 0x03FBFF8, 0x03FBFF8, 0x03FB038, 0x03BB038, 0x03BBFF8, 0x03BBFF8, 0x03FBF10, 0x03FB700, 0x03FB730, 0x03BB778, 0x03BB7F8, 0x03BF7E0, 0x03BF780, 0x03FF700, 0x03FF718, 0x038E71C, 0x038E7F8, 0x001C7F8, 0x00043F0, 0x0000000, 0x0000000, 0x0000000 } }, // 昵
  { 0x663E, { 0x0000000, 0x0000000, 0x0000000, 0x00FFFE0, 0x00FFFE0, 0x00FFFE0, 0x00E00E0, 0x00FFFE0, 0x00FFFE0, 0x00E00E0, 0x00FFFE0, 0x00FFFE0, 0x000C600, 0x00CEE60, 0x01CEE70, 0x00EEEE0, 0x00EEEE0, 0x006EFC0, 0x000EE00, 0x07FFFFC, 0x07FFFFC, 0x03FFFF8, 0x0000000, 0x0000000, 0x0000000 } }, // 显
  { 0x664B, { 0x0000000, 0x0000000, 0x0080000, 0x01FFFF0, 0x01FFFF0, 0x00EEEE0, 0x00EEEE0, 0x00EEEE0, 0x006EFC0, 0x03FFFF8, 0x03FFFF8, 0x03FFFF8, 0x007FFE0, 0x00FFFE0, 0x00FFFE0, 0x00E00E0, 0x00FFFE0, 0x00FFFE0, 0x00E00E0, 0x00FFFE0, 0x00FFFE0, 0x00E00E0, 0x0000000, 0x0000000, 0x0000000 } }, // 晋
  { 0x666E, { 0x0000000, 0x0000000, 0x0010100, 0x0038380, 0x0038780, 0x01FFFF0, 0x01FFFF0, 0x00EEEE0, 0x00EEEE0, 0x006EEC0, 0x03FFFF8, 0x03FFFF8, 0x03FFFF8, 0x007FFC0, 0x00FFFE0, 0x00FFFE0, 0x00FFFE0, 0x00FFFE0, 0x00FFFE0, 0x00E00E0, 0x00FFFE0, 0x00FFFE0, 0x00600C0, 0x0000000, 0x0000000 } }, // 普
  { 0x666F, { 0x0000000, 0x0000000, 0x00FFFE0, 0x00FFFE0, 0x00E00E0, 0x00FFFE0, 0x00FFFE0, 0x00FFFE0, 0x00FFFE0, 0x0003800, 0x03FFFF8, 0x03FFFF8, 0x007FFC0, 0x007FFE0, 0x007FFE0, 0x00701E0, 0x007FFE0, 0x007FFC0, 0x007BBC0, 0x03F3BF0, 0x03EF8F8, 0x018F030, 0x0000000, 0x0000000, 0x0000000 } }, // 景
  { 0x6676, { 0x0000000, 0x0000000, 0x0000000, 0x007FFC0, 0x007FFC0, 0x00701C0, 0x007FFC0, 0x007FFC0, 0x00701C0, 0x007FFC0, 0x007FFC0, 0x003FF80, 0x01FEFF8, 0x03FEFF8, 0x01FEFF8, 0x018EE38, 0x01FEFF8, 0x01FEFF8, 0x018EE38, 0x01FEFF8, 0x03FEFF8, 0x01FEFF8, 0x0000000, 0x0000000, 0x0000000 } }, // 晶
  { 0x6682, { 0x0000000, 0x0000000, 0x0060000, 0x03FF7F8, 0x03FFFF8, 0x03FFF80, 0x01D8E00, 0x03FFFF8, 0x03FFFF8, 0x01FFEE0, 0x00FFEE0, 0x03FFEE0, 0x03F9CE0, 0x0018CE0, 0x00FFFE0, 0x00FFFE0, 0x00E00E0, 0x00FFFE0, 0x00FFFE0, 0x00E00E0, 0x00FFFE0, 0x00FFFE0, 0x00E00E0, 0x0000000, 0x0000000 } }, // 暂
  { 0x66B4, { 0x0000000, 0x0000000, 0x00FFFE0, 0x00FFFE0, 0x00E00E0, 0x00FFFE0, 0x00FFFE0, 0x00FFFE0, 0x00FFFE0, 0x001C700, 0x01FFFF0, 0x01FFFF0, 0x001C700, 0x03FFFF8, 0x03FFFF8, 0x00FBBE0, 0x03FBBF8, 0x03DBBB8, 0x001FF00, 0x00FFFE0, 0x00FFBE0, 0x00CF040, 0x0000000, 0x0000000, 0x0000000 } }, // 暴
  { 0x66F4, { 0x0000000, 0x0000000, 0x03FFFF8, 0x03FFFF8, 0x03FFFF8, 0x0003800, 0x00FFFF0, 0x00FFFF0, 0x00E3870, 0x00FFFF0, 0x00FFFF0, 0x00FFFF0, 0x00E3870, 0x00FFFF0, 0x00FFFF0, 0x0077800, 0x007F000, 0x003F000, 0x007FE00, 0x03FFFF8, 0x03F3FF8, 0x01800F8, 0x0000000, 0x0000000, 0x0000000 } }, // 更
  { 0x6700, { 0x0000000, 0x0000000, 0x007FFC0, 0x00FFFE0, 0x00E00E0, 0x00FFFE0, 0x00FFFE0, 0x00FFFE0, 0x00FFFE0, 0x0000000, 0x03FFFF8, 0x03FFFF8, 0x01CF000, 0x00FFFF8, 0x00FFFF8, 0x00FEE70, 0x00FE770, 0x00EF7E0, 0x01FF3E0, 0x03FFFF8, 0x03FFFF8, 0x0006E38, 0x0000000, 0x0000000, 0x0000000 } }, // 最
  { 0x6708, { 0x0000000, 0x0000000, 0x007FFE0, 0x007FFE0, 0x007FFE0, 0x00700E0, 0x00700E0, 0x007FFE0, 0x007FFE0, 0x007FFE0, 0x00700E0, 0x00700E0, 0x007FFE0, 0x00FFFE0, 0x00FFFE0, 0x00E00E0, 0x00E00E0, 0x01C00E0, 0x03C01E0, 0x0380FE0, 0x0380FC0, 0x0100780, 0x0000000, 0x0000000, 0x0000000 } }, // 月
  { 0x6709, { 0x0000000, 0x0000000, 0x0004000, 0x000E000, 0x000E000, 0x03FFFF8, 0x03FFFF8, 0x03FFFF8, 0x0038000, 0x007FFE0, 0x007FFE0, 0x00FFFE0, 0x01F80E0, 0x03FFFE0, 0x03BFFE0, 0x01380E0, 0x003FFE0, 0x003FFE0, 0x003FFE0, 0x00380E0, 0x00387E0, 0x00387C0, 0x0030380, 0x0000000, 0x0000000 } }, // 有
  { 0x670D, { 0x0000000, 0x0000000, 0x01F9FF0, 0x01FDFF8, 0x01FDFF8, 0x01DD838, 0x019D838, 0x01FD9F8, 0x01FD9F0, 0x01FD800, 0x01DDFF8, 0x019DFF8, 0x01FDFF8, 0x01FDF38, 0x01FDB70, 0x039DBF0, 0x039D9E0, 0x039D9E0, 0x039D9F0, 0x03FDFF8, 0x077DFBC, 0x037BA18, 0x0000000, 0x0000000, 0x0000000 } }, // 服
  { 0x6717, { 0x0000000, 0x0000000, 0x0070000, 0x0078FF8, 0x03FEFF8, 0x03FFFF8, 0x03FFE38, 0x0387F78, 0x03FFFF8, 0x03FFFF8, 0x0387E38, 0x03FFE38, 0x03FFE38, 0x03FEFF8, 0x0398FF8, 0x039CFF8, 0x039CE38, 0x03FEE38, 0x03FFC38, 0x03FFDF8, 0x03C7DF8, 0x03018F0, 0x0000000, 0x0000000, 0x0000000 } }, // 朗
  { 0x671B, { 0x0000000, 0x0000000, 0x0020000, 0x0070FF8, 0x03FEFF8, 0x07FFE38, 0x03FEFF8, 0x00E0FF8, 0x00E0FF8, 0x00FEFF8, 0x01FFC38, 0x01FBDF8, 0x01C39F0, 0x00018E0, 0x01FFFF0, 0x01FFFF0, 0x0003800, 0x00FFFE0, 0x00FFFE0, 0x0003800, 0x03FFFF8, 0x03FFFF8, 0x0000000, 0x0000000, 0x0000000 } }, // 望
  { 0x6728, { 0x0000000, 0x0000000, 0x0003800, 0x0003800, 0x0003800, 0x0003800, 0x0003800, 0x03FFFF8, 0x03FFFF8, 0x03FFFF8, 0x000FE00, 0x000FE00, 0x001FF00, 0x003FF80, 0x003BB80, 0x007BBC0, 0x00F39F0, 0x03E38F8, 0x07C387C, 0x0383838, 0x0103800, 0x0003800, 0x0003800, 0x0000000, 0x0000000 } }, // 木
  { 0x672A, { 0x0000000, 0x0000000, 0x0003800, 0x0003800, 0x0003800, 0x00FFFE0, 0x01FFFF0, 0x00FFFF0, 0x0003800, 0x0003800, 0x0003800, 0x03FFFF8, 0x03FFFF8, 0x03FFFF8, 0x000FE00, 0x001FF00, 0x003FF80, 0x00FBBE0, 0x01F39F0, 0x03E38F8, 0x03C3878, 0x0103810, 0x0003800, 0x0000000, 0x0000000 } }, // 未
  { 0x672C, { 0x0000000, 0x0000000, 0x0003800, 0x0003800, 0x0003800, 0x0003800, 0x03FFFF8, 0x03FFFF8, 0x03FFFF8, 0x001FF00, 0x001FF00, 0x003BB80, 0x007BB80, 0x00739C0, 0x00F39E0, 0x01E38F0, 0x03FFFF8, 0x03FFFF8, 0x03BFFB0, 0x0003800, 0x0003800, 0x0003800, 0x0003800, 0x0000000, 0x0000000 } }, // 本
  { 0x672F, { 0x0000000, 0x0000000, 0x0003800, 0x0003B80, 0x0003BC0, 0x00039E0, 0x00038C0, 0x03FFFF8, 0x03FFFF8, 0x03FFFF8, 0x0007E00, 0x000FE00, 0x000FF00, 0x001FF80, 0x003FBC0, 0x007B9E0, 0x01F39F0, 0x03E38F8, 0x03C3878, 0x0383830, 0x0003800, 0x0003800, 0x0003800, 0x0000000, 0x0000000 } }, // 术
  { 0x673A, { 0x0000000, 0x0000000, 0x0070000, 0x0071FC0, 0x0071FE0, 0x0071FE0, 0x03FDCE0, 0x03FDCE0, 0x03FDCE0, 0x00F1CE0, 0x00F9CE0, 0x00FDCE0, 0x01FFCE0, 0x01FFCE0, 0x03FF8E0, 0x03F38E0, 0x07738E8, 0x03738FC, 0x02778FC, 0x00770FC, 0x007F0FC, 0x007E0F8, 0x0074030, 0x0000000, 0x0000000 } }, // 机
  { 0x6743, { 0x0000000, 0x0000000, 0x0070000, 0x0070000, 0x0073FF0, 0x0073FF8, 0x03FFFF8, 0x03FF838, 0x03FD870, 0x00F1C70, 0x00F1C70, 0x00F9CF0, 0x01FCEE0, 0x01FEEE0, 0x03FEFC0, 0x03F47C0, 0x0770780, 0x03707C0, 0x0271FE0, 0x0073EF0, 0x0077CF8, 0x0077038, 0x0072010, 0x0000000, 0x0000000 } }, // 权
  { 0x6756, { 0x0000000, 0x0000000, 0x00600C0, 0x00F00E0, 0x00E00E0, 0x00600C0, 0x03FFFF8, 0x03FFFF8, 0x03FFFF8, 0x00F01C0, 0x00F39C0, 0x00F9DC0, 0x01FDDC0, 0x01FDDC0, 0x03ECFC0, 0x07E0F80, 0x0760780, 0x0360780, 0x0060FC0, 0x00E3FF0, 0x0067CF8, 0x00F7878, 0x0062010, 0x0000000, 0x0000000 } }, // 杖
  { 0x675F, { 0x0000000, 0x0000000, 0x0003800, 0x0003800, 0x01FFFF0, 0x03FFFF8, 0x03FFFF8, 0x0003800, 0x00FFFE0, 0x00FFFF0, 0x00FFFF0, 0x00E38F0, 0x00E38F0, 0x00FFFF0, 0x00FFFF0, 0x00FFFE0, 0x001FF00, 0x003FF80, 0x00FBBE0, 0x03F39F8, 0x03E38F8, 0x0183830, 0x0003800, 0x0000000, 0x0000000 } }, // 束
  { 0x6761, { 0x0000000, 0x0000000, 0x000C000, 0x000E000, 0x001FF80, 0x003FFC0, 0x00FFFC0, 0x01FC780, 0x01FFF00, 0x008FE00, 0x003FFC0, 0x03FFFF8, 0x03FB3F8, 0x03C3830, 0x00FFFE0, 0x00FFFF0, 0x00FFFE0, 0x0033980, 0x00F3BC0, 0x01E39E0, 0x01CF8F0, 0x008F860, 0x0006000, 0x0000000, 0x0000000 } }, // 条
  { 0x676F, { 0x0000000, 0x0000000, 0x0060000, 0x00E7FF8, 0x00E7FF8, 0x00E7FF8, 0x03F8380, 0x03F8780, 0x03F8700, 0x00F0FC0, 0x00F8FE0, 0x01FDFE0, 0x01FFFF0, 0x01FFF78, 0x03EFF38, 0x03E7718, 0x07E2700, 0x03E0700, 0x02E0700, 0x00E0700, 0x00E0700, 0x00E0700, 0x0060700, 0x0000000, 0x0000000 } }, // 杯
  { 0x6770, { 0x0000000, 0x0000000, 0x0003800, 0x0003800, 0x0003800, 0x01FFFF0, 0x03FFFF8, 0x03FFFF8, 0x000FE00, 0x001FF00, 0x003FF80, 0x007BBC0, 0x01F39F0, 0x03E38F8, 0x03C3878, 0x0183810, 0x0000000, 0x00EC6E0, 0x01EEEF0, 0x01CEE70, 0x03CE738, 0x038E738, 0x0100010, 0x0000000, 0x0000000 } }, // 杰
  { 0x677F, { 0x0000000, 0x0000000, 0x0060000, 0x00E0FF0, 0x00E3FF8, 0x00E3FC0, 0x03FF800, 0x03FF000, 0x03FFFF0, 0x00E3FF8, 0x00F3FF0, 0x01FBE70, 0x01FFE70, 0x01FF770, 0x03FF7E0, 0x03E73E0, 0x07E73C0, 0x02E73C0, 0x00EE7E0, 0x00EEFF0, 0x00FFE78, 0x00FDC38, 0x0064810, 0x0000000, 0x0000000 } }, // 板
  { 0x6797, { 0x0000000, 0x0000000, 0x0070180, 0x0070380, 0x0070380, 0x0070380, 0x00703C0, 0x03FFFF8, 0x03FFFF8, 0x03FDFF8, 0x00F83C0, 0x00FC7E0, 0x00FE7E0, 0x01FEFF0, 0x01F4FF0, 0x03F1FF8, 0x0773FB8, 0x0373B98, 0x0273390, 0x0070380, 0x0070380, 0x0070380, 0x0070180, 0x0000000, 0x0000000 } }, // 林
  { 0x679C, { 0x0000000, 0x0000000, 0x00FFFE0, 0x00FFFE0, 0x00FFFE0, 0x00E38E0, 0x00FFFE0, 0x00FFFE0, 0x00E38E0, 0x00FFFE0, 0x00FFFE0, 0x00FFFE0, 0x0103818, 0x03FFFF8, 0x03FFFF8, 0x001FF00, 0x003FF80, 0x00FBBE0, 0x03F39F8, 0x03E3878, 0x0183830, 0x0003800, 0x0000000, 0x0000000, 0x0000000 } }, // 果
  { 0x67AA, { 0x0000000, 0x0000000, 0x00E0700, 0x00E0700, 0x00E0F80, 0x00E0F80, 0x03F9FC0, 0x03FBCE0, 0x03FF8F0, 0x00EF078, 0x00FFFF8, 0x01FFFF0, 0x01FBFE0, 0x01FF8E0, 0x03FF8E0, 0x07EBBE0, 0x07E3BC0, 0x03E3BB0, 0x02E3838, 0x00E3FF8, 0x00E3FF8, 0x00E1FF0, 0x00E0000, 0x0000000, 0x0000000 } }, // 枪
  { 0x67CF, { 0x0000000, 0x0000000, 0x00E0300, 0x00E0780, 0x00E0700, 0x00E0700, 0x03FBFF8, 0x03FBFF8, 0x03FBFF8, 0x00F3878, 0x01F3878, 0x01FB878, 0x01FFFF8, 0x03FFFF8, 0x03FBFF8, 0x03E3878, 0x07E3878, 0x03E3878, 0x02E3878, 0x00E3FF8, 0x00E3FF8, 0x00E3FF8, 0x00E3030, 0x0000000, 0x0000000 } }, // 柏
  { 0x67E5, { 0x0000000, 0x0000000, 0x0000000, 0x0003800, 0x0003800, 0x03FFFF8, 0x03FFFF8, 0x03FFFF8, 0x003FF00, 0x007BBC0, 0x01F39F0, 0x03E38F8, 0x03FFFF8, 0x007FFC0, 0x00701C0, 0x007FFC0, 0x007FFC0, 0x007FFC0, 0x007FFC0, 0x0000000, 0x03FFFF8, 0x03FFFF8, 0x03FFFF8, 0x0000000, 0x0000000 } }, // 查
  { 0x6807, { 0x0000000, 0x0000000, 0x0060000, 0x00E1FF0, 0x00E1FF0, 0x00E1FF0, 0x03FC000, 0x07FC000, 0x07FC000, 0x00F3FF8, 0x00F3FF8, 0x01FBFF8, 0x01FC380, 0x03FDBB0, 0x03EBBF0, 0x07E3BB0, 0x07E33B8, 0x02E73B8, 0x00E73B8, 0x00EE39C, 0x00E6F98, 0x00E0F00, 0x0060E00, 0x0000000, 0x0000000 } }, // 标
  { 0x6811, { 0x0000000, 0x0000000, 0x00C0030, 0x00C0070, 0x00C0070, 0x00CFC70, 0x00CFC70, 0x03FFFFC, 0x03F1FFC, 0x03EDC78, 0x01EF870, 0x01EFB70, 0x01F7BF0, 0x01F39F0, 0x03F39F0, 0x03C7DF0, 0x07C7C70, 0x03CFE70, 0x02CEC70, 0x00DC070, 0x00CC1F0, 0x00C01F0, 0x00C00C0, 0x0000000, 0x0000000 } }, // 树
  { 0x6837, { 0x0000000, 0x0000000, 0x00E0060, 0x00E3870, 0x00E3C70, 0x00E1CE0, 0x03FFFF8, 0x03FFFF8, 0x03FFFF8, 0x00E0380, 0x00F0380, 0x01F3FF0, 0x01FBFF0, 0x01F9FF0, 0x03F8380, 0x03E7FF8, 0x03E7FF8, 0x03E7FF8, 0x00E0380, 0x00E0380, 0x00E0380, 0x00E0380, 0x00E0300, 0x0000000, 0x0000000 } }, // 样
  { 0x6838, { 0x0000000, 0x0000000, 0x00E0300, 0x00E0780, 0x00E0380, 0x00E7FF8, 0x03FFFF8, 0x03FFFB8, 0x03F8E40, 0x00E1CF0, 0x00F3FE0, 0x01F7FC0, 0x01FBFC0, 0x01F87B8, 0x03F9F78, 0x03E7EF0, 0x07E79E0, 0x03E23E0, 0x00E0FE0, 0x00E3FF8, 0x00EFC78, 0x00EF838, 0x00E4000, 0x0000000, 0x0000000 } }, // 核
  { 0x6839, { 0x0000000, 0x0000000, 0x0060000, 0x0063FF0, 0x0063FF0, 0x0063FF0, 0x03FB870, 0x03FFFF0, 0x03FBFF0, 0x00E3870, 0x00F3870, 0x00FBFF0, 0x01FBFF0, 0x01FFFB0, 0x03FBBB8, 0x03E3BF8, 0x03639F0, 0x03639C0, 0x00639E0, 0x0063FF8, 0x0067F78, 0x0067C38, 0x0062010, 0x0000000, 0x0000000 } }, // 根
  { 0x683C, { 0x0000000, 0x0000000, 0x00E0C00, 0x00E1C00, 0x00E1FF0, 0x00E3FF8, 0x03FFFF0, 0x03FFCF0, 0x03FFFE0, 0x00F2FC0, 0x01F8FC0, 0x01FFFF8, 0x01FFEFC, 0x03EF878, 0x03E7FF0, 0x07E3FF0, 0x07E7FF0, 0x02E7070, 0x00E7070, 0x00E7FF0, 0x00E7FF0, 0x00E7870, 0x00E3020, 0x0000000, 0x0000000 } }, // 格
  { 0x6843, { 0x0000000, 0x0000000, 0x00C0DC0, 0x00E1DC0, 0x00E1DC0, 0x00E0DD0, 0x03FFDF8, 0x07FFDF8, 0x03F7DF8, 0x00E3DF0, 0x01F3DE0, 0x01F0DC0, 0x01F9DE0, 0x03FBDF0, 0x03E7DF8, 0x07EFDFC, 0x07EFDD8, 0x03E19C0, 0x00E39DC, 0x00E79DC, 0x00EF1F8, 0x00EE0F8, 0x00C4020, 0x0000000, 0x0000000 } }, // 桃
  { 0x6846, { 0x0000000, 0x0000000, 0x00E0000, 0x00E3FF8, 0x00E7FF8, 0x00E7FF8, 0x03F7000, 0x03FFFF8, 0x03FFFF8, 0x00E71C0, 0x00F71C0, 0x01FF7F0, 0x01FFFF0, 0x03FF7F0, 0x03E71C0, 0x07E71C0, 0x03E7FF8, 0x02E7FF8, 0x00E7000, 0x00E7FFC, 0x00E7FFC, 0x00E7FF8, 0x00E0000, 0x0000000, 0x0000000 } }, // 框
  { 0x6848, { 0x0000000, 0x0000000, 0x0003000, 0x0007800, 0x03FFFF8, 0x03FFFF8, 0x0387038, 0x03FFFF8, 0x03FFFF8, 0x03FFFF8, 0x007C700, 0x007FF00, 0x003FFE0, 0x03FFFF0, 0x01FB8E0, 0x03FFFF8, 0x03FFFF8, 0x03FFFF8, 0x003FF80, 0x01FFBF0, 0x03F39F8, 0x03C3878, 0x0003800, 0x0000000, 0x0000000 } }, // 案
  { 0x684C, { 0x0000000, 0x0000000, 0x0003800, 0x0003FF0, 0x0003FF0, 0x0003FF0, 0x00FF840, 0x00FFFE0, 0x00FFFE0, 0x00FFFE0, 0x00FFFE0, 0x00E00E0, 0x00FFFE0, 0x00FFFE0, 0x0003800, 0x03FFFF8, 0x03FFFF8, 0x001FF00, 0x003FFC0, 0x01FBBF0, 0x03E38F8, 0x03C3878, 0x0003800, 0x0000000, 0x0000000 } }, // 桌
  { 0x6865, { 0x0000000, 0x0000000, 0x0060000, 0x00E0FF0, 0x00E3FF0, 0x00E3FC0, 0x03F8700, 0x03F8700, 0x03FFFF8, 0x00E7FF8, 0x00F3FF8, 0x01F9C70, 0x01FF878, 0x01FFCFC, 0x03F7CF8, 0x03E1CE0, 0x07E1CE0, 0x03E1CE0, 0x00E1CE0, 0x00E38E0, 0x00E78E0, 0x00E70E0, 0x0062060, 0x0000000, 0x0000000 } }, // 桥
  { 0x6876, { 0x0000000, 0x0000000, 0x00E0000, 0x00E7FF0, 0x00E7FF0, 0x00E09E0, 0x03F9FC0, 0x03F9F80, 0x03F8FC0, 0x00E7FF8, 0x01F7FF8, 0x01FE738, 0x01FFFF8, 0x03FFFF8, 0x03E7FF8, 0x07E6738, 0x07E7FF8, 0x02E7FF8, 0x00E7FF8, 0x00E6738, 0x00E67F8, 0x00E67F0, 0x00E6260, 0x0000000, 0x0000000 } }, // 桶
  { 0x68A6, { 0x0000000, 0x0000000, 0x0030180, 0x0070180, 0x03FFFF8, 0x03FFFF8, 0x03FFFF8, 0x00FC7E0, 0x01FEFF0, 0x03FFFFC, 0x0371D98, 0x0177180, 0x000F000, 0x003FFE0, 0x00FFFE0, 0x01F83C0, 0x01FE7C0, 0x001FF80, 0x000FE00, 0x007FC00, 0x01FF000, 0x01F8000, 0x0080000, 0x0000000, 0x0000000 } }, // 梦
  { 0x68AF, { 0x0000000, 0x0000000, 0x0060860, 0x00E1870, 0x00E1CF0, 0x00E1CE0, 0x03FFFF8, 0x03FFFF8, 0x03F83B8, 0x00E07B8, 0x00F3FF8, 0x01F3FF8, 0x01FB300, 0x01FFFF8, 0x03F7FF8, 0x07E7FF8, 0x07E0F38, 0x02E1F38, 0x00E3FF8, 0x00EFBF8, 0x00EF370, 0x00E6380, 0x0060300, 0x0000000, 0x0000000 } }, // 梯
  { 0x68C0, { 0x0000000, 0x0000000, 0x00E0600, 0x00E0700, 0x00E0F80, 0x00E1FC0, 0x03F3DE0, 0x03FF8F0, 0x03FF07C, 0x00FFFF8, 0x01FFFD8, 0x01F0000, 0x01F8630, 0x03FF730, 0x03E7770, 0x07E3370, 0x03E33E0, 0x02E3BE0, 0x00E00C0, 0x00EFFF8, 0x00EFFF8, 0x00EFFF8, 0x00E0000, 0x0000000, 0x0000000 } }, // 检
  { 0x68D2, { 0x0000000, 0x0000000, 0x00E0700, 0x00E7FF0, 0x00E7FF8, 0x00E7FF0, 0x03FBFF0, 0x03FFFF0, 0x03F0E00, 0x00EFFF8, 0x01FFFF8, 0x01FBFE0, 0x01FFF70, 0x03FFFF8, 0x03EFFFC, 0x07EDFD8, 0x03E4700, 0x02E7FF0, 0x00E7FF0, 0x00E0700, 0x00E0700, 0x00E0700, 0x0000000, 0x0000000, 0x0000000 } }, // 棒
  { 0x68EE, { 0x0000000, 0x0000000, 0x0003800, 0x0003800, 0x0003800, 0x01FFFF0, 0x01FFFF0, 0x001FF00, 0x007FFC0, 0x03F39F8, 0x03E38F8, 0x01F3BB0, 0x0070380, 0x03FEFF8, 0x03FFFF8, 0x03FFFF8, 0x00FC7C0, 0x01FEFE0, 0x03FFFF8, 0x03F7FBC, 0x0373B98, 0x0070380, 0x0030180, 0x0000000, 0x0000000 } }, // 森
  { 0x6930, { 0x0000000, 0x0000000, 0x00C0000, 0x00CFFF0, 0x00DFFF8, 0x00CFFF8, 0x03FEDB8, 0x03FEDF8, 0x03FFDF0, 0x01CFDF0, 0x01EEDF0, 0x01EEDF0, 0x01FFDB8, 0x03FFDD8, 0x03FFDD8, 0x07CEDD8, 0x07CEFD8, 0x03DFFF8, 0x00DFFF0, 0x00DCDC0, 0x00C0DC0, 0x00C0DC0, 0x00C0D80, 0x0000000, 0x0000000 } }, // 椰
  { 0x69FD, { 0x0000000, 0x0000000, 0x00C0D80, 0x00C0DC0, 0x00CFFF8, 0x00CFFF8, 0x03E0DC0, 0x03FFFF8, 0x03FFFF8, 0x01EEDB8, 0x01EFFF8, 0x01EFFF8, 0x01FFFF8, 0x03FFFF8, 0x03F7FF0, 0x03C7FF0, 0x07C7FF0, 0x03C7FF0, 0x02C7FF0, 0x00C7070, 0x00C7FF0, 0x00C7FF0, 0x00C6030, 0x0000000, 0x0000000 } }, // 槽
  { 0x6A2A, { 0x0000000, 0x0000000, 0x00C1CE0, 0x00E1CE0, 0x00E7FF0, 0x00E7FF8, 0x03F7FF0, 0x03F1CE0, 0x03FFFF8, 0x00EFFF8, 0x01E3FF0, 0x01F7FF0, 0x01FFFF0, 0x03FF730, 0x03FFFF0, 0x07E7FF0, 0x07E7FF0, 0x02E7FF0, 0x00E1FE0, 0x00E3CF0, 0x00EF878, 0x00EF038, 0x00C4010, 0x0000000, 0x0000000 } }, // 横
  { 0x6A31, { 0x0000000, 0x0000000, 0x00E0000, 0x00EFFF8, 0x00EFFF8, 0x00EFFF8, 0x03FFFF8, 0x07FFFF8, 0x03FFFF8, 0x00EFFF8, 0x01FFFF8, 0x01F7DF0, 0x01FEFB8, 0x03FCF18, 0x03EFFF8, 0x07EFFFC, 0x07EFFF8, 0x02E38E0, 0x00E7FC0, 0x00E1FE0, 0x00EFFF8, 0x00EFCF8, 0x00CC000, 0x0000000, 0x0000000 } }, // 樱
  { 0x6A59, { 0x0000000, 0x0000000, 0x00E0180, 0x00E7FE0, 0x00E7DF0, 0x00E5DF0, 0x03FFCF8, 0x03FF8F8, 0x03F7FF0, 0x00EFFF8, 0x01FE03C, 0x01FFFF8, 0x01FBFF0, 0x03FB070, 0x03FBFF0, 0x07E3FF0, 0x07E3FE0, 0x02E38E0, 0x00E1DC0, 0x00E1DC0, 0x00EFFF8, 0x00EFFF8, 0x00E0000, 0x0000000, 0x0000000 } }, // 橙
  { 0x6A61, { 0x0000000, 0x0000000, 0x00E0C00, 0x00E1F80, 0x00E1FE0, 0x00E3FE0, 0x03F79D0, 0x03FFFF8, 0x03FFFF8, 0x00E7338, 0x00F3FF8, 0x01FBFF8, 0x01F9E10, 0x01FFF78, 0x03E77F0, 0x03E1FE0, 0x07E7FF0, 0x03EF7B0, 0x02E5FB8, 0x00E79BC, 0x00EFF98, 0x00E4F00, 0x00E0600, 0x0000000, 0x0000000 } }, // 橡
  { 0x6B21, { 0x0000000, 0x0000000, 0x0003800, 0x0103800, 0x0387800, 0x03E7FF0, 0x01F7FF8, 0x00EFFF8, 0x000E678, 0x001EF70, 0x001CE70, 0x001CE60, 0x0060F20, 0x0070F00, 0x00F1F00, 0x01E1F80, 0x01C3FC0, 0x03C7DE0, 0x038F9F0, 0x019F0F8, 0x003E078, 0x001C010, 0x0000000, 0x0000000, 0x0000000 } }, // 次
  { 0x6B22, { 0x0000000, 0x0000000, 0x0000C00, 0x0001C00, 0x0009C00, 0x03FDFF8, 0x03FDFF8, 0x001DFF8, 0x031F838, 0x039FB30, 0x03DFB70, 0x01FB700, 0x00F8780, 0x00F0780, 0x0070780, 0x00F87C0, 0x00FCFC0, 0x01FCFE0, 0x03D9CE0, 0x0783CF8, 0x030787C, 0x0007038, 0x0002010, 0x0000000, 0x0000000 } }, // 欢
  { 0x6B4C, { 0x0000000, 0x0000000, 0x0000300, 0x03FFF00, 0x03FFF00, 0x03FFFF8, 0x01F77FC, 0x03F7FF8, 0x03B7E18, 0x03F7FF8, 0x03F7DF8, 0x0007DF8, 0x07FFDC0, 0x07FFDC0, 0x00073C0, 0x03F73E0, 0x03F73E0, 0x03B77F0, 0x03F7770, 0x03F7E38, 0x019FE3C, 0x001FC18, 0x0000000, 0x0000000, 0x0000000 } }, // 歌
  { 0x6B62, { 0x0000000, 0x0000000, 0x0000000, 0x0001C00, 0x0001C00, 0x0001C00, 0x0001C00, 0x00E1C00, 0x00E1C00, 0x00E1FF0, 0x00E1FF0, 0x00E1FF0, 0x00E1C00, 0x00E1C00, 0x00E1C00, 0x00E1C00, 0x00E1C00, 0x00E1C00, 0x00E1C00, 0x03FFFF8, 0x03FFFF8, 0x03FFFF8, 0x0000000, 0x0000000, 0x0000000 } }, // 止
  { 0x6B63, { 0x0000000, 0x0000000, 0x0000000, 0x01FFFF0, 0x03FFFF8, 0x03FFFF8, 0x0003C00, 0x0001C00, 0x0001C00, 0x00E1C00, 0x00E1FE0, 0x00E1FF0, 0x00E1FF0, 0x00E1C00, 0x00E1C00, 0x00E1C00, 0x00E1C00, 0x00E1C00, 0x03FFFF8, 0x03FFFF8, 0x03FFFF8, 0x0000000, 0x0000000, 0x0000000, 0x0000000 } }, // 正
  { 0x6B66, { 0x0000000, 0x0000000, 0x0000600, 0x00FF760, 0x01FF7F0, 0x00FF778, 0x0000730, 0x03FFFF8, 0x03FFFF8, 0x03FFFF8, 0x001C700, 0x009C700, 0x01DD700, 0x01DFF00, 0x01DFB80, 0x01DC380, 0x01DC390, 0x01DC398, 0x01DFBDC, 0x03FFDD8, 0x03FF9F8, 0x03F00F8, 0x0000070, 0x0000000, 0x0000000 } }, // 武
  { 0x6BCD, { 0x0000000, 0x0000000, 0x007FFE0, 0x007FFE0, 0x007FFE0, 0x00730E0, 0x0077CE0, 0x0073CE0, 0x00F0CE0, 0x03FFFF8, 0x03FFFF8, 0x03FFFF8, 0x00E70E0, 0x00E7CE0, 0x00E3CE0, 0x01FDFF0, 0x01FFFF8, 0x01FFFF8, 0x00001C0, 0x0001FC0, 0x0001F80, 0x0000F00, 0x0000000, 0x0000000, 0x0000000 } }, // 母
  { 0x6BCF, { 0x0000000, 0x0000000, 0x0030000, 0x0038000, 0x007FFF0, 0x007FFF8, 0x00FFFF8, 0x01E0000, 0x03FFFE0, 0x03FFFE0, 0x017FFE0, 0x00778E0, 0x03F3DE8, 0x03FFFFC, 0x03FFFFC, 0x00E79C0, 0x00E3DC0, 0x00FFFF0, 0x00FFFF8, 0x00FFFF0, 0x0000FC0, 0x0000F80, 0x0000700, 0x0000000, 0x0000000 } }, // 每
  { 0x6BD2, { 0x0000000, 0x0000000, 0x0003800, 0x0003800, 0x01FFFF0, 0x01FFFF0, 0x0003800, 0x00FFFE0, 0x007FFC0, 0x03FFFF8, 0x03FFFF8, 0x01FFFF0, 0x007FFE0, 0x007FFE0, 0x00739E0, 0x07FFFFC, 0x07FFFFC, 0x00E39C0, 0x00FFFF0, 0x00FFFF0, 0x0000BC0, 0x0000F80, 0x0000700, 0x0000000, 0x0000000 } }, // 毒
  { 0x6BD4, { 0x0000000, 0x0000000, 0x01C0E00, 0x01C1E00, 0x01C0E00, 0x01C0E30, 0x01C0E30, 0x01C0E78, 0x01FEEF0, 0x01FEFE0, 0x01FEFC0, 0x01C0F80, 0x01C0E00, 0x01C0E00, 0x01C0E00, 0x01C0E38, 0x01C4E38, 0x01FEE38, 0x01FEE38, 0x03FCFF8, 0x03E0FF0, 0x01807E0, 0x0000000, 0x0000000, 0x0000000 } }, // 比
  { 0x6BDB, { 0x0000000, 0x0000000, 0x0000000, 0x0000380, 0x0003FC0, 0x007FFC0, 0x03FFE00, 0x03FF000, 0x0187060, 0x0007FF0, 0x01FFFF0, 0x01FFF80, 0x01FF000, 0x00070F8, 0x000FFF8, 0x03FFFF8, 0x03FFF00, 0x03FF010, 0x0007018, 0x0007038, 0x0007FF8, 0x0007FF8, 0x0001FE0, 0x0000000, 0x0000000 } }, // 毛
  { 0x6BEF, { 0x0000000, 0x0000000, 0x0000000, 0x0038380, 0x01FDBB8, 0x07F9FB0, 0x03F3BF0, 0x00617C0, 0x007CFF0, 0x03FFEF8, 0x03FFD30, 0x03F1380, 0x0061BB8, 0x007FBF8, 0x03FFBF0, 0x07FF7E0, 0x03F0FF0, 0x0063EF8, 0x0073C38, 0x007183C, 0x007FFF8, 0x007FFF8, 0x001FFE0, 0x0000000, 0x0000000 } }, // 毯
  { 0x6C34, { 0x0000000, 0x0000000, 0x0003800, 0x0003800, 0x0003800, 0x0003800, 0x0003860, 0x03FB8F0, 0x03FFDF0, 0x03FFFE0, 0x003BFC0, 0x003BF00, 0x003BF00, 0x007BF00, 0x0073B80, 0x00F3BC0, 0x01E39E0, 0x03E38F8, 0x03C387C, 0x039F838, 0x011F810, 0x001F800, 0x000E000, 0x0000000, 0x0000000 } }, // 水
  { 0x6C49, { 0x0000000, 0x0000000, 0x0080000, 0x01E7FF0, 0x01FFFF8, 0x00FFFF0, 0x0027070, 0x0007070, 0x0103870, 0x03C3870, 0x03E38E0, 0x00E1CE0, 0x0001DE0, 0x0021FC0, 0x0070FC0, 0x0070780, 0x00E0F80, 0x00E1FC0, 0x01C3FE0, 0x03DF8F8, 0x039F078, 0x008C030, 0x0000000, 0x0000000, 0x0000000 } }, // 汉
  { 0x6C60, { 0x0000000, 0x0000000, 0x0000300, 0x01E0700, 0x01F6700, 0x00F7700, 0x0027778, 0x00077F8, 0x0007FF8, 0x03C7FF8, 0x03FFF38, 0x01FFF38, 0x005F738, 0x0007738, 0x00677F8, 0x00777F0, 0x00F7760, 0x00E7318, 0x01E701C, 0x01C7038, 0x03C7FF8, 0x0183FF0, 0x0000FE0, 0x0000000, 0x0000000 } }, // 池
  { 0x6C99, { 0x0000000, 0x0000000, 0x0000000, 0x01C0700, 0x01F0700, 0x00F0700, 0x0067760, 0x0007770, 0x0007778, 0x038E738, 0x03EE738, 0x01EE718, 0x005C730, 0x001C770, 0x0068770, 0x00707E0, 0x00F01E0, 0x00E03C0, 0x01E0F80, 0x01C7F00, 0x03DFC00, 0x019F000, 0x0008000, 0x0000000, 0x0000000 } }, // 沙
  { 0x6CA1, { 0x0000000, 0x0000000, 0x0083FC0, 0x01E3FC0, 0x01F3FC0, 0x00639C0, 0x00039C0, 0x00071F8, 0x038F0FC, 0x03FE0FC, 0x03EC000, 0x00CFFF0, 0x000FFF0, 0x002FFF0, 0x00770E0, 0x00739E0, 0x00E3FC0, 0x00E1F80, 0x01C3FC0, 0x03DFFF8, 0x039F9F8, 0x008E070, 0x0000000, 0x0000000, 0x0000000 } }, // 没
  { 0x6CB9, { 0x0000000, 0x0000000, 0x0000700, 0x01C0700, 0x01F0700, 0x00F0700, 0x0030700, 0x000FFF8, 0x000FFF8, 0x038FFF8, 0x03EE738, 0x01EE738, 0x004FFF8, 0x000FFF8, 0x002FFF8, 0x006E738, 0x007E738, 0x00EE738, 0x01EFFF8, 0x01CFFF8, 0x01CFFF8, 0x018E038, 0x0006000, 0x0000000, 0x0000000 } }, // 油
  { 0x6CBB, { 0x0000000, 0x0000000, 0x0000800, 0x01C1E00, 0x01F1C00, 0x00F3DC0, 0x00339C0, 0x00078E0, 0x00070F0, 0x038FFF0, 0x03FFFF8, 0x01EFFF8, 0x0040010, 0x0007FE0, 0x002FFF0, 0x007FFF0, 0x00FE070, 0x00EE070, 0x01EE070, 0x03CFFF0, 0x03CFFF0, 0x018FFF0, 0x0006060, 0x0000000, 0x0000000 } }, // 治
  { 0x6CBF, { 0x0000000, 0x0000000, 0x0080000, 0x01C3FE0, 0x01F3FE0, 0x00F3FE0, 0x00238E0, 0x00038E0, 0x03070E0, 0x03CF0F8, 0x03FE0F8, 0x00EC038, 0x0007FF0, 0x0027FF0, 0x0077FF0, 0x0077070, 0x00F7070, 0x01E7070, 0x01E7FF0, 0x03C7FF0, 0x0387FF0, 0x0187070, 0x0000000, 0x0000000, 0x0000000 } }, // 沿
  { 0x6CC9, { 0x0000000, 0x0000000, 0x0003000, 0x0007800, 0x00FFFE0, 0x00FFFE0, 0x00E00E0, 0x00FFFE0, 0x00FFFE0, 0x00E00E0, 0x00FFFE0, 0x00FFFE0, 0x0003800, 0x0003870, 0x03FFCF0, 0x03FFFE0, 0x007BFC0, 0x0073F80, 0x01F3BE0, 0x03E39F8, 0x03DF8F8, 0x031F830, 0x000E000, 0x0000000, 0x0000000 } }, // 泉
  { 0x6CD5, { 0x0000000, 0x0000000, 0x0000700, 0x01E0700, 0x01F0700, 0x00F7FF0, 0x0027FF0, 0x0007FF0, 0x0100700, 0x03C0700, 0x03E0700, 0x01EFFF8, 0x004FFF8, 0x000FFF8, 0x0030E00, 0x0071C40, 0x0073CE0, 0x00F38E0, 0x00E7BF0, 0x01EFFF8, 0x03C7FF8, 0x0187C38, 0x0000010, 0x0000000, 0x0000000 } }, // 法
  { 0x6CE1, { 0x0000000, 0x0000000, 0x0001000, 0x00E3800, 0x01F3A10, 0x00F7FF8, 0x0037FF8, 0x000E038, 0x011FFB8, 0x03DFFB8, 0x03FFFB8, 0x01EF3B8, 0x00471B8, 0x0007FB8, 0x0037FB8, 0x0077FF8, 0x00770F0, 0x00F70E0, 0x00E7018, 0x01C701C, 0x03C7FF8, 0x0183FF8, 0x0000000, 0x0000000, 0x0000000 } }, // 泡
  { 0x6CE2, { 0x0000000, 0x0000000, 0x0080700, 0x01E0700, 0x01F0700, 0x00FFFF8, 0x002FFF8, 0x000FFF8, 0x010E738, 0x03CE770, 0x03EE720, 0x01EFFF0, 0x004FFF0, 0x000F8F0, 0x004FCE0, 0x00EFEE0, 0x00EEFC0, 0x00EC7C0, 0x01DC7C0, 0x01DDFF0, 0x03BFEF8, 0x01BB878, 0x0001010, 0x0000000, 0x0000000 } }, // 波
  { 0x6CE5, { 0x0000000, 0x0000000, 0x0000000, 0x01E7FF0, 0x01F7FF8, 0x00F7FF8, 0x0027038, 0x0007078, 0x0007FF8, 0x03C7FF8, 0x03E7FF0, 0x01E7E00, 0x0047E70, 0x0007EF8, 0x0066FF0, 0x00FEFC0, 0x00EEF00, 0x00EEE18, 0x01CEE18, 0x03DCE38, 0x039CFF8, 0x01987F8, 0x0000000, 0x0000000, 0x0000000 } }, // 泥
  { 0x6CF0, { 0x0000000, 0x0000000, 0x0003800, 0x0003800, 0x01FFFF0, 0x01FFFF0, 0x0007000, 0x00FFFE0, 0x00FFFE0, 0x000E000, 0x03FFFF8, 0x03FFFF8, 0x03FFFF8, 0x00739C0, 0x01E39F0, 0x03F39FC, 0x03FBFB8, 0x001FF00, 0x007FFC0, 0x01FFBE0, 0x01FF9E0, 0x008F840, 0x0006000, 0x0000000, 0x0000000 } }, // 泰
  { 0x6CF3, { 0x0000000, 0x0000000, 0x0000000, 0x01C1E00, 0x01F3FC0, 0x00F0FC0, 0x0020180, 0x0007F00, 0x0107F00, 0x03C7F30, 0x03E0738, 0x01FFFF8, 0x005FFF0, 0x000FFE0, 0x00677C0, 0x00777E0, 0x00EF7E0, 0x00EE770, 0x01FE778, 0x01DC738, 0x03DBF10, 0x0183E00, 0x0001C00, 0x0000000, 0x0000000 } }, // 泳
  { 0x6CFC, { 0x0000000, 0x0000000, 0x0080600, 0x01CFEE0, 0x01EEEF0, 0x00FEE70, 0x007EE20, 0x001FFF8, 0x039FFF8, 0x03CFC18, 0x01E1C00, 0x00E3FF0, 0x0003FF0, 0x0047870, 0x00E7CE0, 0x00EFDE0, 0x01FEFC0, 0x01FC780, 0x03D9FC0, 0x0397FF8, 0x0387CF8, 0x0007038, 0x0000000, 0x0000000, 0x0000000 } }, // 泼
  { 0x6D01, { 0x0000000, 0x0000000, 0x0000700, 0x0180700, 0x01E0700, 0x01FFFF8, 0x007FFF8, 0x000FFF8, 0x0000700, 0x0380700, 0x03EFFF0, 0x01EFFF0, 0x00C7FF0, 0x0000000, 0x0067FF0, 0x0077FF0, 0x00E7FF0, 0x00E7070, 0x01E7070, 0x01C7FF0, 0x03C7FF0, 0x0187FF0, 0x0006070, 0x0000000, 0x0000000 } }, // 洁
  { 0x6D17, { 0x0000000, 0x0000000, 0x0000700, 0x01C7700, 0x01F7700, 0x00F7FF0, 0x0067FF8, 0x000FFF8, 0x010E700, 0x03DE700, 0x03EC700, 0x01CFFFC, 0x005FFFC, 0x000FFF8, 0x00619C0, 0x00739C0, 0x00E39C0, 0x00E39D8, 0x01C79DC, 0x01CF1DC, 0x039E1FC, 0x019C1F8, 0x0000000, 0x0000000, 0x0000000 } }, // 洗
  { 0x6D3B, { 0x0000000, 0x0000000, 0x0000020, 0x01C07F0, 0x01F7FF0, 0x00F7FC0, 0x0027F00, 0x0000700, 0x010FFF8, 0x03CFFFC, 0x03EFFFC, 0x01E0700, 0x0040700, 0x0000700, 0x0067FF0, 0x0077FF0, 0x00F7FF0, 0x00E7030, 0x01E7030, 0x03C7FF0, 0x0387FF0, 0x0187FF0, 0x0006030, 0x0000000, 0x0000000 } }, // 活
  { 0x6D3E, { 0x0000000, 0x0000000, 0x0000000, 0x01801F0, 0x01E7FF0, 0x01EFFE0, 0x006FC00, 0x000E1E0, 0x000EFF0, 0x038EFE0, 0x03CEFC0, 0x01CEDD0, 0x00CEFF8, 0x000EEF8, 0x004EEF0, 0x00EEEE0, 0x00EEEE0, 0x01CCE70, 0x01DCFF8, 0x039CFFC, 0x03B9F38, 0x01B8C10, 0x0000000, 0x0000000, 0x0000000 } }, // 派
  { 0x6D4F, { 0x0000000, 0x0000000, 0x0000038, 0x018E038, 0x03C71B8, 0x01E71B8, 0x00FFFB8, 0x003FFB8, 0x01019B8, 0x039B9B8, 0x03DF9B8, 0x01DF9B8, 0x008F9B8, 0x000F1B8, 0x00C71B8, 0x00E79B8, 0x01CF9B8, 0x01CFDB8, 0x01DDC38, 0x03BCC38, 0x03B88F8, 0x01300F8, 0x0000060, 0x0000000, 0x0000000 } }, // 浏
  { 0x6D77, { 0x0000000, 0x0000000, 0x0083000, 0x01E7000, 0x01F7FF8, 0x007FFF8, 0x002FFF8, 0x001E000, 0x011FFF0, 0x03CFFF0, 0x03E7770, 0x00C7770, 0x001FFFC, 0x005FFFC, 0x007FFF8, 0x00E6770, 0x00EFFF8, 0x01CFFF8, 0x01CFFF8, 0x03C00E0, 0x03803E0, 0x00803C0, 0x0000000, 0x0000000, 0x0000000 } }, // 海
  { 0x6D88, { 0x0000000, 0x0000000, 0x0000700, 0x01C6738, 0x01EE738, 0x00F7778, 0x0067770, 0x0003760, 0x0107FF0, 0x03C7FF0, 0x03E7FF0, 0x01E7070, 0x0047FF0, 0x0007FF0, 0x0067FF0, 0x0077070, 0x00E7FF0, 0x00E7FF0, 0x01E7070, 0x01C7070, 0x03C71F0, 0x01871F0, 0x00060E0, 0x0000000, 0x0000000 } }, // 消
  { 0x6DA6, { 0x0000000, 0x0000000, 0x0008000, 0x01DCFF8, 0x03EEFF8, 0x01EFFF8, 0x0046038, 0x0018038, 0x013BFF8, 0x03FBFF8, 0x03F8E38, 0x01D8E38, 0x001BFB8, 0x003BFB8, 0x00DBFB8, 0x00F8E38, 0x01F8E38, 0x01FBFF8, 0x01DFFF8, 0x039BFF8, 0x03981F8, 0x03B81F0, 0x00180E0, 0x0000000, 0x0000000 } }, // 润
  { 0x6DB2, { 0x0000000, 0x0000000, 0x0000600, 0x0080E00, 0x01CFFF8, 0x01FFFF8, 0x00FFFF8, 0x0047300, 0x0007700, 0x038E7F8, 0x03CEFF8, 0x01DEF38, 0x00BFFF0, 0x003FFF0, 0x00FFEF0, 0x00EE7E0, 0x01EE3E0, 0x01CE3C0, 0x01CE7E0, 0x038EFF0, 0x038FE78, 0x018FC38, 0x0006810, 0x0000000, 0x0000000 } }, // 液
  { 0x6DC7, { 0x0000000, 0x0000000, 0x0003060, 0x01C38E0, 0x01E7AF0, 0x00FFFF8, 0x006FFF8, 0x00038E0, 0x0103FE0, 0x0383FE0, 0x03E3FE0, 0x01E38E0, 0x00C3FE0, 0x0003FE0, 0x00638E0, 0x007FFF8, 0x00FFFFC, 0x00EFFF8, 0x01E39E0, 0x01C78F0, 0x03DF078, 0x019E038, 0x0008010, 0x0000000, 0x0000000 } }, // 淇
  { 0x6DCB, { 0x0000000, 0x0000000, 0x00060C0, 0x01870C0, 0x01C70C0, 0x00E70C0, 0x00E70E0, 0x003FFF8, 0x013FFF8, 0x039FFF8, 0x03CF1E0, 0x01CF9E0, 0x008FFF0, 0x001FFF0, 0x00DFFF0, 0x01FF7F8, 0x01FF7F8, 0x01F7EFC, 0x01B7CD8, 0x03870C0, 0x03870C0, 0x01870C0, 0x00060C0, 0x0000000, 0x0000000 } }, // 淋
  { 0x6E05, { 0x0000000, 0x0000000, 0x0000600, 0x0180F00, 0x01FFFF8, 0x01FFFF0, 0x006FFF0, 0x000FFF0, 0x0300F00, 0x03DFFF8, 0x03FFFF8, 0x01C0000, 0x00CFFF0, 0x000FFF0, 0x006E070, 0x00EFFF0, 0x00EFFF0, 0x00EFFF0, 0x01CFFF0, 0x01CFE70, 0x03CE1F0, 0x018E1E0, 0x00061C0, 0x0000000, 0x0000000 } }, // 清
  { 0x6E29, { 0x0000000, 0x0000000, 0x0000000, 0x01C7FE0, 0x01F7FF0, 0x00F7FF0, 0x0027FF0, 0x0007FF0, 0x0107FF0, 0x0387070, 0x03E7FF0, 0x01E7FF0, 0x0040000, 0x000FFF0, 0x006FFF0, 0x006FFF0, 0x00EEDB0, 0x00EEDB0, 0x01CEDB0, 0x03CFFF8, 0x03BFFFC, 0x01BFFFC, 0x0000000, 0x0000000, 0x0000000 } }, // 温
  { 0x6E38, { 0x0000000, 0x0000000, 0x0006180, 0x01CF1C0, 0x03E7380, 0x01FFFFC, 0x007FFFC, 0x003FFF8, 0x010E700, 0x03CC7F8, 0x03CFDF8, 0x01CFC70, 0x001FCF0, 0x001DCE0, 0x00DDFFC, 0x00DDFFC, 0x01DDFF8, 0x01D9CE0, 0x01F9CE0, 0x03FB8E0, 0x03FFBE0, 0x03B7BE0, 0x0000180, 0x0000000, 0x0000000 } }, // 游
  { 0x6ED1, { 0x0000000, 0x0000000, 0x0000000, 0x01C7FE0, 0x01E7FE0, 0x00F70E0, 0x0067EE0, 0x0007EE0, 0x00066E0, 0x039FFF8, 0x03FFFF8, 0x01FC038, 0x00DFFF8, 0x0007FE0, 0x00670E0, 0x0077FE0, 0x00F7FE0, 0x00E7FE0, 0x01E7FE0, 0x01C70E0, 0x03C61E0, 0x01863E0, 0x00061C0, 0x0000000, 0x0000000 } }, // 滑
  { 0x6EE1, { 0x0000000, 0x0000000, 0x00038C0, 0x01C39C0, 0x01FFFF8, 0x01FFFF8, 0x00639C0, 0x00038C0, 0x001FFF8, 0x039FFF8, 0x03C1D80, 0x01CFFF8, 0x009FFF8, 0x001FFF8, 0x007D9B8, 0x00FDFF8, 0x00FFFF8, 0x01FFFF8, 0x01DF7F8, 0x03DD738, 0x039C038, 0x019C078, 0x001C070, 0x0000000, 0x0000000 } }, // 满
  { 0x6EE9, { 0x0000000, 0x0000000, 0x0000300, 0x03803E0, 0x03C03F0, 0x01FF770, 0x00FFFF8, 0x003FFF8, 0x0107FF8, 0x0397E60, 0x03FFF70, 0x01DF7F8, 0x001F7F8, 0x000E660, 0x00CE660, 0x00CE7F8, 0x01DF7F8, 0x01DF770, 0x01FBE60, 0x03FB7F8, 0x03B07FC, 0x03007F8, 0x0000600, 0x0000000, 0x0000000 } }, // 滩
  { 0x6FA1, { 0x0000000, 0x0000000, 0x0083FC0, 0x01C3FE0, 0x01F3FE0, 0x00F3FE0, 0x0003FE0, 0x0003FC0, 0x038F9F8, 0x03FFFF8, 0x01FDFB8, 0x00DFFF8, 0x001FFF8, 0x00C0F00, 0x00E0F00, 0x00FFFF8, 0x01DFFF8, 0x01C3FC0, 0x03C7FE0, 0x039F6F8, 0x039E778, 0x0108610, 0x0000000, 0x0000000, 0x0000000 } }, // 澡
  { 0x6FC0, { 0x0000000, 0x0000000, 0x0007080, 0x03871C0, 0x03DFDC0, 0x01FFD80, 0x00D9DF8, 0x001FFFC, 0x001FFF8, 0x0399FB8, 0x03DFFB8, 0x01DFFB0, 0x000E3B0, 0x003FDF0, 0x00BFDF0, 0x00CC0F0, 0x01CFCE0, 0x01DFCE0, 0x01DDDF0, 0x039DDF8, 0x03BFFB8, 0x0377F18, 0x0023100, 0x0000000, 0x0000000 } }, // 激
  { 0x706B, { 0x0000000, 0x0000000, 0x0003800, 0x0003800, 0x0003800, 0x0003800, 0x0043820, 0x00F3870, 0x00E3870, 0x00E38F0, 0x01E78E0, 0x01C78E0, 0x01C79C0, 0x0007C00, 0x000FC00, 0x001EE00, 0x001EF00, 0x003C780, 0x00F83E0, 0x03F01F8, 0x03E00F8, 0x0180030, 0x0000000, 0x0000000, 0x0000000 } }, // 火
  { 0x706F, { 0x0000000, 0x0000000, 0x0070000, 0x0073FF8, 0x0073FFC, 0x0073FFC, 0x017E1C0, 0x03FE1C0, 0x03FC1C0, 0x03FC1C0, 0x03781C0, 0x03701C0, 0x03701C0, 0x00701C0, 0x00F01C0, 0x00F81C0, 0x00FC1C0, 0x01FE1C0, 0x01CC1C0, 0x03C0FC0, 0x0380FC0, 0x0100F80, 0x0000000, 0x0000000, 0x0000000 } }, // 灯
  { 0x7075, { 0x0000000, 0x0000000, 0x01FFFE0, 0x01FFFE0, 0x01FFFE0, 0x00000E0, 0x00FFFE0, 0x00FFFE0, 0x00000E0, 0x01FFFE0, 0x01FFFE0, 0x0003800, 0x0043860, 0x00E3870, 0x00E78E0, 0x01E7DE0, 0x01C7CC0, 0x008FE00, 0x003E780, 0x01FC3F8, 0x03F81F8, 0x03C0070, 0x0000000, 0x0000000, 0x0000000 } }, // 灵
  { 0x70B9, { 0x0000000, 0x0000000, 0x0003800, 0x0003800, 0x0003FF0, 0x0003FF8, 0x0003FF0, 0x0003800, 0x007FFC0, 0x00FFFE0, 0x00FFFE0, 0x00E00E0, 0x00E00E0, 0x00E00E0, 0x00FFFE0, 0x00FFFE0, 0x007FFE0, 0x00C0460, 0x01EEEF0, 0x01CEE70, 0x03CE738, 0x038E738, 0x010C000, 0x0000000, 0x0000000 } }, // 点
  { 0x70C8, { 0x0000000, 0x0000000, 0x0101070, 0x03FF870, 0x03FFF70, 0x0070770, 0x007F770, 0x00FFF70, 0x01FFF70, 0x03C7770, 0x03FF770, 0x037E770, 0x003E370, 0x007C070, 0x03F83F0, 0x03E01F0, 0x01801E0, 0x00ECE70, 0x01EEE70, 0x01CEF78, 0x038E738, 0x038E738, 0x0000000, 0x0000000, 0x0000000 } }, // 烈
  { 0x70DF, { 0x0000000, 0x0000000, 0x0060000, 0x00E7FF8, 0x00E7FF8, 0x00E77B8, 0x03FF338, 0x03FF338, 0x03FF338, 0x03FFFF8, 0x03FFFF8, 0x07E7738, 0x02E7738, 0x00E77B8, 0x00F77F8, 0x00F7EF8, 0x00FFCF8, 0x01FFC78, 0x01DFFF8, 0x039FFF8, 0x0387FF8, 0x0107038, 0x0000000, 0x0000000, 0x0000000 } }, // 烟
  { 0x70E7, { 0x0000000, 0x0000000, 0x0000000, 0x0060E00, 0x0060E70, 0x00E3FF8, 0x006FFF8, 0x03FFF78, 0x03F87F0, 0x03F87E0, 0x03F9FD8, 0x03E7FF8, 0x03E3CF8, 0x00E2070, 0x00E7FF8, 0x00F7FF8, 0x00F9DC0, 0x01F9DC0, 0x01DBDD8, 0x03879DC, 0x038F9F8, 0x03070F8, 0x0004000, 0x0000000, 0x0000000 } }, // 烧
  { 0x70ED, { 0x0000000, 0x0000000, 0x0060E00, 0x0070E00, 0x0070E00, 0x03FFFE0, 0x03FFFE0, 0x03FFFE0, 0x0070EE0, 0x007CEE0, 0x03FFCE0, 0x03FFCE0, 0x03F1FE0, 0x0073FF8, 0x00F7B7C, 0x01E7078, 0x01E6038, 0x00C0060, 0x01EEEF0, 0x01CEE70, 0x03CE738, 0x038E738, 0x010C010, 0x0000000, 0x0000000 } }, // 热
  { 0x7130, { 0x0000000, 0x0000000, 0x0040400, 0x00E0E00, 0x00E0E00, 0x00E1FF0, 0x00EDFF0, 0x03FFCF0, 0x03FF8E0, 0x03FF1C0, 0x03FFD80, 0x03E3FF8, 0x03E7DF8, 0x00E71F8, 0x00E7038, 0x00F7FF8, 0x00F7FF8, 0x01FFFF8, 0x01DF038, 0x039FFF8, 0x0787FF8, 0x0307FF8, 0x0007038, 0x0000000, 0x0000000 } }, // 焰
  { 0x71C3, { 0x0000000, 0x0000000, 0x00C3040, 0x00E30F8, 0x00E3EF8, 0x00F7EF8, 0x03FFEF8, 0x03FE7FC, 0x03FFFFC, 0x03FFEE0, 0x03FFCE0, 0x07EFDF0, 0x02E39F0, 0x00E3BF8, 0x00E73B8, 0x00FE71C, 0x01FE618, 0x01FE0B0, 0x01FEDB8, 0x038EDB8, 0x039CDDC, 0x031CDDC, 0x0008000, 0x0000000, 0x0000000 } }, // 燃
  { 0x7231, { 0x0000000, 0x0000000, 0x0000000, 0x0007FE0, 0x01FFFE0, 0x01FFFC0, 0x00739C0, 0x00739C0, 0x03FFFF8, 0x03FFFF8, 0x038C038, 0x03FFFF8, 0x00FFFE0, 0x00FFFE0, 0x001FF80, 0x003FFE0, 0x007FFC0, 0x007F380, 0x00F7F00, 0x01E7FC0, 0x03FFFF8, 0x039E1F0, 0x0000000, 0x0000000, 0x0000000 } }, // 爱
  { 0x7248, { 0x0000000, 0x0000000, 0x0018010, 0x01B9FF8, 0x01B9FF8, 0x01B9FE0, 0x01B9C00, 0x01B9C00, 0x01FFFF8, 0x01FFFF8, 0x01D9FF8, 0x0181F38, 0x01D9F30, 0x01FDF70, 0x01FDFF0, 0x039DBF0, 0x039B9E0, 0x039B9E0, 0x039FBE0, 0x039FFF0, 0x071FFF8, 0x031FE38, 0x0019410, 0x0000000, 0x0000000 } }, // 版
  { 0x7259, { 0x0000000, 0x0000000, 0x01FFFF0, 0x01FFFF0, 0x01FFFF0, 0x0060380, 0x0070380, 0x0070380, 0x00E0380, 0x00E0380, 0x00FFFF8, 0x01FFFF8, 0x00FFFF8, 0x0003F80, 0x000FB80, 0x001F380, 0x007C380, 0x01F8380, 0x03F0380, 0x03C3F80, 0x0001F00, 0x0001E00, 0x0000000, 0x0000000, 0x0000000 } }, // 牙
  { 0x725B, { 0x0000000, 0x0000000, 0x0003800, 0x0073800, 0x00F3800, 0x00E3800, 0x00FFFF0, 0x01FFFF0, 0x01FFFF0, 0x03C3800, 0x0383800, 0x0183800, 0x0003800, 0x03FFFF8, 0x03FFFF8, 0x03FFFF8, 0x0003800, 0x0003800, 0x0003800, 0x0003800, 0x0003800, 0x0003800, 0x0003800, 0x0000000, 0x0000000 } }, // 牛
  { 0x7269, { 0x0000000, 0x0000000, 0x0070C00, 0x0071C00, 0x03F1C00, 0x03F1FF8, 0x03FBFF8, 0x03FFFF8, 0x03FF7F8, 0x07776F8, 0x077EEF8, 0x0376FF8, 0x007DDF8, 0x01FDDB8, 0x07FBBB8, 0x03F7BB8, 0x0277738, 0x0072738, 0x0070E38, 0x0071E70, 0x0073DF0, 0x00719F0, 0x00700C0, 0x0000000, 0x0000000 } }, // 物
  { 0x7279, { 0x0000000, 0x0000000, 0x0070380, 0x0070380, 0x03F3FF8, 0x03F3FF8, 0x03F9FF0, 0x03FC380, 0x03FFFFC, 0x0377FFC, 0x0777FF8, 0x03700E0, 0x007FFF8, 0x01FFFF8, 0x03FFFF8, 0x03F18E0, 0x0371CE0, 0x0070EE0, 0x0070CE0, 0x00703E0, 0x00703E0, 0x00703C0, 0x0000000, 0x0000000, 0x0000000 } }, // 特
  { 0x7280, { 0x0000000, 0x0000000, 0x0000000, 0x01FFFF0, 0x01FFFF0, 0x01E0070, 0x01FFFF0, 0x01FFFF0, 0x01FCE70, 0x01FEEF0, 0x01CFEC0, 0x01FFFF0, 0x01FEEF8, 0x01DCE30, 0x01CFFF0, 0x01DFFF0, 0x01FFFF0, 0x01FFFF8, 0x03FFFF8, 0x03BFFF8, 0x0780E00, 0x0100E00, 0x0000000, 0x0000000, 0x0000000 } }, // 犀
  { 0x72B6, { 0x0000000, 0x0000000, 0x0030600, 0x0070760, 0x0070770, 0x0170770, 0x03B0738, 0x03F0730, 0x01FFFF8, 0x01FFFF8, 0x00FFFF8, 0x0070F00, 0x0070F80, 0x00F0F80, 0x01F0F80, 0x03F1FC0, 0x03F1DC0, 0x037BCE0, 0x00738F0, 0x0077878, 0x007F07C, 0x007E038, 0x0030000, 0x0000000, 0x0000000 } }, // 状
  { 0x72D7, { 0x0000000, 0x0000000, 0x0101800, 0x03B9C00, 0x03FB800, 0x01F3FF8, 0x00F3FF8, 0x01F7FF8, 0x03FF038, 0x03FE038, 0x017FFB8, 0x0073FB8, 0x00FBBB8, 0x00FBBB8, 0x01FB3B8, 0x03FBFB8, 0x03B3FB8, 0x0173F38, 0x0073070, 0x0070070, 0x03F03F0, 0x03E03F0, 0x01C01C0, 0x0000000, 0x0000000 } }, // 狗
  { 0x72EC, { 0x0000000, 0x0000000, 0x0000700, 0x03B0700, 0x03F8700, 0x01F0700, 0x00F7FF0, 0x01E7FF8, 0x03F7FF8, 0x03F7778, 0x0377778, 0x0077778, 0x0077778, 0x00F7FF8, 0x01F7FF8, 0x03F0720, 0x03F0770, 0x0170770, 0x00707F8, 0x007FFF8, 0x03FFFF8, 0x03EFF3C, 0x0180010, 0x0000000, 0x0000000 } }, // 独
  { 0x72EE, { 0x0000000, 0x0000000, 0x0163800, 0x03F3FF8, 0x03E3FF8, 0x01EF9C0, 0x01DF8C0, 0x03EFFF8, 0x07EFFF8, 0x03FFFF8, 0x00FFED8, 0x00FFFD8, 0x01FFED8, 0x01FFED8, 0x03FF6D8, 0x03E76D8, 0x03676D8, 0x00E77F8, 0x00EE7F8, 0x03FE4C0, 0x03FC0C0, 0x03D80C0, 0x0000000, 0x0000000, 0x0000000 } }, // 狮
  { 0x732B, { 0x0000000, 0x0000000, 0x00018E0, 0x03B1CE0, 0x03F9CE0, 0x01FFFF8, 0x01EFFF8, 0x03E7FF8, 0x03F1CE0, 0x03718E0, 0x0077FF0, 0x0077FF8, 0x00F7FF8, 0x01F7738, 0x03F7738, 0x03F7FF8, 0x0337FF8, 0x0077738, 0x0077738, 0x0077FF8, 0x03F7FF8, 0x01E7FF8, 0x01C6030, 0x0000000, 0x0000000 } }, // 猫
  { 0x7334, { 0x0000000, 0x0000000, 0x0123800, 0x03F3FF0, 0x03F77F0, 0x01E7070, 0x01E7070, 0x03EFFF8, 0x07FFFF8, 0x037F700, 0x007F7F8, 0x00F6FF8, 0x00F7FF8, 0x01F7DC0, 0x03F6DC0, 0x03F7FF8, 0x0377FF8, 0x00671E0, 0x00673E0, 0x03E77F8, 0x03E7F38, 0x01C7E18, 0x0000000, 0x0000000, 0x0000000 } }, // 猴
  { 0x738B, { 0x0000000, 0x0000000, 0x0000000, 0x01FFFF0, 0x01FFFF0, 0x01FFFF0, 0x0003800, 0x0003800, 0x0003800, 0x0003800, 0x00FFFE0, 0x00FFFE0, 0x00FFFE0, 0x0003800, 0x0003800, 0x0003800, 0x0003800, 0x0003800, 0x03FFFF8, 0x03FFFF8, 0x03FFFF8, 0x0000000, 0x0000000, 0x0000000, 0x0000000 } }, // 王
  { 0x739B, { 0x0000000, 0x0000000, 0x0000000, 0x03FFFF0, 0x07FFFF0, 0x03FBFE0, 0x00E38E0, 0x00E38E0, 0x00E38E0, 0x03F38E0, 0x03FB8E0, 0x03FBFF8, 0x00E3FF8, 0x00E3FF8, 0x00E0038, 0x00FFFB8, 0x00FFFF8, 0x03FFFF8, 0x07F0070, 0x0380070, 0x00003F0, 0x00001E0, 0x0000000, 0x0000000, 0x0000000 } }, // 玛
  { 0x73A9, { 0x0000000, 0x0000000, 0x0000000, 0x03FBFF0, 0x03FBFF0, 0x03FBFF0, 0x00E0000, 0x00E0000, 0x00E0000, 0x03FFFF8, 0x03FFFFC, 0x03FFFF8, 0x00E1DC0, 0x00E1DC0, 0x00E1DC0, 0x00FDDC0, 0x07FFDD8, 0x07FB9DC, 0x03879DC, 0x001F1FC, 0x001E0F8, 0x0008070, 0x0000000, 0x0000000, 0x0000000 } }, // 玩
  { 0x73B0, { 0x0000000, 0x0000000, 0x03FBFF0, 0x03FFFF0, 0x03FFFF0, 0x00E3870, 0x00E3B70, 0x00E3B70, 0x00E3B70, 0x03FBB70, 0x03FBB70, 0x01F3F70, 0x00E3F70, 0x00E3F70, 0x00E0780, 0x00FCF80, 0x03FDF98, 0x07F9F9C, 0x03C7B98, 0x000FBF8, 0x000E1F8, 0x0004000, 0x0000000, 0x0000000, 0x0000000 } }, // 现
  { 0x73ED, { 0x0000000, 0x0000000, 0x0001C00, 0x03F1DF8, 0x03F9FF8, 0x03F9FF8, 0x00E1CE0, 0x00EFCE0, 0x00EFCE0, 0x00EFCE0, 0x01EFCE0, 0x03FFFF8, 0x03FDFF8, 0x00EDFF8, 0x00CDCE0, 0x00E1CE0, 0x00C18E0, 0x00F38E0, 0x07FB8E0, 0x07FF7F8, 0x038F7FC, 0x000E7FC, 0x0004000, 0x0000000, 0x0000000 } }, // 班
  { 0x7403, { 0x0000000, 0x0000000, 0x0000300, 0x03F0770, 0x03F8778, 0x03F87B8, 0x00E7FFC, 0x00E7FFC, 0x00E7FF8, 0x00E2710, 0x03F77B8, 0x03F77F8, 0x03F3FF0, 0x00E37E0, 0x00E0FC0, 0x00E1FE0, 0x00FBFE0, 0x01FFFF0, 0x07FF778, 0x03C6738, 0x0201F18, 0x0001F00, 0x0000C00, 0x0000000, 0x0000000 } }, // 球
  { 0x7406, { 0x0000000, 0x0000000, 0x0000000, 0x03F7FF8, 0x03FFFF8, 0x03FFFF8, 0x00E7338, 0x00E7FF8, 0x00E7FF8, 0x00E7FF8, 0x03FF338, 0x03FFFF8, 0x03F7FF8, 0x00E3FF0, 0x00E0300, 0x00E7FF8, 0x00FFFF8, 0x03FFFF8, 0x07F8300, 0x03CFFF8, 0x020FFFC, 0x000FFFC, 0x0000000, 0x0000000, 0x0000000 } }, // 理
  { 0x7459, { 0x0000000, 0x0000000, 0x00033B8, 0x03F3338, 0x03FF770, 0x03FEEE0, 0x00CEEE0, 0x00E7770, 0x00C7778, 0x03F3BB8, 0x03F1790, 0x03F0700, 0x00E7FF8, 0x00E7FF8, 0x00E61F8, 0x00E6FB8, 0x00FE7B8, 0x03FFFF8, 0x07F7CB8, 0x0387FF8, 0x0007FF8, 0x0007FF8, 0x0000000, 0x0000000, 0x0000000 } }, // 瑙
  { 0x74DC, { 0x0000000, 0x0000000, 0x0000000, 0x00007C0, 0x007FFE0, 0x00FFFC0, 0x00FF9C0, 0x00E39C0, 0x00E39C0, 0x00E39C0, 0x00E39C0, 0x00E38E0, 0x00E38E0, 0x00E70E0, 0x00E70E0, 0x00E76E0, 0x01C7670, 0x01CE770, 0x01CFF70, 0x03DFFB8, 0x038FBB8, 0x0384198, 0x0000000, 0x0000000, 0x0000000 } }, // 瓜
  { 0x74E6, { 0x0000000, 0x0000000, 0x03FFFF0, 0x03FFFF8, 0x03FFFF8, 0x0038000, 0x0038000, 0x003FF80, 0x003FF80, 0x003FF80, 0x0078380, 0x007A380, 0x007F380, 0x0077B80, 0x0073F80, 0x0071B90, 0x0070398, 0x00F039C, 0x01FFF98, 0x01FFFF8, 0x01FF9F8, 0x00C00F0, 0x0000000, 0x0000000, 0x0000000 } }, // 瓦
  { 0x751C, { 0x0000000, 0x0000000, 0x0008C30, 0x00FDC70, 0x03FDC70, 0x03F1C70, 0x0073FF8, 0x0073FFC, 0x03FFFF8, 0x07FFC70, 0x07FFC70, 0x0071C70, 0x0071FF0, 0x03FDFF0, 0x03FDFF0, 0x03FDC70, 0x038DC70, 0x038DC70, 0x039DC70, 0x03FDFF0, 0x03FDFF0, 0x038DFF0, 0x0100C30, 0x0000000, 0x0000000 } }, // 甜
  { 0x751F, { 0x0000000, 0x0000000, 0x0003800, 0x0073800, 0x0073800, 0x00E3800, 0x00FFFF0, 0x01FFFF0, 0x01FFFF0, 0x03C3800, 0x0383800, 0x0183800, 0x007FFE0, 0x00FFFE0, 0x00FFFE0, 0x0003800, 0x0003800, 0x0003800, 0x0003800, 0x03FFFF8, 0x03FFFF8, 0x03FFFF8, 0x0000000, 0x0000000, 0x0000000 } }, // 生
  { 0x7528, { 0x0000000, 0x0000000, 0x0000000, 0x00FFFF0, 0x00FFFF0, 0x00FFFF0, 0x00E3870, 0x00E3870, 0x00FFFF0, 0x00FFFF0, 0x00FFFF0, 0x00E3870, 0x00E3870, 0x00FFFF0, 0x01FFFF0, 0x01FFFF0, 0x01C3870, 0x01C3870, 0x03C3870, 0x0383BF0, 0x0383BF0, 0x01011C0, 0x0000000, 0x0000000, 0x0000000 } }, // 用
  { 0x7531, { 0x0000000, 0x0000000, 0x0003800, 0x0003800, 0x0003800, 0x0003800, 0x01FFFF0, 0x01FFFF0, 0x01FFFF0, 0x01C3870, 0x01C3870, 0x01C3870, 0x01FFFF0, 0x01FFFF0, 0x01FFFF0, 0x01C3870, 0x01C3870, 0x01C3870, 0x01C3870, 0x01FFFF0, 0x01FFFF0, 0x01FFFF0, 0x01C0070, 0x0000000, 0x0000000 } }, // 由
  { 0x7532, { 0x0000000, 0x0000000, 0x00FFFF0, 0x01FFFF0, 0x01FFFF0, 0x01C3870, 0x01C3870, 0x01FFFF0, 0x01FFFF0, 0x01FFFF0, 0x01C3870, 0x01C3870, 0x01FFFF0, 0x01FFFF0, 0x01FFFF0, 0x01C3870, 0x0003800, 0x0003800, 0x0003800, 0x0003800, 0x0003800, 0x0003800, 0x0000000, 0x0000000, 0x0000000 } }, // 甲
  { 0x7535, { 0x0000000, 0x0000000, 0x0003800, 0x0003800, 0x0003800, 0x01FFFE0, 0x01FFFF0, 0x01FFFF0, 0x01C38F0, 0x01C3870, 0x01FFFF0, 0x01FFFF0, 0x01FFFF0, 0x01C3870, 0x01FFFF0, 0x01FFFF0, 0x01FFFF0, 0x01C3818, 0x00C383C, 0x0003838, 0x0003FF8, 0x0003FF8, 0x0000FE0, 0x0000000, 0x0000000 } }, // 电
  { 0x753B, { 0x0000000, 0x0000000, 0x0000000, 0x03FFFF8, 0x03FFFF8, 0x03FFFF8, 0x0000000, 0x003FF80, 0x003FFB0, 0x03BFFB8, 0x03BBBB8, 0x03BFFB8, 0x03BFFB8, 0x03BBBB8, 0x03BBBB8, 0x03BFFB8, 0x03BFFB8, 0x0380038, 0x03FFFF8, 0x03FFFF8, 0x03FFFF8, 0x0000038, 0x0000000, 0x0000000, 0x0000000 } }, // 画
  { 0x754C, { 0x0000000, 0x0000000, 0x00FFFE0, 0x00FFFE0, 0x00FFFE0, 0x00E38E0, 0x00FFFE0, 0x00FFFE0, 0x00FFFE0, 0x00E38E0, 0x00FFFE0, 0x00FFFE0, 0x003C780, 0x00783E0, 0x03FC3F8, 0x03FC7F8, 0x019C730, 0x001C700, 0x003C700, 0x00F8700, 0x01F0700, 0x00E0700, 0x0000000, 0x0000000, 0x0000000 } }, // 界
  { 0x7559, { 0x0000000, 0x0000000, 0x000C000, 0x007CFF8, 0x01FDFF8, 0x01E1FF8, 0x01D8738, 0x01DC738, 0x01DCF38, 0x01FEE70, 0x03FFFF0, 0x01FFDF0, 0x01818E0, 0x00FFFE0, 0x00FFFE0, 0x00E38E0, 0x00FFFE0, 0x00FFFE0, 0x00FFFE0, 0x00E38E0, 0x00FFFE0, 0x00FFFE0, 0x00E00E0, 0x0000000, 0x0000000 } }, // 留
  { 0x7565, { 0x0000000, 0x0000000, 0x0000600, 0x0000700, 0x03FCFF0, 0x03FCFF8, 0x03FDFF8, 0x036FE70, 0x036FEF0, 0x036F7E0, 0x03FC7C0, 0x03FDFF0, 0x036FFFC, 0x036FC7C, 0x036FFF8, 0x036DFF0, 0x03FDFF0, 0x03FDC30, 0x03FDC30, 0x0301FF0, 0x0001FF0, 0x0001C70, 0x0000830, 0x0000000, 0x0000000 } }, // 略
  { 0x758F, { 0x0000000, 0x0000000, 0x0000380, 0x0008380, 0x03FFFF8, 0x03FFFF8, 0x003BFF8, 0x0070760, 0x0070E70, 0x03F3FF0, 0x03F3FF8, 0x03FFFF8, 0x03FDB70, 0x03F1FE0, 0x03F1B70, 0x03F1B70, 0x03FDB70, 0x03FDB70, 0x07FFB78, 0x07F3B7C, 0x030737C, 0x0007378, 0x0002030, 0x0000000, 0x0000000 } }, // 疏
  { 0x75AB, { 0x0000000, 0x0000000, 0x0000C00, 0x0001E00, 0x007FFF8, 0x007FFFC, 0x017FFF8, 0x03F0000, 0x03F7FC0, 0x03F7FC0, 0x01F71C0, 0x00771F8, 0x00FE1F8, 0x01FE0F8, 0x07EFFE0, 0x03EFFE0, 0x02E71E0, 0x00E7BC0, 0x01E3F80, 0x01C3F80, 0x03DFFF8, 0x039FBF0, 0x0088030, 0x0000000, 0x0000000 } }, // 疫
  { 0x75BE, { 0x0000000, 0x0000000, 0x0000C00, 0x0000E00, 0x007FFF8, 0x007FFFC, 0x017FFF8, 0x03F3800, 0x03F7800, 0x03F7FF0, 0x01F7FF8, 0x007FFF0, 0x00FE700, 0x01FFFF0, 0x07FFFF8, 0x03EFFF8, 0x02E0F80, 0x00E0F80, 0x01E1FC0, 0x01C7DF0, 0x03DF8F8, 0x039E038, 0x008C000, 0x0000000, 0x0000000 } }, // 疾
  { 0x75C7, { 0x0000000, 0x0000000, 0x0000400, 0x0000E00, 0x0021F08, 0x007FFFC, 0x007FFFC, 0x0370000, 0x03F7FF0, 0x03FFFF8, 0x01FFFF8, 0x0170700, 0x0070700, 0x00F6700, 0x03E77F8, 0x07E77F8, 0x03E7700, 0x00E7700, 0x01E6700, 0x01DFFF8, 0x03DFFFC, 0x019FFFC, 0x0000000, 0x0000000, 0x0000000 } }, // 症
  { 0x75DB, { 0x0000000, 0x0000000, 0x0001C00, 0x0001C00, 0x007FFF8, 0x00FFFF8, 0x03FFFF8, 0x07E7FE0, 0x03EFFF0, 0x03E39E0, 0x03E3F80, 0x006FFF0, 0x00EFFF8, 0x01EEF78, 0x07EFFF8, 0x07EFFF8, 0x02EEF78, 0x00EFFF8, 0x01CFFF8, 0x01CE738, 0x038C778, 0x018E6F0, 0x000C6E0, 0x0000000, 0x0000000 } }, // 痛
  { 0x767D, { 0x0000000, 0x0000000, 0x0003800, 0x0007800, 0x0007000, 0x00FFFE0, 0x01FFFF0, 0x01FFFF0, 0x01E00F0, 0x01C0070, 0x01C0070, 0x01C00F0, 0x01FFFF0, 0x01FFFF0, 0x01FFFF0, 0x01C0070, 0x01C00F0, 0x01C0070, 0x01FFFF0, 0x01FFFF0, 0x01FFFF0, 0x01E00F0, 0x00C0060, 0x0000000, 0x0000000 } }, // 白
  { 0x767E, { 0x0000000, 0x0000000, 0x03FFFF8, 0x03FFFF8, 0x03FFFF8, 0x0007800, 0x0007800, 0x00FFFE0, 0x00FFFE0, 0x00FFFE0, 0x00E00E0, 0x00E00E0, 0x00FFFE0, 0x00FFFE0, 0x00FFFE0, 0x00E00E0, 0x00E00E0, 0x00E00E0, 0x00FFFE0, 0x00FFFE0, 0x00FFFE0, 0x00E00E0, 0x0000000, 0x0000000, 0x0000000 } }, // 百
  { 0x7684, { 0x0000000, 0x0000000, 0x0030600, 0x0070700, 0x0070E00, 0x0070FF0, 0x03FEFF8, 0x03FFFF8, 0x038FC38, 0x038F838, 0x038F838, 0x03FEE38, 0x03FEF38, 0x03FE738, 0x038E3B8, 0x038E3B8, 0x038E138, 0x038E038, 0x03FE070, 0x03FE070, 0x03C47F0, 0x03803E0, 0x0000380, 0x0000000, 0x0000000 } }, // 的
  { 0x76AE, { 0x0000000, 0x0000000, 0x0001800, 0x0001C00, 0x0001C00, 0x00FFFF8, 0x00FFFF8, 0x00FFFF0, 0x00E1C70, 0x00E1C70, 0x00FFFE0, 0x01FFFF0, 0x01FFFE0, 0x01CE1E0, 0x01CE1C0, 0x01C73C0, 0x01C7F80, 0x01C3F00, 0x03C7F00, 0x03BFFE0, 0x07FF7F8, 0x033C1F8, 0x0010030, 0x0000000, 0x0000000 } }, // 皮
  { 0x76D2, { 0x0000000, 0x0000000, 0x0001000, 0x0003800, 0x000FC00, 0x001FF00, 0x007C7E0, 0x03FFFF8, 0x03FFFF8, 0x03FFFF0, 0x007FFC0, 0x00701C0, 0x007FFC0, 0x007FFC0, 0x0000000, 0x00FFFE0, 0x00FFFE0, 0x00EEEE0, 0x00EEEE0, 0x00EEEE0, 0x03FFFF8, 0x03FFFF8, 0x03FFFF8, 0x0000000, 0x0000000 } }, // 盒
  { 0x76D4, { 0x0000000, 0x0000000, 0x0010000, 0x0038000, 0x03FFFF8, 0x03FFFF8, 0x0070E00, 0x0076E60, 0x00EEEF0, 0x01ECEE0, 0x03DDFC0, 0x0783F80, 0x038FBF0, 0x017F1F8, 0x003C078, 0x00FFFF0, 0x00FFFE0, 0x00FFFE0, 0x00EEEE0, 0x00EEEE0, 0x03FFFF8, 0x03FFFF8, 0x03FFFF8, 0x0000000, 0x0000000 } }, // 盔
  { 0x76D8, { 0x0000000, 0x0000000, 0x0000000, 0x0003800, 0x007FFC0, 0x007FFE0, 0x007FFE0, 0x00778E0, 0x0073CE0, 0x03FFFF8, 0x03FFFF8, 0x00F70E0, 0x00E78E0, 0x03E3FE0, 0x01C03C0, 0x00FFFE0, 0x00FFFE0, 0x00FFFE0, 0x00EEEE0, 0x00EEEE0, 0x03FFFF8, 0x03FFFF8, 0x03FFFF8, 0x0000000, 0x0000000 } }, // 盘
  { 0x76EE, { 0x0000000, 0x0000000, 0x0000000, 0x00FFFE0, 0x00FFFE0, 0x00FFFE0, 0x00E00E0, 0x00E00E0, 0x00FFFE0, 0x00FFFE0, 0x00FFFE0, 0x00E00E0, 0x00E00E0, 0x00FFFE0, 0x00FFFE0, 0x00FFFE0, 0x00E00E0, 0x00E00E0, 0x00FFFE0, 0x00FFFE0, 0x00FFFE0, 0x00E00E0, 0x0000000, 0x0000000, 0x0000000 } }, // 目
  { 0x76F4, { 0x0000000, 0x0000000, 0x0000000, 0x0003800, 0x03FFFF8, 0x03FFFF8, 0x03FFFF8, 0x0007000, 0x00FFFE0, 0x00FFFE0, 0x00E00E0, 0x00FFFE0, 0x00FFFE0, 0x00E00E0, 0x00FFFE0, 0x00FFFE0, 0x00E00E0, 0x00FFFE0, 0x00FFFE0, 0x00E00E0, 0x03FFFF8, 0x03FFFF8, 0x03FFFF8, 0x0000000, 0x0000000 } }, // 直
  { 0x76FE, { 0x0000000, 0x0000000, 0x00003E0, 0x00FFFF0, 0x01FFFF0, 0x01FFE00, 0x01E0E00, 0x01FFFFC, 0x01FFFFC, 0x01E1E00, 0x01EFFF0, 0x01FFFF0, 0x01DFFF0, 0x01DC070, 0x01DFFF0, 0x01DFFF0, 0x01DFFF0, 0x01DFFF0, 0x01DC070, 0x039FFF0, 0x039FFF0, 0x019FFF0, 0x0000000, 0x0000000, 0x0000000 } }, // 盾
  { 0x771F, { 0x0000000, 0x0000000, 0x0001800, 0x0003800, 0x03FFFF8, 0x03FFFF8, 0x0003800, 0x007FFC0, 0x007FFC0, 0x007FFC0, 0x007FFC0, 0x00701C0, 0x007FFC0, 0x007FFC0, 0x007FFC0, 0x007FFC0, 0x03FFFF8, 0x03FFFF8, 0x03FFFF8, 0x003C7E0, 0x03FC7F8, 0x03F00F8, 0x0180020, 0x0000000, 0x0000000 } }, // 真
  { 0x7720, { 0x0000000, 0x0000000, 0x0003FF0, 0x03FBFF8, 0x03FBFF8, 0x03BB838, 0x03BB838, 0x03FBFF8, 0x03FBFF8, 0x03BBFF0, 0x03BB380, 0x03FBFF8, 0x03FBFF8, 0x03FBFF8, 0x03BB9C0, 0x03BB9C0, 0x03FB9D0, 0x03FBBDC, 0x0387FFC, 0x0387EF8, 0x0007C78, 0x0002030, 0x0000000, 0x0000000, 0x0000000 } }, // 眠
  { 0x773C, { 0x0000000, 0x0000000, 0x0000000, 0x03FBFF0, 0x03FBFF0, 0x03FB870, 0x03BBFF0, 0x03FBFF0, 0x03FBFF0, 0x03FB830, 0x03BBFF0, 0x03BBFF0, 0x03FBFF0, 0x03FBB98, 0x03BBBF8, 0x03BB9F8, 0x03FB9E0, 0x03FB8E0, 0x03FBFF0, 0x0387F78, 0x0307F38, 0x0003810, 0x0000000, 0x0000000, 0x0000000 } }, // 眼
  { 0x7761, { 0x0000000, 0x0000000, 0x0000020, 0x0007FF0, 0x03F7FF0, 0x03F3F00, 0x03B0700, 0x03B7FF8, 0x03F7FF8, 0x03F7FF8, 0x03B3370, 0x03BFFF8, 0x03FFFF8, 0x03FFFF8, 0x03F3370, 0x03B7FF8, 0x03BFFF8, 0x03F7FF8, 0x03F0700, 0x0383FF0, 0x0387FF0, 0x0007FF0, 0x0000000, 0x0000000, 0x0000000 } }, // 睡
  { 0x77E5, { 0x0000000, 0x0000000, 0x0080000, 0x01C0000, 0x01C0FF0, 0x01FEFF8, 0x03FEFF8, 0x03FEE78, 0x07B0E78, 0x0378E78, 0x0078E78, 0x03FFE78, 0x03FFE78, 0x03FEE78, 0x0070E78, 0x0078E78, 0x00FCE78, 0x00FEE78, 0x01EFFF8, 0x03C7FF8, 0x03C2FF8, 0x0380E30, 0x0000000, 0x0000000, 0x0000000 } }, // 知
  { 0x77E9, { 0x0000000, 0x0000000, 0x0180000, 0x01C1FF8, 0x01C1FF8, 0x01FDFF8, 0x03FDC00, 0x03FDC00, 0x03F1FF0, 0x0371FF0, 0x0171FF0, 0x03FFC70, 0x03FFC70, 0x03FDFF0, 0x0071FF0, 0x0079FF0, 0x00F9C00, 0x00FDC00, 0x01CFC00, 0x03CDFF8, 0x0381FF8, 0x0381FF8, 0x0000000, 0x0000000, 0x0000000 } }, // 矩
  { 0x77ED, { 0x0000000, 0x0000000, 0x0180000, 0x01C3FF8, 0x01C3FF8, 0x03FFFF8, 0x03FC000, 0x03FDFF8, 0x0371FF8, 0x0371FF8, 0x0071C38, 0x07FDC38, 0x07FDFF8, 0x02F1FF8, 0x0071FF8, 0x00F0C70, 0x00F9C70, 0x00FCEE0, 0x01DCEE0, 0x03CFFF8, 0x0387FFC, 0x0307FFC, 0x0000000, 0x0000000, 0x0000000 } }, // 短
  { 0x77F3, { 0x0000000, 0x0000000, 0x0000000, 0x03FFFF8, 0x03FFFF8, 0x03FFFF8, 0x001C000, 0x001C000, 0x003C000, 0x0038000, 0x007FFF0, 0x00FFFF0, 0x01FFFF0, 0x03F8070, 0x07F8070, 0x03B8070, 0x0138070, 0x0038070, 0x003FFF0, 0x003FFF0, 0x003FFF0, 0x0030070, 0x0000000, 0x0000000, 0x0000000 } }, // 石
  { 0x7801, { 0x0000000, 0x0000000, 0x0000000, 0x03FFFF0, 0x03FFFF0, 0x03F9FE0, 0x00C1CE0, 0x01C1CE0, 0x01C1CE0, 0x01F9CE0, 0x03F98E0, 0x03FBFF8, 0x07DBFF8, 0x03DBFF8, 0x03D8038, 0x01DBFB8, 0x01DFFF8, 0x01FBFF8, 0x01F8070, 0x01F8070, 0x01C03F0, 0x00001E0, 0x0000000, 0x0000000, 0x0000000 } }, // 码
  { 0x7840, { 0x0000000, 0x0000000, 0x0000300, 0x03F8380, 0x03FD3B0, 0x03FFBB8, 0x00E3BB8, 0x00C3BB8, 0x01C3BB8, 0x01C3BB8, 0x01FBFF8, 0x03FBFF8, 0x07F8380, 0x07DF3B8, 0x03DFBB8, 0x03DFBB8, 0x019FBB8, 0x01FFBB8, 0x01FFBB8, 0x01FFFF8, 0x01C7FF8, 0x0183FF8, 0x0000038, 0x0000000, 0x0000000 } }, // 础
  { 0x786C, { 0x0000000, 0x0000000, 0x0003FF8, 0x03FFFF8, 0x03FFFF8, 0x03F8380, 0x00E3FF8, 0x01C3FF8, 0x01C3FF8, 0x01FBBB8, 0x03FFFF8, 0x03FFFF8, 0x07DFBB8, 0x03DFFF8, 0x03DFFF8, 0x01DF380, 0x01DFF00, 0x01FDF00, 0x01FDF00, 0x01FFFF8, 0x0187FF8, 0x00030F8, 0x0000000, 0x0000000, 0x0000000 } }, // 硬
  { 0x786E, { 0x0000000, 0x0000000, 0x0000C00, 0x03FDC00, 0x03FDFE0, 0x03FBFE0, 0x00E79C0, 0x01CFFF8, 0x01CFFF8, 0x01FFFF8, 0x03FBBB8, 0x03FBFF8, 0x07DBFF8, 0x03DBBB8, 0x03DBBB8, 0x01DBFF8, 0x01DBFF8, 0x01FF3B8, 0x01FF3B8, 0x01FF3B8, 0x01CE3F8, 0x0006170, 0x0000000, 0x0000000, 0x0000000 } }, // 确
  { 0x78C1, { 0x0000000, 0x0000000, 0x0001040, 0x03F3870, 0x07F9CE0, 0x03F1CE0, 0x01CFFFC, 0x01CFFFC, 0x01C7FF8, 0x01838E0, 0x01F30C0, 0x03F7FD8, 0x03B6FB8, 0x03BFFF8, 0x07BFFF0, 0x03BF9F0, 0x03B3860, 0x01B3CF8, 0x01F7DD8, 0x01FFFF8, 0x018FFFC, 0x018E7DC, 0x0000000, 0x0000000, 0x0000000 } }, // 磁
  { 0x793A, { 0x0000000, 0x0000000, 0x0000000, 0x00FFFE0, 0x00FFFE0, 0x00FFFE0, 0x0000000, 0x0000000, 0x03FFFF8, 0x03FFFF8, 0x03FFFF8, 0x0003800, 0x00738C0, 0x00F39E0, 0x00E38E0, 0x01E38F0, 0x01C3870, 0x03C3878, 0x0383838, 0x011F820, 0x001F800, 0x001E000, 0x0000000, 0x0000000, 0x0000000 } }, // 示
  { 0x795D, { 0x0000000, 0x0000000, 0x00C0000, 0x00E3FF0, 0x0073FF8, 0x03FBFF8, 0x03FF038, 0x03FB878, 0x003B038, 0x0073878, 0x00F3FF8, 0x01F3FF8, 0x03F9FF0, 0x07FDDC0, 0x03FDDC0, 0x03E9DC0, 0x00E1DC0, 0x00E1DD8, 0x00E39DC, 0x00E79DC, 0x00EF1F8, 0x00E60F8, 0x0000000, 0x0000000, 0x0000000 } }, // 祝
  { 0x795E, { 0x0000000, 0x0000000, 0x0040300, 0x00E0380, 0x00E0380, 0x0063FF8, 0x03FFFF8, 0x03FFFF8, 0x03FB3B8, 0x00737B8, 0x0077FF8, 0x00F7FF8, 0x01F33B8, 0x03FF3B8, 0x07FFFF8, 0x03FFFF8, 0x00E7FF8, 0x00E3390, 0x00E0380, 0x00E0380, 0x00E0380, 0x00E0380, 0x00E0300, 0x0000000, 0x0000000 } }, // 神
  { 0x7968, { 0x0000000, 0x0000000, 0x03FFFF0, 0x03FFFF8, 0x03FFFF8, 0x000EE00, 0x01FFFF0, 0x01FFFF0, 0x01CEE70, 0x01FFFF0, 0x01FFFF0, 0x0000000, 0x00FFFE0, 0x00FFFE0, 0x0000000, 0x03FFFF8, 0x03FFFF8, 0x0073980, 0x00F3BE0, 0x01E39F0, 0x03CF878, 0x018F030, 0x0000000, 0x0000000, 0x0000000 } }, // 票
  { 0x79BB, { 0x0000000, 0x0000000, 0x0003000, 0x0003800, 0x03FFFF8, 0x03FFFF8, 0x03FFFF8, 0x00EEEE0, 0x00E7CE0, 0x00EFFE0, 0x00EC7E0, 0x00FFFE0, 0x00FFFE0, 0x0003800, 0x01FFFF0, 0x01FFFF0, 0x01CE670, 0x01DCF70, 0x01FFFF0, 0x01DFFF0, 0x01D81F0, 0x01C03F0, 0x01801E0, 0x0000000, 0x0000000 } }, // 离
  { 0x79CB, { 0x0000000, 0x0000000, 0x0018380, 0x03FC380, 0x03FC380, 0x03F0380, 0x0070380, 0x0071FB8, 0x03FFBB8, 0x03FFBB8, 0x03FFBF0, 0x00FBBF0, 0x01FFBE0, 0x01FC780, 0x03FC7C0, 0x03F07C0, 0x0770FE0, 0x0370EE0, 0x0271C70, 0x0073C78, 0x0077838, 0x0073018, 0x0000000, 0x0000000, 0x0000000 } }, // 秋
  { 0x79CD, { 0x0000000, 0x0000000, 0x0018380, 0x03FC380, 0x03FC380, 0x03F0380, 0x0073FF8, 0x0073FF8, 0x07FFFF8, 0x07FFBB8, 0x03FFBB8, 0x00F3BB8, 0x01FBFF8, 0x01FFFF8, 0x03FFFF8, 0x07F3BB8, 0x0773380, 0x0270380, 0x0070380, 0x0070380, 0x0070380, 0x0070380, 0x0000000, 0x0000000, 0x0000000 } }, // 种
  { 0x79D2, { 0x0000000, 0x0000000, 0x0000300, 0x007C380, 0x03FC380, 0x03F0380, 0x01F1BF0, 0x0073BF0, 0x03FFBB8, 0x07FFBB8, 0x03FFBB8, 0x00F3B98, 0x00FB380, 0x01FC3B8, 0x01FC3F8, 0x03F83F0, 0x07F00F0, 0x03701E0, 0x02707C0, 0x0073F80, 0x0077F00, 0x0077C00, 0x0062000, 0x0000000, 0x0000000 } }, // 秒
  { 0x79EF, { 0x0000000, 0x0000000, 0x001C000, 0x01FDFF0, 0x03FDFF8, 0x03F1FF8, 0x0071C38, 0x0071C38, 0x03FFC38, 0x03FFC38, 0x03FDC38, 0x00F9FF8, 0x00FDFF8, 0x01FFFF0, 0x03FE000, 0x03F4E60, 0x0770E70, 0x0371E70, 0x0071C78, 0x0073C38, 0x007383C, 0x0071018, 0x0000000, 0x0000000, 0x0000000 } }, // 积
  { 0x79F0, { 0x0000000, 0x0000000, 0x0018C00, 0x03FDC00, 0x03FDFF8, 0x03E1FF8, 0x0063FF8, 0x00E3BB8, 0x03FFBB0, 0x03FF390, 0x03F9BB0, 0x00F1FF0, 0x01FBBF0, 0x01FFBB8, 0x03FFBB8, 0x03EBBB8, 0x07673B8, 0x026739C, 0x0062390, 0x00E0F80, 0x00E0F80, 0x0060F00, 0x0000000, 0x0000000, 0x0000000 } }, // 称
  { 0x79FB, { 0x0000000, 0x0000000, 0x0000200, 0x0078700, 0x03F8FF0, 0x03F1FF0, 0x00E7FF0, 0x0067CE0, 0x03FAFC0, 0x07FCF80, 0x03FFF80, 0x00F7FC0, 0x01F3FF8, 0x01F8FF8, 0x01FDFF8, 0x03FFC78, 0x07E7FF0, 0x03627E0, 0x02E03C0, 0x00E0F80, 0x00E7F00, 0x00E7C00, 0x0062000, 0x0000000, 0x0000000 } }, // 移
  { 0x7A00, { 0x0000000, 0x0000000, 0x0000020, 0x00F3C70, 0x03FBFF0, 0x03E0FE0, 0x00E7FF8, 0x00E7E78, 0x03FBE30, 0x07FFFF8, 0x03FFFFC, 0x01E7FF8, 0x01F3B80, 0x01FFFF8, 0x03FFFF8, 0x03EFFF8, 0x07E7BB8, 0x02E3BB8, 0x02E3BF8, 0x00E3BF8, 0x00E1BB0, 0x00E0380, 0x00E0380, 0x0000000, 0x0000000 } }, // 稀
  { 0x7A7A, { 0x0000000, 0x0000000, 0x0000000, 0x0007800, 0x0003800, 0x03FFFF8, 0x03FFFF8, 0x03FFFF8, 0x0380038, 0x039C7B8, 0x03FEFF0, 0x01F83F0, 0x01E00F0, 0x01FFFE0, 0x007FFC0, 0x007FFC0, 0x0003800, 0x0003800, 0x0003800, 0x0003800, 0x03FFFF8, 0x03FFFF8, 0x01FFFF0, 0x0000000, 0x0000000 } }, // 空
  { 0x7A7F, { 0x0000000, 0x0000000, 0x0003000, 0x0003800, 0x01FFFF8, 0x03FFFF8, 0x03FFFF8, 0x038C738, 0x01FC7F0, 0x01F83F0, 0x01F00F0, 0x00FFFF0, 0x00FFFF0, 0x00E0700, 0x00E0700, 0x00FFFF8, 0x00FFFF8, 0x000FF80, 0x003F700, 0x03FE700, 0x03F9F00, 0x01C1F00, 0x0000E00, 0x0000000, 0x0000000 } }, // 穿
  { 0x7ACB, { 0x0000000, 0x0000000, 0x0000000, 0x0003800, 0x0003800, 0x0003800, 0x0003800, 0x01FFFF0, 0x01FFFF0, 0x01FFFF0, 0x0030180, 0x00783C0, 0x00383C0, 0x0038380, 0x0038380, 0x003C780, 0x001C700, 0x001C700, 0x001CF00, 0x03FFFF8, 0x03FFFF8, 0x03FFFF8, 0x0000000, 0x0000000, 0x0000000 } }, // 立
  { 0x7AE0, { 0x0000000, 0x0000000, 0x0003800, 0x0003800, 0x01FFFF0, 0x01FFFF0, 0x0038380, 0x03FFFF8, 0x03FFFF8, 0x03FFFF8, 0x00FFFE0, 0x00FFFE0, 0x00E00E0, 0x00FFFE0, 0x00FFFE0, 0x00FFFE0, 0x00FFFE0, 0x0003800, 0x03FFFF8, 0x03FFFF8, 0x03FFFF8, 0x0003800, 0x0003800, 0x0000000, 0x0000000 } }, // 章
  { 0x7B26, { 0x0000000, 0x0000000, 0x00C0600, 0x00E0F00, 0x00FEFF8, 0x01FFFF8, 0x03FFFF8, 0x03BBDC0, 0x03B98C0, 0x00300E0, 0x00700E0, 0x00FFFF8, 0x01EFFF8, 0x03F5FF0, 0x03F30E0, 0x03F70E0, 0x01738E0, 0x0073CE0, 0x00718E0, 0x00700E0, 0x0070FE0, 0x00707C0, 0x0060780, 0x0000000, 0x0000000 } }, // 符
  { 0x7B2C, { 0x0000000, 0x0000000, 0x0060600, 0x00E0700, 0x00FFFF8, 0x01FFFF8, 0x03FDEE0, 0x039DCE0, 0x01FFFE0, 0x01FFFE0, 0x00FFFE0, 0x00038E0, 0x00FFFE0, 0x00FFFE0, 0x00E3800, 0x00FFFF0, 0x00FFFF0, 0x001F870, 0x003F870, 0x00FBBF0, 0x03F3BF0, 0x01C39E0, 0x0003800, 0x0000000, 0x0000000 } }, // 第
  { 0x7B49, { 0x0000000, 0x0000000, 0x00E0600, 0x00E0F00, 0x01FFFF8, 0x01FFFF8, 0x03FBDC0, 0x03BB8C0, 0x00FFFE0, 0x00FFFE0, 0x00FFFE0, 0x0003800, 0x03FFFF8, 0x03FFFF8, 0x0000380, 0x01FFFF0, 0x03FFFF8, 0x01FFFF0, 0x0038380, 0x003E380, 0x001DF80, 0x0009F80, 0x0000E00, 0x0000000, 0x0000000 } }, // 等
  { 0x7B52, { 0x0000000, 0x0000000, 0x00E0600, 0x00E0F00, 0x01FFFF8, 0x01FFFF8, 0x03FBDE0, 0x03BB8C0, 0x01FFFF0, 0x01FFFF0, 0x01C0070, 0x01DFF70, 0x01DFF70, 0x01D0170, 0x01CFE70, 0x01DFF70, 0x01DFF70, 0x01DC770, 0x01DFF70, 0x01DFF70, 0x01DC3F0, 0x01C01F0, 0x01C01C0, 0x0000000, 0x0000000 } }, // 筒
  { 0x7B5D, { 0x0000000, 0x0000000, 0x00E0600, 0x00E0700, 0x01FFFF8, 0x01FFFF8, 0x03F9CE0, 0x039ECE0, 0x013FF00, 0x007FF00, 0x01F1E00, 0x01FFFE0, 0x00FFFE0, 0x03FFFF8, 0x03FFFF8, 0x03FFFF8, 0x007FFE0, 0x00FFFE0, 0x007FFE0, 0x0003800, 0x001F800, 0x001F800, 0x001E000, 0x0000000, 0x0000000 } }, // 筝
  { 0x7B7E, { 0x0000000, 0x0000000, 0x0000000, 0x00E0600, 0x00FEFF8, 0x01FFFF8, 0x01FFFF8, 0x03B99E0, 0x03BF8E0, 0x000FE00, 0x003EF80, 0x00FC7F0, 0x03FFFF8, 0x03DFF78, 0x0003000, 0x00630E0, 0x00739C0, 0x00739C0, 0x00399C0, 0x0020380, 0x03FFFF8, 0x03FFFF8, 0x03FFFF8, 0x0000000, 0x0000000 } }, // 签
  { 0x7BAD, { 0x0000000, 0x0000000, 0x0060600, 0x00E0700, 0x01FFFF8, 0x01FFFF8, 0x03DDCE0, 0x03B99E0, 0x0038380, 0x03FFFF8, 0x03FFFF8, 0x0000030, 0x01FF670, 0x01FF770, 0x01CF770, 0x01FF770, 0x01FF770, 0x01FF770, 0x01FF770, 0x01C7070, 0x01DF3F0, 0x01DE1F0, 0x01CC1C0, 0x0000000, 0x0000000 } }, // 箭
  { 0x7BB1, { 0x0000000, 0x0000000, 0x00C0600, 0x00E0F00, 0x00FEFF8, 0x01FFFF8, 0x03FFFF8, 0x03BBDC0, 0x03B98C0, 0x0071FF0, 0x01FDFF8, 0x03FFFF8, 0x03FFC38, 0x0079FF8, 0x00FDFF8, 0x01FFC38, 0x01FFFF8, 0x03F7FF8, 0x03F1C38, 0x0371FF8, 0x0071FF8, 0x0071FF8, 0x0031C30, 0x0000000, 0x0000000 } }, // 箱
  { 0x7BDD, { 0x0000000, 0x0000000, 0x00C0600, 0x00E0F00, 0x01FFFF8, 0x03FFFF8, 0x03BBCE0, 0x011CF80, 0x01FFFF0, 0x01FFFF0, 0x00FFFE0, 0x00FFFE0, 0x03FFFF8, 0x03FFFF8, 0x00FFFE0, 0x00FFFE0, 0x00FFFE0, 0x00FFFE0, 0x03FFFF8, 0x03FFFF8, 0x00E07E0, 0x00E07E0, 0x00E0380, 0x0000000, 0x0000000 } }, // 篝
  { 0x7BF7, { 0x0000000, 0x0000000, 0x00C0600, 0x00E0F00, 0x01FEFF8, 0x03FFFF8, 0x03BBDC0, 0x0139EC0, 0x01C3FE0, 0x01CFFE0, 0x00E7FC0, 0x00E7FF8, 0x001FFF8, 0x03EFFF0, 0x03E7FF0, 0x00E7FE0, 0x00E7FE0, 0x00EFFF0, 0x00FFFF0, 0x01FC700, 0x03FFFF8, 0x038FFF8, 0x0101FF0, 0x0000000, 0x0000000 } }, // 篷
  { 0x7C7B, { 0x0000000, 0x0000000, 0x0003800, 0x00638E0, 0x00739E0, 0x003BBC0, 0x03FFFF8, 0x03FFFF8, 0x03FFFF8, 0x001FF00, 0x007FFE0, 0x03FBBF8, 0x03E38F8, 0x0183830, 0x0003800, 0x03FFFF8, 0x03FFFF8, 0x03FFFF8, 0x001FF00, 0x00FEFE0, 0x03FC3F8, 0x03F01F8, 0x0180030, 0x0000000, 0x0000000 } }, // 类
  { 0x7C92, { 0x0000000, 0x0000000, 0x0060300, 0x00E0700, 0x03EC380, 0x03FC380, 0x03FFFF8, 0x03FBFF8, 0x03FBFF8, 0x03F9870, 0x03FDC70, 0x03FDC70, 0x00E1C70, 0x01F1C60, 0x01F8CE0, 0x03FCEE0, 0x03FCEE0, 0x07E8EE0, 0x03E0CC0, 0x02E7FF8, 0x00E7FFC, 0x00E7FF8, 0x0060000, 0x0000000, 0x0000000 } }, // 粒
  { 0x7C97, { 0x0000000, 0x0000000, 0x0060000, 0x0075FF0, 0x037FFF0, 0x03FDFF0, 0x03FDC70, 0x03FDC70, 0x01F9D70, 0x03FDFF0, 0x03FDFF0, 0x03FDC70, 0x00F1C70, 0x00F9C70, 0x01FDFF0, 0x01FDFF0, 0x03FDFF0, 0x03F1C70, 0x0371C70, 0x0377FF8, 0x0077FFC, 0x0077FFC, 0x0060000, 0x0000000, 0x0000000 } }, // 粗
  { 0x7CBE, { 0x0000000, 0x0000000, 0x00E0300, 0x03FFFF8, 0x03FFFF8, 0x03FB7B0, 0x03FBFF0, 0x03FBFF8, 0x01F0380, 0x03FFFF8, 0x07FFFF8, 0x03FBFF0, 0x00F3FF0, 0x01F3870, 0x01FBFF0, 0x03FBFF0, 0x07FB870, 0x07E3FF0, 0x02E3FF0, 0x00E3870, 0x00E39F0, 0x00E38F0, 0x0000000, 0x0000000, 0x0000000 } }, // 精
  { 0x7CD5, { 0x0000000, 0x0000000, 0x00E0860, 0x00E9C70, 0x03FDEF0, 0x03FFFF8, 0x03FFFF8, 0x03FBFF8, 0x01F0380, 0x03F8780, 0x03FFFF8, 0x03FBFF8, 0x01E0380, 0x01F0380, 0x01FFFF8, 0x03FFFF8, 0x03FBFF8, 0x07E75B0, 0x02E7FF8, 0x02E7FF8, 0x00EEFD8, 0x00EEEDC, 0x0064410, 0x0000000, 0x0000000 } }, // 糕
  { 0x7CD6, { 0x0000000, 0x0000000, 0x00C0300, 0x00E0380, 0x03FFFF8, 0x03FFFF8, 0x03FFFF8, 0x03F7380, 0x03F7FF8, 0x03F7FF8, 0x07FFFF8, 0x03FFFFC, 0x01E73B8, 0x01F7FF8, 0x01FFFF8, 0x03FF380, 0x03F7FF8, 0x07E7FF8, 0x03EEC38, 0x02EEC38, 0x00FCFF8, 0x00ECFF8, 0x00C0C30, 0x0000000, 0x0000000 } }, // 糖
  { 0x7CFB, { 0x0000000, 0x0000000, 0x00000C0, 0x001FFE0, 0x01FFFE0, 0x01FFE00, 0x001E100, 0x003C780, 0x00FFF80, 0x00FFE00, 0x00FFD80, 0x001F1C0, 0x007EFE0, 0x01FFFF0, 0x01FFFF0, 0x00E3830, 0x0073B80, 0x00F3BE0, 0x01F39F0, 0x03E38F8, 0x03DF870, 0x000F800, 0x000E000, 0x0000000, 0x0000000 } }, // 系
  { 0x7D20, { 0x0000000, 0x0000000, 0x0003800, 0x01FFFF0, 0x01FFFF0, 0x01FFFF0, 0x00FFFE0, 0x00FFFE0, 0x0003800, 0x03FFFF8, 0x03FFFF8, 0x003F380, 0x00FFFC0, 0x00FFF80, 0x007FCE0, 0x00FFFF0, 0x01FFFF8, 0x01FFC38, 0x007B9C0, 0x00FBBE0, 0x03FF8F8, 0x03CF878, 0x000F000, 0x0000000, 0x0000000 } }, // 素
  { 0x7D22, { 0x0000000, 0x0000000, 0x0003800, 0x0003800, 0x03FFFF8, 0x03FFFF8, 0x0003800, 0x03FFFF8, 0x03FFFF8, 0x03FFFF8, 0x038F338, 0x03BC7B8, 0x01FFF10, 0x007FD80, 0x007F1C0, 0x00FFFE0, 0x01FFFF0, 0x01FFC38, 0x007BBC0, 0x00F3BE0, 0x03FF8F8, 0x01CF838, 0x000F000, 0x0000000, 0x0000000 } }, // 索
  { 0x7D27, { 0x0000000, 0x0000000, 0x0010000, 0x003BFF0, 0x01BBFF0, 0x01B9CF0, 0x01B8FE0, 0x01B8FC0, 0x01B8FC0, 0x01BFFF8, 0x01BFCF8, 0x003E630, 0x00FFF00, 0x00FFF80, 0x007F9C0, 0x00FFFF0, 0x01FFFF8, 0x01FFFB0, 0x0073980, 0x00FBBE0, 0x03FF8F0, 0x03CF870, 0x0007000, 0x0000000, 0x0000000 } }, // 紧
  { 0x7D2F, { 0x0000000, 0x0000000, 0x00FFFE0, 0x01FFFF0, 0x01FFFF0, 0x01E38F0, 0x01FFFF0, 0x01FFFF0, 0x01FFFF0, 0x01FFFF0, 0x00FFFE0, 0x007FF00, 0x00FFF80, 0x00FFDC0, 0x007F1E0, 0x01FFFF0, 0x01FFFF0, 0x01F3930, 0x00F3BC0, 0x03FB9F0, 0x03CF8F0, 0x010F020, 0x0000000, 0x0000000, 0x0000000 } }, // 累
  { 0x7EA2, { 0x0000000, 0x0000000, 0x0000000, 0x0060000, 0x0070000, 0x00F3FF8, 0x00E3FF8, 0x01CBFF8, 0x01DC380, 0x03FC380, 0x07F8380, 0x03F0380, 0x00F0380, 0x01E0380, 0x03FC380, 0x03FC380, 0x03F0380, 0x0000380, 0x0078380, 0x03FFFF8, 0x03FFFF8, 0x0383FF8, 0x0000000, 0x0000000, 0x0000000 } }, // 红
  { 0x7EA7, { 0x0000000, 0x0000000, 0x0060000, 0x0073FE0, 0x00E7FE0, 0x00E7FE0, 0x01C1CE0, 0x01D9DC0, 0x03BDDC0, 0x07F9DF8, 0x07F1DF8, 0x03F1DF8, 0x00E1E30, 0x01FBE70, 0x03FBF70, 0x03F3FE0, 0x038BBE0, 0x007FBC0, 0x01FF3E0, 0x03FF7F0, 0x03CFF78, 0x020EE38, 0x0004000, 0x0000000, 0x0000000 } }, // 级
  { 0x7EAA, { 0x0000000, 0x0000000, 0x0000000, 0x0070000, 0x0073FF0, 0x00F3FF0, 0x00E1FF0, 0x01E8070, 0x01DE070, 0x03FC070, 0x07FC070, 0x03F9FF0, 0x00F1FF0, 0x01E1FF8, 0x03FDC30, 0x03FDC00, 0x03F9C00, 0x0201C18, 0x001DC1C, 0x03FDC38, 0x03FDFF8, 0x03E1FF8, 0x0000FF0, 0x0000000, 0x0000000 } }, // 纪
  { 0x7EB5, { 0x0000000, 0x0000000, 0x00418C0, 0x00E39E0, 0x00E39E0, 0x00E39E0, 0x01C39C0, 0x01DB9C0, 0x03BB9C0, 0x07FB9C0, 0x03F39C0, 0x03E39E0, 0x00E39E0, 0x01FBDE0, 0x03FFFE0, 0x03F7FE0, 0x0387FF0, 0x003F7F0, 0x01FF738, 0x03FEF38, 0x03DEF38, 0x020CE18, 0x0000000, 0x0000000, 0x0000000 } }, // 纵
  { 0x7EB8, { 0x0000000, 0x0000000, 0x0060000, 0x00701F0, 0x00F3FF8, 0x00E3FE0, 0x00E3DC0, 0x01DB9C0, 0x039F9C0, 0x03FB9C0, 0x03FBFF8, 0x03F3FF8, 0x00E3FF8, 0x01FF9C0, 0x03FF9C0, 0x03FB9C0, 0x03839C0, 0x000B8D8, 0x00FFBFC, 0x03FFFFC, 0x03F7FF8, 0x0307C78, 0x0002030, 0x0000000, 0x0000000 } }, // 纸
  { 0x7EBF, { 0x0000000, 0x0000000, 0x0000700, 0x00707E0, 0x00707F0, 0x00E0770, 0x00E07F0, 0x01DFFF8, 0x03DFFE0, 0x03FBF00, 0x03F87F8, 0x03F3FF8, 0x00E7FF0, 0x01FFFB8, 0x03FC3B8, 0x03F83F0, 0x03803F0, 0x001C3E0, 0x01FCFD8, 0x03FFFDC, 0x03C7EF8, 0x01038F8, 0x0000030, 0x0000000, 0x0000000 } }, // 线
  { 0x7EC3, { 0x0000000, 0x0000000, 0x00C0E00, 0x00E0E00, 0x00E7FF0, 0x00EFFF8, 0x01C7FF8, 0x01F1C00, 0x03BFF00, 0x03FFF80, 0x03F7F80, 0x03E3380, 0x00E7FF0, 0x01FFFF8, 0x03FFFF0, 0x03F0380, 0x0303BF0, 0x00773F0, 0x03FF3B8, 0x03EE3B8, 0x038EF98, 0x0204F10, 0x0000E00, 0x0000000, 0x0000000 } }, // 练
  { 0x7EC6, { 0x0000000, 0x0000000, 0x0020000, 0x0073FF8, 0x0073FF8, 0x00E3FF8, 0x00E3BB8, 0x01CB3B8, 0x03DF3B8, 0x07FF3B8, 0x03FB3B8, 0x03F3FF8, 0x00E3FF8, 0x01FFFF8, 0x03FF3B8, 0x03FF3B8, 0x03833B8, 0x00033B8, 0x01FFFF8, 0x07FFFF8, 0x03F3FF8, 0x0203038, 0x0000000, 0x0000000, 0x0000000 } }, // 细
  { 0x7EC8, { 0x0000000, 0x0000000, 0x0040600, 0x0070E00, 0x00F0FF0, 0x00E1FF8, 0x01E3FF0, 0x01DFCF0, 0x03BFFE0, 0x07FE7C0, 0x03F07C0, 0x03F1FE0, 0x00E7FF8, 0x01FFC78, 0x03FB718, 0x03F87C0, 0x03C03E0, 0x00018C0, 0x01FDF00, 0x07FDFC0, 0x03F03F0, 0x02000E0, 0x0000000, 0x0000000, 0x0000000 } }, // 终
  { 0x7ECA, { 0x0000000, 0x0000000, 0x0040300, 0x00703B0, 0x00E33B8, 0x00E3BB8, 0x01C3BF0, 0x01D9FF0, 0x03B9BE0, 0x07FBFF8, 0x03F3FF8, 0x03F3FF8, 0x00E0380, 0x01F8380, 0x03FFFF8, 0x03FFFFC, 0x0387FF8, 0x0008380, 0x01FC380, 0x03FC380, 0x03E0380, 0x0200380, 0x0000300, 0x0000000, 0x0000000 } }, // 绊
  { 0x7ED1, { 0x0000000, 0x0000000, 0x0081000, 0x00E39F0, 0x00E39F8, 0x01CFDF8, 0x01CFFB8, 0x01AFFB8, 0x03B39B0, 0x03F39F0, 0x07EFDF0, 0x03EFDF0, 0x00C79B8, 0x01F39B8, 0x03FFF98, 0x03FFF9C, 0x030FF9C, 0x00771F8, 0x03F71F8, 0x07EF1F0, 0x038E180, 0x020E180, 0x0000180, 0x0000000, 0x0000000 } }, // 绑
  { 0x7ED2, { 0x0000000, 0x0000000, 0x00603F0, 0x00703F0, 0x00E03B8, 0x00E7FF8, 0x01D7FFC, 0x019FFFC, 0x03F8380, 0x07F9998, 0x03F19B8, 0x00E19B8, 0x00E7FF0, 0x01FFFF0, 0x03FFFF0, 0x03F39E0, 0x02039E0, 0x007B9D8, 0x03FF3FC, 0x03FF7F8, 0x0386778, 0x0000670, 0x0000000, 0x0000000, 0x0000000 } }, // 绒
  { 0x7ED3, { 0x0000000, 0x0000000, 0x0040380, 0x0070380, 0x00F0380, 0x00E7FF8, 0x01E7FF8, 0x01DFFF8, 0x03BC380, 0x07F8380, 0x03FBFF8, 0x03F3FF8, 0x00E3FF0, 0x01FC000, 0x03FFFF0, 0x03FFFF0, 0x03C3FF0, 0x0003870, 0x01FF870, 0x07FFFF0, 0x03FBFF0, 0x0303FF0, 0x0001830, 0x0000000, 0x0000000 } }, // 结
  { 0x7ED8, { 0x0000000, 0x0000000, 0x00C0300, 0x00E0780, 0x00E0780, 0x00C0FC0, 0x01C1FE0, 0x01B3CF0, 0x03BF878, 0x07FFFF8, 0x07F7FF8, 0x03E7FE0, 0x00E0000, 0x01FFFF8, 0x03FFFF8, 0x03F7FF0, 0x0300E40, 0x0039CE0, 0x01FBC70, 0x03F7FF0, 0x03C7FF8, 0x0207F38, 0x0000010, 0x0000000, 0x0000000 } }, // 绘
  { 0x7EDC, { 0x0000000, 0x0000000, 0x0040E00, 0x0070E00, 0x00F1FF0, 0x00E1FF8, 0x01E3FF0, 0x01DFCF0, 0x03BFFE0, 0x07FEFC0, 0x03F0FC0, 0x03F3FF0, 0x00EFFF8, 0x01FF878, 0x03FFFF8, 0x03FBFF0, 0x0383FF0, 0x003B870, 0x01FB870, 0x03FBFF0, 0x03C3FF0, 0x0303870, 0x0001020, 0x0000000, 0x0000000 } }, // 络
  { 0x7EDF, { 0x0000000, 0x0000000, 0x0040300, 0x00F0700, 0x00F0780, 0x00E7FF8, 0x01E7FF8, 0x01DFFF8, 0x03BCE60, 0x07F9CF0, 0x03F3FF0, 0x03F7FF8, 0x00E7FF8, 0x01FFDD0, 0x03F9DC0, 0x03F1DC0, 0x0381DC0, 0x003BDD8, 0x01FB9DC, 0x03F79D8, 0x03CF1F8, 0x020E0F8, 0x0004000, 0x0000000, 0x0000000 } }, // 统
  { 0x7EED, { 0x0000000, 0x0000000, 0x0040300, 0x0070700, 0x00E3FF0, 0x00E3FF0, 0x00C0700, 0x01DFFF8, 0x03BFFF8, 0x03F7FF8, 0x03F1B30, 0x03E1FB0, 0x00E7F80, 0x01FFB80, 0x03FBB80, 0x03F7FF8, 0x0307FF8, 0x0078FC0, 0x03F8FE0, 0x03E3CF0, 0x0387C78, 0x0007038, 0x0002010, 0x0000000, 0x0000000 } }, // 续
  { 0x7EF3, { 0x0000000, 0x0000000, 0x0040000, 0x0073FF0, 0x00E3FF0, 0x00E3FF0, 0x01C3FF0, 0x01DBFF0, 0x03BBFF0, 0x07FBFF8, 0x03F7FF8, 0x03F7FF8, 0x00E73B8, 0x01FFFF8, 0x03FFFF8, 0x03FF3B8, 0x03C7FF8, 0x001FFF8, 0x00FFFF8, 0x03FF318, 0x03C03F8, 0x03003F8, 0x00000F0, 0x0000000, 0x0000000 } }, // 绳
  { 0x7EF4, { 0x0000000, 0x0000000, 0x0040800, 0x0070FC0, 0x00E1DC0, 0x00E1CE0, 0x00C1FF8, 0x01DBFF8, 0x03BFFF8, 0x03FF9C0, 0x07FFFF8, 0x03F7FF8, 0x00E3FF8, 0x01FB9C0, 0x03FBFF8, 0x03FBFF8, 0x0383FF8, 0x000B9C0, 0x01FFFF8, 0x03FBFFC, 0x03E3FFC, 0x0203800, 0x0001800, 0x0000000, 0x0000000 } }, // 维
  { 0x7EF7, { 0x0000000, 0x0000000, 0x00C0000, 0x00EFDF8, 0x00EFDF8, 0x01CEDB8, 0x01CEDB8, 0x01BEDB8, 0x03BFDF8, 0x07FFDF8, 0x03EEDB8, 0x02EEDB8, 0x01CEDB8, 0x01FFDF8, 0x03FFDF8, 0x03CEFB8, 0x000CFB8, 0x00FCFB8, 0x03FCFB8, 0x03DDF78, 0x033BF78, 0x0019B70, 0x0000000, 0x0000000, 0x0000000 } }, // 绷
  { 0x7EFF, { 0x0000000, 0x0000000, 0x0040000, 0x00E3FF0, 0x00E3FF0, 0x00E0070, 0x01C1FF0, 0x01DBFF0, 0x03B9FF0, 0x07F8070, 0x03F7FFC, 0x03F7FFC, 0x00E1390, 0x01FBBB8, 0x03FBBF8, 0x03F9FF0, 0x0380FC0, 0x003BFE0, 0x01FFBF8, 0x03FF3B8, 0x03C2F98, 0x0200F00, 0x0000600, 0x0000000, 0x0000000 } }, // 绿
  { 0x7F18, { 0x0000000, 0x0000000, 0x0061C00, 0x0071FE0, 0x00E3FE0, 0x00E38E0, 0x01C3FE0, 0x01DBFE0, 0x03BFFF8, 0x03FFFFC, 0x03F7FF8, 0x03E3E10, 0x00EFE78, 0x01FEFF0, 0x03F9FF0, 0x03C7BF0, 0x021F7B0, 0x00F9FB0, 0x03FFFB8, 0x03C7B98, 0x0306F98, 0x0000F00, 0x0000000, 0x0000000, 0x0000000 } }, // 缘
  { 0x7F29, { 0x0000000, 0x0000000, 0x0040300, 0x00E0700, 0x00E7FF8, 0x00EFFF8, 0x01C7FF8, 0x01FF018, 0x03BBFF8, 0x03F3FF8, 0x07F37F8, 0x03E71C0, 0x00E77F8, 0x01FF7F8, 0x03FF638, 0x03FF638, 0x03077F8, 0x003B7F8, 0x01FB638, 0x03F77F8, 0x03877F8, 0x00077F8, 0x0003610, 0x0000000, 0x0000000 } }, // 缩
  { 0x7F51, { 0x0000000, 0x0000000, 0x0000000, 0x03FFFF8, 0x03FFFF8, 0x03FFFF8, 0x0386138, 0x038E3B8, 0x03EFBB8, 0x03FFFB8, 0x03FEFB8, 0x03BEF38, 0x039E738, 0x039E7B8, 0x039F7F8, 0x03BFFF8, 0x03FBEF8, 0x03F1C38, 0x03F3838, 0x0381BF8, 0x03803F0, 0x03801F0, 0x0000000, 0x0000000, 0x0000000 } }, // 网
  { 0x7F57, { 0x0000000, 0x0000000, 0x0000000, 0x01FFFF0, 0x01FFFF0, 0x01CEE70, 0x01CCE70, 0x01FFFF0, 0x01FFFF0, 0x01FFFF0, 0x001E000, 0x003FFE0, 0x007FFE0, 0x01F81C0, 0x01FC3C0, 0x009E780, 0x000FF00, 0x0007E00, 0x001FC00, 0x01FF000, 0x01FC000, 0x01E0000, 0x0000000, 0x0000000, 0x0000000 } }, // 罗
  { 0x7F6E, { 0x0000000, 0x0000000, 0x0000000, 0x01FFFF0, 0x01FFFF0, 0x01CEE70, 0x01FFFF0, 0x01FFFF0, 0x01FFFF0, 0x03FFFF8, 0x03FFFF0, 0x007FFC0, 0x00FFFE0, 0x00FFFE0, 0x00FFFE0, 0x00E00E0, 0x00FFFE0, 0x00FFFE0, 0x00FFFE0, 0x00FFFE0, 0x03FFFF8, 0x03FFFF8, 0x0000000, 0x0000000, 0x0000000 } }, // 置
  { 0x7F81, { 0x0000000, 0x0000000, 0x01FFFF0, 0x01FFFF0, 0x01DCE70, 0x01FFFF0, 0x01FFFF0, 0x01DC000, 0x03FEFF0, 0x03FFFF0, 0x01DC070, 0x01FCE60, 0x01FCE60, 0x03FEFF8, 0x03FEFF8, 0x03FEFF8, 0x03FFFB8, 0x0071FF8, 0x07FFFF8, 0x03FE030, 0x00701F0, 0x00701E0, 0x0000000, 0x0000000, 0x0000000 } }, // 羁
  { 0x7FA4, { 0x0000000, 0x0000000, 0x0000030, 0x01FEE38, 0x01FEE70, 0x01FE770, 0x00EEFF8, 0x07FFFF8, 0x07FFFF8, 0x00EE1C0, 0x01FE1C0, 0x03FEFF8, 0x01FEFF8, 0x01C07F0, 0x01FE1C0, 0x03FFFF8, 0x07FFFFC, 0x03CFFFC, 0x01CE1C0, 0x00FE1C0, 0x00FE1C0, 0x00FE1C0, 0x00C01C0, 0x0000000, 0x0000000 } }, // 群
  { 0x7FFB, { 0x0000000, 0x0000000, 0x007E000, 0x03FFFF8, 0x03F7FF8, 0x01B6318, 0x01FC398, 0x03FFBF8, 0x03FFFF8, 0x00FCFF8, 0x01FEF78, 0x03FE318, 0x0330338, 0x03FE778, 0x03FEFF8, 0x03FFFF8, 0x03FFB98, 0x03FE318, 0x03B6318, 0x03FE338, 0x03FEFF8, 0x0386F78, 0x0000000, 0x0000000, 0x0000000 } }, // 翻
  { 0x7FFC, { 0x0000000, 0x0000000, 0x03FEFF0, 0x03FFFF0, 0x01CEF70, 0x00FE7F0, 0x01FEFF0, 0x03EFF30, 0x01FFFE0, 0x00FFFE0, 0x00E38E0, 0x00FFFE0, 0x00FFFE0, 0x00FFFE0, 0x00FFFE0, 0x01FFFF0, 0x01FFFF0, 0x03FFFF8, 0x03FFFF8, 0x00FC7E0, 0x03F83F0, 0x01E0070, 0x0000000, 0x0000000, 0x0000000 } }, // 翼
  { 0x8001, { 0x0000000, 0x0000000, 0x0006000, 0x000F020, 0x000F070, 0x00FFFF0, 0x00FFFE0, 0x00FFFC0, 0x000E780, 0x03FFFF8, 0x03FFFF8, 0x03FFFF8, 0x000F800, 0x003F080, 0x00FC7C0, 0x03FFFE0, 0x03FFF00, 0x039F020, 0x001C030, 0x001C070, 0x001FFF0, 0x000FFE0, 0x0001F80, 0x0000000, 0x0000000 } }, // 老
  { 0x8005, { 0x0000000, 0x0000000, 0x0006000, 0x0007060, 0x000F070, 0x00FFFF0, 0x00FFFE0, 0x00073C0, 0x0007780, 0x03FFFF8, 0x03FFFF8, 0x009FC00, 0x003F000, 0x00FFFE0, 0x03FFFE0, 0x03F80E0, 0x03BFFE0, 0x003FFE0, 0x003FFE0, 0x00380E0, 0x003FFE0, 0x003FFE0, 0x00380E0, 0x0000000, 0x0000000 } }, // 者
  { 0x803F, { 0x0000000, 0x0000000, 0x03FC380, 0x03FE380, 0x03FE380, 0x01DC380, 0x019DBB8, 0x01FDBB8, 0x01FDBB8, 0x01FFBF0, 0x019FBF0, 0x01FFBE0, 0x01FD3A0, 0x01FC780, 0x01DC780, 0x01DE7C0, 0x03FEFC0, 0x03FEEE0, 0x03FDEF0, 0x001FC78, 0x001F838, 0x001F010, 0x0000000, 0x0000000, 0x0000000 } }, // 耿
  { 0x80A0, { 0x0000000, 0x0000000, 0x01F0000, 0x03FFFF0, 0x03FFFF0, 0x03BBFE0, 0x03B87C0, 0x03F8F00, 0x03FBF78, 0x03FFFF8, 0x03BBFF8, 0x03B8FF8, 0x03F9DF8, 0x03F9DB8, 0x03FBBB8, 0x03BFB38, 0x03BF738, 0x03BAF38, 0x03B9E70, 0x037BC70, 0x077F9F0, 0x03731E0, 0x0000000, 0x0000000, 0x0000000 } }, // 肠
  { 0x80A4, { 0x0000000, 0x0000000, 0x01F8380, 0x01FC380, 0x01FC380, 0x01DDFF0, 0x019FFF8, 0x01FFFF8, 0x01FC380, 0x01FC380, 0x019C380, 0x019FFF8, 0x01FFFF8, 0x01FFFF8, 0x03FC780, 0x039C7C0, 0x039CFC0, 0x039CEE0, 0x039DEF0, 0x03BFC78, 0x077F838, 0x033B018, 0x0000000, 0x0000000, 0x0000000 } }, // 肤
  { 0x80AF, { 0x0000000, 0x0000000, 0x0003800, 0x0063800, 0x0073FE0, 0x0073FE0, 0x0073800, 0x03FFFF8, 0x03FFFF8, 0x03FFFF8, 0x0000000, 0x00FFFE0, 0x00FFFE0, 0x00F01E0, 0x00FFFE0, 0x00FFFE0, 0x00E01E0, 0x00FFFE0, 0x00FFFE0, 0x00E01E0, 0x00E0FE0, 0x00E07C0, 0x0060780, 0x0000000, 0x0000000 } }, // 肯
  { 0x80C3, { 0x0000000, 0x0000000, 0x00FFFF0, 0x01FFFF0, 0x01E38F0, 0x01FFFF0, 0x01FFFF0, 0x01C3870, 0x01FFFF0, 0x01FFFF0, 0x0000000, 0x007FFC0, 0x007FFC0, 0x00745C0, 0x007FFC0, 0x007FFC0, 0x007FFC0, 0x007FFC0, 0x007F9C0, 0x0070FC0, 0x0070FC0, 0x0060780, 0x0000000, 0x0000000, 0x0000000 } }, // 胃
  { 0x80D6, { 0x0000000, 0x0000000, 0x0000380, 0x01F93B0, 0x01FFBB8, 0x01FBBB8, 0x0199FF0, 0x0199FF0, 0x01FDBE0, 0x01FFFF0, 0x01FBFF8, 0x019BFF8, 0x019C380, 0x01F8380, 0x03FFFF8, 0x03FFFF8, 0x039FFF8, 0x039C380, 0x039C380, 0x039C380, 0x07F8380, 0x0378380, 0x0120380, 0x0000000, 0x0000000 } }, // 胖
  { 0x80DC, { 0x0000000, 0x0000000, 0x01F8380, 0x03F9B80, 0x03FBB80, 0x03BBB80, 0x039BFF8, 0x03FBFF8, 0x03FFFF8, 0x03FF380, 0x03BF380, 0x039E380, 0x03F9FF0, 0x03FBFF8, 0x03FBFF8, 0x03B8380, 0x0398380, 0x03B8380, 0x0398380, 0x037FFFC, 0x077FFFC, 0x0373FF8, 0x0000000, 0x0000000, 0x0000000 } }, // 胜
  { 0x80E1, { 0x0000000, 0x0000000, 0x0030000, 0x00787F8, 0x0070FF8, 0x0078FF8, 0x03FFE38, 0x03FF638, 0x03FFFF8, 0x0070FF8, 0x0070FF8, 0x0078E38, 0x03FEE38, 0x03FEFF8, 0x03CEFF8, 0x038EFF8, 0x038EE38, 0x03FEE38, 0x03FFC38, 0x03FFC38, 0x0383DF8, 0x00038F0, 0x00000E0, 0x0000000, 0x0000000 } }, // 胡
  { 0x80FD, { 0x0000000, 0x0000000, 0x0040E00, 0x00F0E00, 0x00FCE70, 0x01CEFF0, 0x03FEFE0, 0x03FFF00, 0x03FFE18, 0x0000F38, 0x01FEFF8, 0x01FE7F0, 0x01CE600, 0x01FEE00, 0x01FEE70, 0x01FEFF0, 0x01FEFE0, 0x01FEF00, 0x01FEE18, 0x018EE1C, 0x01BEFF8, 0x01BE7F8, 0x01983F0, 0x0000000, 0x0000000 } }, // 能
  { 0x8155, { 0x0000000, 0x0000000, 0x0000300, 0x01F8700, 0x03FFFF8, 0x03FFFF8, 0x03BFFF8, 0x03BF018, 0x03FF818, 0x03FBFF8, 0x03FBFF8, 0x03BFFF8, 0x03BF7F8, 0x03FEFF8, 0x03FFFB8, 0x03FFFF8, 0x03B8DF8, 0x03B9DE0, 0x03B9DD8, 0x033B9DC, 0x07FF9F8, 0x077F1F8, 0x0062060, 0x0000000, 0x0000000 } }, // 腕
  { 0x817F, { 0x0000000, 0x0000000, 0x0000000, 0x03F67F8, 0x03FE7F8, 0x03B7638, 0x03B77F8, 0x03F37F8, 0x03F0638, 0x03FF7F8, 0x03BF7F8, 0x03B77F0, 0x03F77D8, 0x03F77F8, 0x03F7670, 0x03B77F0, 0x0337FF8, 0x0337FB8, 0x0337C10, 0x037FE08, 0x07FDFFC, 0x036C7F8, 0x0000000, 0x0000000, 0x0000000 } }, // 腿
  { 0x818F, { 0x0000000, 0x0000000, 0x0003800, 0x0003800, 0x03FFFF8, 0x03FFFF8, 0x007FFC0, 0x00701C0, 0x007FFC0, 0x03FFFF8, 0x03FFFF8, 0x03BFFB8, 0x03BFFB8, 0x003FF80, 0x007FFC0, 0x00FFFE0, 0x00FFFE0, 0x00FFFE0, 0x00FFFE0, 0x00FFFE0, 0x00F01E0, 0x00F07C0, 0x0060780, 0x0000000, 0x0000000 } }, // 膏
  { 0x81EA, { 0x0000000, 0x0000000, 0x0003800, 0x0003800, 0x0007800, 0x00FFFE0, 0x00FFFF0, 0x00FFFF0, 0x00E00F0, 0x00E00F0, 0x00FFFF0, 0x00FFFF0, 0x00FFFF0, 0x00E00F0, 0x00FFFF0, 0x00FFFF0, 0x00FFFF0, 0x00E00F0, 0x00E00F0, 0x00FFFF0, 0x00FFFF0, 0x00FFFF0, 0x00E0060, 0x0000000, 0x0000000 } }, // 自
  { 0x81ED, { 0x0000000, 0x0000000, 0x0003000, 0x0007800, 0x00FFFE0, 0x00FFFE0, 0x00E01E0, 0x00FFFE0, 0x00FFFE0, 0x00FFFE0, 0x00FFFE0, 0x00E01E0, 0x00FFFE0, 0x00FFFE0, 0x0003BC0, 0x0003BC0, 0x03FFFF8, 0x03FFFF8, 0x001FE00, 0x007CFC0, 0x03F87F8, 0x03F01F8, 0x0180010, 0x0000000, 0x0000000 } }, // 臭
  { 0x81F4, { 0x0000000, 0x0000000, 0x0000200, 0x03FE700, 0x03FF700, 0x03FF700, 0x00E8FF8, 0x01DCFF8, 0x01DEFF8, 0x03FFE70, 0x03FFE70, 0x03F7E70, 0x0073EF0, 0x01FD7E0, 0x03FE7E0, 0x03FE3E0, 0x00703C0, 0x00703C0, 0x01FF7E0, 0x07FFFF8, 0x03FFE78, 0x0301C38, 0x0000000, 0x0000000, 0x0000000 } }, // 致
  { 0x820C, { 0x0000000, 0x0000000, 0x00001C0, 0x003FFE0, 0x01FFFE0, 0x00FFC00, 0x0003800, 0x0003800, 0x03FFFF8, 0x03FFFF8, 0x03FFFF8, 0x0003800, 0x0003800, 0x00FFFE0, 0x00FFFE0, 0x00FFFE0, 0x00E00E0, 0x00E00E0, 0x00E00E0, 0x00FFFE0, 0x00FFFE0, 0x00FFFE0, 0x0040000, 0x0000000, 0x0000000 } }, // 舌
  { 0x8272, { 0x0000000, 0x0000000, 0x0000000, 0x001C000, 0x001EA00, 0x003FF80, 0x007FF80, 0x00F0F00, 0x01E1E00, 0x03FFFE0, 0x03FFFE0, 0x03FFFE0, 0x00E3860, 0x00E38E0, 0x00FFFE0, 0x00FFFF0, 0x00FFFE0, 0x00E0010, 0x00E0018, 0x00E0038, 0x00FFFF8, 0x007FFF0, 0x003FFE0, 0x0000000, 0x0000000 } }, // 色
  { 0x82B1, { 0x0000000, 0x0000000, 0x0018300, 0x001C380, 0x03FFFF8, 0x03FFFF8, 0x03FFFF8, 0x001C780, 0x0018300, 0x003CE00, 0x0039E20, 0x0078EF0, 0x00F0FF0, 0x01F0FE0, 0x03F3F80, 0x03F7E00, 0x0177E00, 0x0074E18, 0x0070E1C, 0x0070FF8, 0x0070FF8, 0x0070FF0, 0x0070000, 0x0000000, 0x0000000 } }, // 花
  { 0x82BD, { 0x0000000, 0x0000000, 0x0018300, 0x0038380, 0x03FFFF8, 0x03FFFF8, 0x01FFFF0, 0x0038300, 0x01FFFF0, 0x01FFFF0, 0x01FFFF0, 0x00E0780, 0x00E0300, 0x00FFFF8, 0x00FFFF8, 0x01FFFF8, 0x0007F80, 0x001F380, 0x007E780, 0x03FC780, 0x03F3F00, 0x01C3F00, 0x0001E00, 0x0000000, 0x0000000 } }, // 芽
  { 0x82F1, { 0x0000000, 0x0000000, 0x0038380, 0x01FFFF0, 0x03FFFF8, 0x03FFFF8, 0x0038380, 0x003BB80, 0x0003800, 0x00FFFE0, 0x00FFFE0, 0x00E38E0, 0x00E38E0, 0x00E38E0, 0x03FFFF8, 0x03FFFF8, 0x03FFFF8, 0x000FE00, 0x003EF80, 0x03FC7F8, 0x03F81F8, 0x01C0070, 0x0000000, 0x0000000, 0x0000000 } }, // 英
  { 0x82F9, { 0x0000000, 0x0000000, 0x0038380, 0x03FFFF8, 0x03FFFF8, 0x03FFFF8, 0x0038380, 0x00FFFE0, 0x01FFFF0, 0x01FFFF0, 0x00E38E0, 0x00F39E0, 0x00739C0, 0x007BB80, 0x03FFFF8, 0x03FFFF8, 0x03FFFF8, 0x0003800, 0x0003800, 0x0003800, 0x0003800, 0x0003800, 0x0000000, 0x0000000, 0x0000000 } }, // 苹
  { 0x8303, { 0x0000000, 0x0000000, 0x0038380, 0x0038380, 0x03FFFF8, 0x03FFFF8, 0x03FFFF8, 0x0038380, 0x00C0100, 0x01E7FF0, 0x00F7FF0, 0x0077FF0, 0x0187070, 0x03E7070, 0x01E73F0, 0x00D73F0, 0x003F3E0, 0x007F010, 0x00F701C, 0x01E7FF8, 0x03C3FF8, 0x0183FF0, 0x0000000, 0x0000000, 0x0000000 } }, // 范
  { 0x8349, { 0x0000000, 0x0000000, 0x0038380, 0x03FFFF8, 0x03FFFF8, 0x03FFFF8, 0x0038300, 0x00FFFE0, 0x00FFFE0, 0x00E00E0, 0x00FFFE0, 0x00FFFE0, 0x00E00E0, 0x00FFFE0, 0x00FFFE0, 0x00FFFC0, 0x0103810, 0x03FFFF8, 0x03FFFF8, 0x0003800, 0x0003800, 0x0003800, 0x0000000, 0x0000000, 0x0000000 } }, // 草
  { 0x836F, { 0x0000000, 0x0000000, 0x0018300, 0x003C780, 0x03FFFF8, 0x03FFFF8, 0x0038780, 0x0078F00, 0x00E0E00, 0x00E9FF8, 0x01DDFF8, 0x03FFFF8, 0x03FB838, 0x03F3E38, 0x00E0E38, 0x01FC778, 0x03FC770, 0x03F8770, 0x0004070, 0x03FE070, 0x03FC3F0, 0x03E03E0, 0x0000180, 0x0000000, 0x0000000 } }, // 药
  { 0x8393, { 0x0000000, 0x0000000, 0x0018380, 0x0038380, 0x03FFFF8, 0x03FFFF8, 0x0078380, 0x007FFF8, 0x00FFFF8, 0x01FFFF8, 0x03FFFE0, 0x03FFFE0, 0x0173CE0, 0x0071CE0, 0x03FFFF8, 0x03FFFF8, 0x0073CE0, 0x0063CE0, 0x00FFFF8, 0x00FFFF8, 0x00007C0, 0x00007C0, 0x0000300, 0x0000000, 0x0000000 } }, // 莓
  { 0x83B7, { 0x0000000, 0x0000000, 0x0018300, 0x003C380, 0x03FFFF8, 0x03FFFF8, 0x017FFB0, 0x0098300, 0x01F87E0, 0x01F87F0, 0x00F0770, 0x03F7FF8, 0x03BFFF8, 0x003FFF8, 0x0078780, 0x01F8780, 0x03F8FC0, 0x03B8FC0, 0x0139CE0, 0x003BCF0, 0x01FF878, 0x01F7038, 0x00E2010, 0x0000000, 0x0000000 } }, // 获
  { 0x83CA, { 0x0000000, 0x0000000, 0x0038380, 0x0038380, 0x03FFFF8, 0x03FFFF8, 0x0038380, 0x0078300, 0x007FFF0, 0x00FFFF8, 0x01FFFF0, 0x03E7770, 0x03F7770, 0x0137670, 0x00FFFF0, 0x01FFFF0, 0x00FFFF0, 0x001FC70, 0x007FF70, 0x01F7770, 0x01E73F0, 0x00C73E0, 0x00061C0, 0x0000000, 0x0000000 } }, // 菊
  { 0x83E0, { 0x0000000, 0x0000000, 0x0038380, 0x03FFFF8, 0x03FFFF8, 0x03FFFF8, 0x0038380, 0x01C0700, 0x01FFFF8, 0x00EFFF8, 0x002FFF8, 0x038E738, 0x03CFFF0, 0x01CFFF0, 0x008FFF0, 0x004FCE0, 0x00EDFE0, 0x00FCFC0, 0x01DCFE0, 0x03FFFF8, 0x03BFCF8, 0x0117030, 0x0000000, 0x0000000, 0x0000000 } }, // 菠
  { 0x83F2, { 0x0000000, 0x0000000, 0x0018700, 0x03FFFF8, 0x03FFFF8, 0x03FFFF8, 0x0018300, 0x000EE00, 0x03FEFF8, 0x03FEFF8, 0x03FEFF8, 0x000EE00, 0x01FEFF0, 0x01FEFF0, 0x01FEFF0, 0x000EE00, 0x03FEFF8, 0x03FEFF8, 0x03FEFF8, 0x000EF00, 0x000EF00, 0x000EF00, 0x0000000, 0x0000000, 0x0000000 } }, // 菲
  { 0x8404, { 0x0000000, 0x0000000, 0x0038380, 0x03FFFF8, 0x03FFFF8, 0x03FFFF8, 0x0078300, 0x00FFFF0, 0x01FFFF0, 0x01FFFF0, 0x03B8070, 0x03FFF70, 0x017FF70, 0x0066070, 0x01FFFF0, 0x01FFFF0, 0x00E6770, 0x00E6770, 0x00FFF70, 0x00FFF70, 0x007FFF0, 0x00003E0, 0x0000000, 0x0000000, 0x0000000 } }, // 萄
  { 0x841D, { 0x0000000, 0x0000000, 0x0038380, 0x0038380, 0x03FFFF8, 0x03FFFF8, 0x0038380, 0x01FFFF0, 0x01FFFF0, 0x01FFFF0, 0x01CC670, 0x01FFFF0, 0x01FFFF0, 0x001E000, 0x007FFE0, 0x01FFFE0, 0x01F83C0, 0x00BC780, 0x001FF00, 0x001FE00, 0x01FF800, 0x01FC000, 0x01C0000, 0x0000000, 0x0000000 } }, // 萝
  { 0x8425, { 0x0000000, 0x0000000, 0x0038380, 0x03FFFF8, 0x03FFFF8, 0x03FFFF8, 0x0038380, 0x03FFFF8, 0x03FFFF8, 0x0380038, 0x03BFFB8, 0x01BFFB8, 0x0038380, 0x003FF80, 0x003FF80, 0x00FFFE0, 0x00FFFE0, 0x00FFFE0, 0x00E00E0, 0x00FFFE0, 0x00FFFE0, 0x00FFFE0, 0x0000000, 0x0000000, 0x0000000 } }, // 营
  { 0x8428, { 0x0000000, 0x0000000, 0x0038380, 0x03FFFF8, 0x03FFFF8, 0x03FFFF8, 0x0038380, 0x03F0780, 0x03FBFF8, 0x03FFFF8, 0x03B3FF8, 0x03F1CE0, 0x03F1CE0, 0x03B7FF8, 0x03BFFF8, 0x03BF000, 0x03FF000, 0x03FF000, 0x03F7000, 0x038E000, 0x038E000, 0x038C000, 0x0000000, 0x0000000, 0x0000000 } }, // 萨
  { 0x843D, { 0x0000000, 0x0000000, 0x0038380, 0x03FFFF8, 0x03FFFF8, 0x03FFFF8, 0x0039F00, 0x01E3FE0, 0x01F7FF0, 0x00FFFF0, 0x003FDE0, 0x039DFC0, 0x03C9FC0, 0x01EFFF8, 0x00DF8F8, 0x001FFF8, 0x006FFE0, 0x00F7FF0, 0x01E6070, 0x03C7FF0, 0x0387FF0, 0x01860E0, 0x0000000, 0x0000000, 0x0000000 } }, // 落
  { 0x8461, { 0x0000000, 0x0000000, 0x0038380, 0x03FFFF8, 0x03FFFF8, 0x03FFFF8, 0x0078300, 0x00FFFF0, 0x00FFFF8, 0x01FFFF8, 0x03C7E38, 0x03FFFB8, 0x03FFFB8, 0x00FFF30, 0x00FFF30, 0x00FFF70, 0x00FFF70, 0x00FFF70, 0x00FFF70, 0x00E7370, 0x00E77F0, 0x00E67E0, 0x0000000, 0x0000000, 0x0000000 } }, // 葡
  { 0x8471, { 0x0000000, 0x0000000, 0x0018300, 0x03FFFF8, 0x03FFFF8, 0x03FFFF8, 0x0038300, 0x007FFF0, 0x00FFFF0, 0x01FFFF0, 0x03FEE70, 0x03FFE70, 0x013FEE0, 0x007BEE0, 0x00F7FE0, 0x00671C0, 0x009B800, 0x01FBC60, 0x01F9BF0, 0x03B83F8, 0x039FFB8, 0x031FF30, 0x0000000, 0x0000000, 0x0000000 } }, // 葱
  { 0x8482, { 0x0000000, 0x0000000, 0x0038380, 0x03FFFF8, 0x03FFFF8, 0x03FFFF8, 0x003B380, 0x0013900, 0x01FFFF0, 0x01FFFF0, 0x0038380, 0x01FFFF0, 0x03FFFF8, 0x03FFFF8, 0x0383838, 0x01FFFF0, 0x00FFFE0, 0x00F38E0, 0x00E38E0, 0x00E3BE0, 0x00E3BC0, 0x0063B80, 0x0003800, 0x0000000, 0x0000000 } }, // 蒂
  { 0x84DD, { 0x0000000, 0x0000000, 0x0018380, 0x03FFFF8, 0x03FFFF8, 0x03FFFF8, 0x0018380, 0x001CE00, 0x01DCFF0, 0x01DCFF0, 0x01DDFF0, 0x01DDDC0, 0x01DF9C0, 0x01DD8E0, 0x001C0C0, 0x00FFFE0, 0x00FFFE0, 0x00FFFE0, 0x00EEEE0, 0x00EEEE0, 0x03FFFF8, 0x03FFFF8, 0x0000000, 0x0000000, 0x0000000 } }, // 蓝
  { 0x8513, { 0x0000000, 0x0000000, 0x0018300, 0x03FFFF8, 0x03FFFF8, 0x03FFFF8, 0x00FFFE0, 0x00FFFE0, 0x00FFFE0, 0x00FFFE0, 0x00FFFE0, 0x00FFFE0, 0x01FFFF0, 0x01FFFF0, 0x01FFFF0, 0x01FFFF0, 0x01FFFC0, 0x01FFFE0, 0x003C7C0, 0x001FF80, 0x03FFFF8, 0x03FFFF8, 0x01C0070, 0x0000000, 0x0000000 } }, // 蔓
  { 0x8549, { 0x0000000, 0x0000000, 0x0018380, 0x03FFFF8, 0x03FFFF8, 0x03FFFF8, 0x0039F80, 0x0071C00, 0x00FFFF0, 0x01FFFF0, 0x03F1C00, 0x03FFFE0, 0x03FFFE0, 0x007FFE0, 0x007FFE0, 0x0071C00, 0x007FFF0, 0x007FFF0, 0x00E0420, 0x01CCE70, 0x03CEE78, 0x038E738, 0x010C410, 0x0000000, 0x0000000 } }, // 蕉
  { 0x85CF, { 0x0000000, 0x0000000, 0x0018700, 0x03FFFF8, 0x03FFFF8, 0x03FFFF8, 0x00183B8, 0x037FFF8, 0x037FFF8, 0x0370380, 0x03FFFB8, 0x03FFFB8, 0x007D9B0, 0x03FFFF0, 0x07FFFF0, 0x03FFFE0, 0x03FFFE0, 0x03FD9D8, 0x036FFD8, 0x036FFF8, 0x02E07F8, 0x0060378, 0x0000000, 0x0000000, 0x0000000 } }, // 藏
  { 0x85E4, { 0x0000000, 0x0000000, 0x0018300, 0x03FFFF8, 0x03FFFF8, 0x03FFFF8, 0x0018300, 0x01FB760, 0x01FBF60, 0x01BFFF8, 0x01FBFF0, 0x01F8E00, 0x01FFFF8, 0x01BFFF8, 0x01FFB78, 0x01FF338, 0x01FFB78, 0x03B9FE0, 0x03BBFE0, 0x03BFFF0, 0x037BF30, 0x0370F00, 0x0000000, 0x0000000, 0x0000000 } }, // 藤
  { 0x866B, { 0x0000000, 0x0000000, 0x0003800, 0x0003800, 0x0003800, 0x01FFFE0, 0x01FFFE0, 0x01FFFE0, 0x01C38E0, 0x01C38E0, 0x01C38E0, 0x01C38E0, 0x01FFFE0, 0x01FFFE0, 0x01FFFE0, 0x0003840, 0x00039E0, 0x00038E0, 0x00FFFF0, 0x03FFFF8, 0x03FFFF8, 0x03F0038, 0x0000010, 0x0000000, 0x0000000 } }, // 虫
  { 0x8679, { 0x0000000, 0x0000000, 0x0000000, 0x0070000, 0x0070000, 0x0071FF8, 0x0071FF8, 0x03FFFF8, 0x03FE1C0, 0x03F63C0, 0x03B63C0, 0x03B63C0, 0x03F63C0, 0x03FE3C0, 0x03FE3C0, 0x03703C0, 0x00763C0, 0x00763C0, 0x007F1C0, 0x03FFFF8, 0x03FFFFC, 0x0383FF8, 0x0000000, 0x0000000, 0x0000000 } }, // 虹
  { 0x868A, { 0x0000000, 0x0000000, 0x0060300, 0x0070780, 0x0070380, 0x00701C0, 0x03FDFF8, 0x03FFFFC, 0x03FFFFC, 0x036CC70, 0x036CE70, 0x036CE70, 0x03FCE70, 0x03FC7E0, 0x03FC7E0, 0x017C7C0, 0x007C3C0, 0x007E3C0, 0x03FE7E0, 0x07FFFF8, 0x03F7E78, 0x0005C38, 0x0000000, 0x0000000, 0x0000000 } }, // 蚊
  { 0x86AA, { 0x0000000, 0x0000000, 0x0060060, 0x00700E0, 0x0070CE0, 0x0070E60, 0x03FEFE0, 0x03FE7E0, 0x03FE260, 0x03668E0, 0x037FCE0, 0x0367E60, 0x03FE760, 0x03FE660, 0x03FE0F8, 0x01747FC, 0x007FFFC, 0x007FFE0, 0x03FF860, 0x07FE0E0, 0x03F6060, 0x00040E0, 0x0000060, 0x0000000, 0x0000000 } }, // 蚪
  { 0x86C7, { 0x0000000, 0x0000000, 0x0060300, 0x0070380, 0x0070380, 0x0071FF8, 0x03FFFF8, 0x03FFFF8, 0x03FF818, 0x036FE18, 0x036EE00, 0x036CE30, 0x03FEEF0, 0x03FEFF0, 0x03FCFC0, 0x0174F00, 0x007CE00, 0x007EE18, 0x03FEE1C, 0x07FEE1C, 0x03FEFF8, 0x00047F8, 0x0000000, 0x0000000, 0x0000000 } }, // 蛇
  { 0x86CB, { 0x0000000, 0x0000000, 0x0000000, 0x01FFFF8, 0x01FFFF8, 0x0073870, 0x0073FF0, 0x00F3F80, 0x00FF800, 0x01FFFF8, 0x03C7FF8, 0x0383800, 0x03FFFE0, 0x00FFFE0, 0x00FFFE0, 0x00FFFE0, 0x00FFFE0, 0x00FFFE0, 0x00039E0, 0x03FFFF0, 0x03FFFF8, 0x03FC038, 0x0000000, 0x0000000, 0x0000000 } }, // 蛋
  { 0x86D9, { 0x0000000, 0x0000000, 0x0060180, 0x0070380, 0x0070380, 0x0061FF8, 0x03FDFF8, 0x03FCFF0, 0x03FC380, 0x036DFF8, 0x03EFFF8, 0x036FFF8, 0x03FC380, 0x03FC380, 0x03FDFF8, 0x016DFF8, 0x007DFF8, 0x007E380, 0x03FE380, 0x07FFFF8, 0x03FFFFC, 0x0007FFC, 0x0000000, 0x0000000, 0x0000000 } }, // 蛙
  { 0x86F9, { 0x0000000, 0x0000000, 0x0060000, 0x0061FF8, 0x0061FF8, 0x0060CF0, 0x03FCFE0, 0x03FCFC0, 0x03FFFF8, 0x03FFFF8, 0x03FFFF8, 0x03FFBB8, 0x03FFFF8, 0x03FFFF8, 0x03E3BB8, 0x017BBB8, 0x007FFF8, 0x007FFF8, 0x03FFBB8, 0x03FFBB8, 0x038FBF8, 0x0003BF0, 0x0000000, 0x0000000, 0x0000000 } }, // 蛹
  { 0x86FE, { 0x0000000, 0x0000000, 0x0040180, 0x00E0FF0, 0x00E3FF0, 0x00E7DF8, 0x03FFDD8, 0x03F9DD0, 0x03FBFE0, 0x035FFF8, 0x03FFFF8, 0x0379DC0, 0x03F9DD8, 0x03F9FF8, 0x03FFFF8, 0x03E7FF0, 0x00FFCF0, 0x00F9CE0, 0x03FDDEC, 0x03FDFFC, 0x03CFFF8, 0x0007A78, 0x0000000, 0x0000000, 0x0000000 } }, // 蛾
  { 0x8702, { 0x0000000, 0x0000000, 0x0060600, 0x0060700, 0x0060FF0, 0x0061FF0, 0x03FFEE0, 0x03FFFE0, 0x03FF7C0, 0x036CFE0, 0x037FFFC, 0x036FFF8, 0x03FFBB8, 0x03FFFF0, 0x03F9FF0, 0x0361FF0, 0x00FDFF0, 0x007C380, 0x00FFFF8, 0x03FFFF8, 0x03EE380, 0x0200380, 0x0000380, 0x0000000, 0x0000000 } }, // 蜂
  { 0x874C, { 0x0000000, 0x0000000, 0x00E0430, 0x00E3E70, 0x00EFF30, 0x03FF9F0, 0x03F99F0, 0x03F98F0, 0x03DFE70, 0x03DFE30, 0x03DFFF0, 0x03DB9F0, 0x03FBCF0, 0x03FFE70, 0x03E7E78, 0x00FFFFC, 0x00FFBF8, 0x00FDBF0, 0x07F9830, 0x07F9870, 0x0001870, 0x0001870, 0x0000000, 0x0000000, 0x0000000 } }, // 蝌
  { 0x8760, { 0x0000000, 0x0000000, 0x0000000, 0x0063FF8, 0x0063FF8, 0x0063FF8, 0x03F9FF0, 0x03FDFF0, 0x03FDFF0, 0x036D870, 0x037DFF0, 0x036DFF0, 0x03FC000, 0x03FFFF8, 0x03FFFF8, 0x036BBB8, 0x00FFFF8, 0x007FFF8, 0x03FFBB8, 0x03FFFF8, 0x03EFFF8, 0x0003FF8, 0x0003018, 0x0000000, 0x0000000 } }, // 蝠
  { 0x8776, { 0x0000000, 0x0000000, 0x0040370, 0x00E3770, 0x00E3770, 0x00E7FF8, 0x03FFFF8, 0x03FB770, 0x03FB7F0, 0x035B7F0, 0x03FB000, 0x03DBFF8, 0x03FBFF8, 0x03FBFF8, 0x03FFFF8, 0x03E7FFC, 0x00FFFF8, 0x00F8FC0, 0x01FDFF0, 0x07FFFF8, 0x03CFB38, 0x0007398, 0x0000300, 0x0000000, 0x0000000 } }, // 蝶
  { 0x8782, { 0x0000000, 0x0000000, 0x0041800, 0x00E3800, 0x00C1DF8, 0x00E7FF8, 0x03FFFD8, 0x03FE7F8, 0x03DFFF8, 0x03DFFF0, 0x03DFFF0, 0x03DE7F0, 0x03DFFF8, 0x03FFFD8, 0x03FFFD8, 0x03E6DDC, 0x00F6EDC, 0x00FEFF8, 0x03FFFF8, 0x07FFFF0, 0x03DF7C0, 0x00041C0, 0x00000C0, 0x0000000, 0x0000000 } }, // 螂
  { 0x87B3, { 0x0000000, 0x0000000, 0x0000000, 0x00E33B0, 0x00E3BB8, 0x00E1BF0, 0x00E1BF0, 0x03FFFF8, 0x03FFFF8, 0x03FF038, 0x037FFF8, 0x037BFF8, 0x03F9870, 0x03F9870, 0x03F9FF0, 0x03E1FE0, 0x03F8380, 0x00FBFF8, 0x00FFFF8, 0x03FC380, 0x03FFFF8, 0x030FFFC, 0x0007FF8, 0x0000000, 0x0000000 } }, // 螳
  { 0x87F9, { 0x0000000, 0x0000000, 0x00C0000, 0x00FCFF8, 0x01FCFF8, 0x03FE738, 0x03FFEF8, 0x01B7EE0, 0x01FFFF8, 0x01FFFF8, 0x01FFDC0, 0x03FFFFC, 0x03BFFF8, 0x033F0C0, 0x00FFFE0, 0x00FFFE0, 0x00E38E0, 0x00FFFE0, 0x00FFFE0, 0x00038E0, 0x03FFFF0, 0x03FFFF0, 0x0000010, 0x0000000, 0x0000000 } }, // 蟹
  { 0x8840, { 0x0000000, 0x0000000, 0x0000000, 0x0007000, 0x0007800, 0x0007000, 0x000F000, 0x01FFFF0, 0x01FFFF0, 0x01FFFF0, 0x01CEE70, 0x01CEEF0, 0x01CEEF0, 0x01CEEF0, 0x01CEEF0, 0x01CEEF0, 0x01CEEF0, 0x01CEEF0, 0x01CEE70, 0x03FFFF8, 0x07FFFFC, 0x07FFFFC, 0x0000000, 0x0000000, 0x0000000 } }, // 血
  { 0x884C, { 0x0000000, 0x0000000, 0x0020000, 0x0079FF0, 0x00F3FF8, 0x01E3FF8, 0x03C0000, 0x0398000, 0x0338000, 0x007BFF8, 0x00F7FF8, 0x01F7FF8, 0x03F01E0, 0x07F01E0, 0x03F01E0, 0x01701E0, 0x00701E0, 0x00701E0, 0x00701E0, 0x00701E0, 0x0070FC0, 0x0070FC0, 0x0060700, 0x0000000, 0x0000000 } }, // 行
  { 0x8865, { 0x0000000, 0x0000000, 0x0040700, 0x00E0700, 0x00F0700, 0x0070700, 0x03FE700, 0x03FE700, 0x01DE700, 0x001C7C0, 0x003A7E0, 0x007BFF0, 0x00FF778, 0x01FE738, 0x03FE710, 0x03F7700, 0x0377700, 0x0072700, 0x0070700, 0x0070700, 0x0070700, 0x0070700, 0x0070700, 0x0000000, 0x0000000 } }, // 补
  { 0x8868, { 0x0000000, 0x0000000, 0x0003800, 0x0003800, 0x01FFFF0, 0x01FFFF0, 0x0003800, 0x00FFFE0, 0x00FFFF0, 0x00FFFE0, 0x03FFFF8, 0x03FFFF8, 0x03FFFF8, 0x001FC20, 0x007CEF0, 0x01F8FF0, 0x03F87C0, 0x03F87C0, 0x003FBE0, 0x007FDF8, 0x007F8F8, 0x007C030, 0x0020000, 0x0000000, 0x0000000 } }, // 表
  { 0x888B, { 0x0000000, 0x0000000, 0x0011C80, 0x0039DE0, 0x0079CE0, 0x00F1FF8, 0x01FFFF8, 0x03FFFF0, 0x03F4718, 0x03707D8, 0x00733F8, 0x00739F8, 0x0023860, 0x03FFFF8, 0x03FFFF8, 0x003FE70, 0x00FCEF0, 0x03F87F0, 0x03F87C0, 0x013FBF8, 0x003F9F8, 0x003E078, 0x0000000, 0x0000000, 0x0000000 } }, // 袋
  { 0x88AB, { 0x0000000, 0x0000000, 0x0040300, 0x00C0380, 0x00E0380, 0x00E3FF8, 0x03FFFF8, 0x03FBFF8, 0x03F73B8, 0x00773B8, 0x00FF3B0, 0x00FFFF8, 0x01FFFF8, 0x03F7C70, 0x07FFE70, 0x03FFEE0, 0x02FF7E0, 0x00E73C0, 0x00EE7C0, 0x00EEFF0, 0x00FFFF8, 0x00EDC78, 0x00E0010, 0x0000000, 0x0000000 } }, // 被
  { 0x88C1, { 0x0000000, 0x0000000, 0x0038740, 0x00387E0, 0x01FF770, 0x01FF738, 0x0038730, 0x03FFFF8, 0x03FFFF8, 0x03FFFF8, 0x0038720, 0x03FFF70, 0x03FFF70, 0x03FFBF0, 0x00F33E0, 0x03FFBE0, 0x03FF3D0, 0x03E7BD8, 0x00FBFD8, 0x00F9FF8, 0x00F1EF8, 0x0000C70, 0x0000000, 0x0000000, 0x0000000 } }, // 裁
  { 0x88C5, { 0x0000000, 0x0000000, 0x0038300, 0x0138780, 0x03B8780, 0x03FFFF8, 0x00FFFF8, 0x0038780, 0x0078380, 0x03F8780, 0x03FBFF8, 0x033BFF8, 0x003B800, 0x03FFFF8, 0x03FFFF8, 0x03FFFF8, 0x003EE70, 0x03F8FF0, 0x03F87C0, 0x01BFBF0, 0x007F9F8, 0x007E078, 0x0060010, 0x0000000, 0x0000000 } }, // 装
  { 0x897F, { 0x0000000, 0x0000000, 0x0000000, 0x03FFFF8, 0x03FFFF8, 0x03FFFF8, 0x000EE00, 0x000EE00, 0x01FFFF0, 0x01FFFF0, 0x01FFFF0, 0x01CCE70, 0x01DCE70, 0x01FCFF0, 0x01F8FF0, 0x01F07F0, 0x01C0070, 0x01C0070, 0x01FFFF0, 0x01FFFF0, 0x01FFFF0, 0x01C0070, 0x0000000, 0x0000000, 0x0000000 } }, // 西
  { 0x8981, { 0x0000000, 0x0000000, 0x0000000, 0x03FFFF8, 0x03FFFF8, 0x001EE00, 0x01FFFF0, 0x01FFFF0, 0x01CCE70, 0x01CCE70, 0x01FFFF0, 0x01FFFF0, 0x000E000, 0x03FFFF8, 0x03FFFF8, 0x03FFFF8, 0x0038780, 0x007FF00, 0x003FF80, 0x00FFFF0, 0x03FF3F0, 0x01F8060, 0x0000000, 0x0000000, 0x0000000 } }, // 要
  { 0x89C1, { 0x0000000, 0x0000000, 0x0000000, 0x00FFFE0, 0x00FFFE0, 0x00FFFE0, 0x00E00E0, 0x00E38E0, 0x00E38E0, 0x00E38E0, 0x00E38E0, 0x00E78E0, 0x00E70E0, 0x00E7CE0, 0x00E7CE0, 0x006FCC0, 0x000FC18, 0x001FC18, 0x007DC38, 0x03F9FF8, 0x03F0FF0, 0x01C03E0, 0x0000000, 0x0000000, 0x0000000 } }, // 见
  { 0x89C2, { 0x0000000, 0x0000000, 0x0000000, 0x03FBFF8, 0x03FFFF8, 0x03FF838, 0x001FB38, 0x001FBB8, 0x03BBBB8, 0x03BBBB8, 0x01FBBB8, 0x00FBBB8, 0x00F3BB8, 0x0073B38, 0x00F97D0, 0x00F87C0, 0x01FCFD0, 0x01DDFDC, 0x03CBDDC, 0x07879F8, 0x030F1F8, 0x00060F0, 0x0000000, 0x0000000, 0x0000000 } }, // 观
  { 0x89C8, { 0x0000000, 0x0000000, 0x0008600, 0x009CE00, 0x01DCFF8, 0x01DCFF8, 0x01DDFF8, 0x01DDDC0, 0x01DFDC0, 0x01DD8E0, 0x001C0E0, 0x007FFE0, 0x00FFFE0, 0x00FFFE0, 0x00E38E0, 0x00E38E0, 0x00E38E0, 0x00E7EE0, 0x000FE10, 0x003EE38, 0x03FCFF8, 0x01F0FF0, 0x0080000, 0x0000000, 0x0000000 } }, // 览
  { 0x89D2, { 0x0000000, 0x0000000, 0x001C000, 0x001FF00, 0x003FF80, 0x007FF80, 0x00F0700, 0x01FFFF0, 0x03FFFF0, 0x03FFFF0, 0x01F1C70, 0x007FFF0, 0x007FFF0, 0x00FFFF0, 0x00F1C70, 0x00F3C70, 0x00FFFF0, 0x00FFFF0, 0x00E1C70, 0x01E1C70, 0x03C1FF0, 0x01C1FF0, 0x00801C0, 0x0000000, 0x0000000 } }, // 角
  { 0x89E3, { 0x0000000, 0x0000000, 0x0040000, 0x00E0FF8, 0x00FDFF8, 0x01FEFF8, 0x01FC738, 0x039C738, 0x03FEEF8, 0x03FFEF0, 0x01B7CE0, 0x01FEEC0, 0x01FEFF8, 0x01FFFF8, 0x01B7FF8, 0x01FFCC0, 0x01FE9E0, 0x01FFFFC, 0x03B7FFC, 0x03B61C0, 0x03BE1C0, 0x030E1C0, 0x00000C0, 0x0000000, 0x0000000 } }, // 解
  { 0x89E6, { 0x0000000, 0x0000000, 0x0040180, 0x00E03C0, 0x00F83C0, 0x01FC380, 0x01FCFF0, 0x03DDFF8, 0x03FFFF8, 0x03FFDB8, 0x01B7DB8, 0x01FFDB8, 0x01FFDB8, 0x01FFFF8, 0x01B7FF8, 0x01FE3C0, 0x01FE3F0, 0x01FE3F8, 0x03B63F8, 0x03B7FF8, 0x03BFFFC, 0x033FC1C, 0x0000000, 0x0000000, 0x0000000 } }, // 触
  { 0x8A00, { 0x0000000, 0x0000000, 0x0003000, 0x0007800, 0x0003800, 0x03FFFF8, 0x03FFFF8, 0x03FFFF8, 0x0000000, 0x007FFE0, 0x007FFE0, 0x0000000, 0x007FFE0, 0x007FFE0, 0x0000000, 0x007FFC0, 0x00FFFE0, 0x00FFFE0, 0x00E00E0, 0x00FFFE0, 0x00FFFE0, 0x00FFFE0, 0x00600C0, 0x0000000, 0x0000000 } }, // 言
  { 0x8BA4, { 0x0000000, 0x0000000, 0x0040700, 0x00E0700, 0x00F0700, 0x0078700, 0x0030700, 0x0000700, 0x03E0700, 0x03F0700, 0x03F0780, 0x0070780, 0x0070780, 0x0070F80, 0x0070FC0, 0x0070FC0, 0x007DEE0, 0x007DCE0, 0x007BCF0, 0x00F7878, 0x00E7038, 0x0042010, 0x0000000, 0x0000000, 0x0000000 } }, // 认
  { 0x8BAD, { 0x0000000, 0x0000000, 0x0000000, 0x01C7038, 0x01E7338, 0x00F73B8, 0x00773B8, 0x00273B8, 0x00073B8, 0x07E73B8, 0x07E73B8, 0x03E73B8, 0x00E73B8, 0x00E73B8, 0x00E73B8, 0x00E73B8, 0x00FF3B8, 0x00FF3B8, 0x00FF3B8, 0x00FE338, 0x01CE038, 0x01CE038, 0x0000030, 0x0000000, 0x0000000 } }, // 训
  { 0x8BB0, { 0x0000000, 0x0000000, 0x0000000, 0x00C0000, 0x01E7FF0, 0x00F7FF0, 0x0073FF0, 0x0030070, 0x0000070, 0x03F0070, 0x03F3FF0, 0x03F3FF0, 0x0073FF0, 0x0073870, 0x0073800, 0x0073800, 0x007B810, 0x007F818, 0x007F83C, 0x00FBFF8, 0x00E3FF8, 0x00C1FF0, 0x0000000, 0x0000000, 0x0000000 } }, // 记
  { 0x8BB8, { 0x0000000, 0x0000000, 0x0001800, 0x00C3800, 0x01E3800, 0x00F3FF8, 0x0073FF8, 0x0027FF8, 0x0007780, 0x03EF380, 0x07F6780, 0x03F0380, 0x007FFF8, 0x006FFFC, 0x006FFFC, 0x0070780, 0x0060380, 0x0078380, 0x00FC380, 0x00F8380, 0x00F0380, 0x0040780, 0x0000300, 0x0000000, 0x0000000 } }, // 许
  { 0x8BBE, { 0x0000000, 0x0000000, 0x0081FC0, 0x01E1FE0, 0x01F1FE0, 0x00718E0, 0x00738E0, 0x00038E0, 0x03EF8F8, 0x07EF0F8, 0x03E6078, 0x00E7FF0, 0x00E7FF0, 0x00E7FF0, 0x00E38E0, 0x00EBDE0, 0x00F9FC0, 0x00F8F80, 0x00F1FC0, 0x01EFFF8, 0x00CF9F8, 0x008E070, 0x0000000, 0x0000000, 0x0000000 } }, // 设
  { 0x8BDD, { 0x0000000, 0x0000000, 0x0000020, 0x0181FF0, 0x01C7FF0, 0x01E7F80, 0x00F0700, 0x0060700, 0x0000700, 0x03EFFFC, 0x07EFFFC, 0x03E7FF8, 0x00E0700, 0x00E0700, 0x00E7FF8, 0x00E7FF8, 0x00FFFF8, 0x00FF078, 0x00FF078, 0x01F7FF8, 0x01C7FF8, 0x0087FF8, 0x0003030, 0x0000000, 0x0000000 } }, // 话
  { 0x8BE6, { 0x0000000, 0x0000000, 0x0000820, 0x01C3870, 0x01E1C70, 0x00F1CF0, 0x0077FF8, 0x0027FF8, 0x0007FF8, 0x07E0380, 0x07E0380, 0x03E3FF0, 0x00E3FF8, 0x00E3FF0, 0x00E0380, 0x00E7FF8, 0x00EFFF8, 0x00FFFF8, 0x00F8380, 0x00F0380, 0x01E0380, 0x00C0380, 0x0000380, 0x0000000, 0x0000000 } }, // 详
  { 0x8BED, { 0x0000000, 0x0000000, 0x0000000, 0x018FFF8, 0x01CFFF8, 0x01EFFF8, 0x00F0E00, 0x0067FF0, 0x0007FF0, 0x03E1CE0, 0x07E1CE0, 0x03EFFF8, 0x00FFFFC, 0x00EFFF8, 0x00E0000, 0x00E7FF0, 0x00E7FF0, 0x00FF070, 0x00FF070, 0x01F7FF0, 0x01E7FF0, 0x00C7FF0, 0x0006030, 0x0000000, 0x0000000 } }, // 语
  { 0x8BF4, { 0x0000000, 0x0000000, 0x00830E0, 0x01C38E0, 0x01E3CE0, 0x00F1DC0, 0x0077FF0, 0x0007FF0, 0x03E7FF0, 0x03E7070, 0x03E7070, 0x00E7FF0, 0x00E7FF0, 0x00E7FF0, 0x00E1DC0, 0x00E9DC0, 0x00FFDC0, 0x00FF9D8, 0x00F79DC, 0x01EF1F8, 0x01DE1F8, 0x008C0F0, 0x0000000, 0x0000000, 0x0000000 } }, // 说
  { 0x8BF7, { 0x0000000, 0x0000000, 0x0000700, 0x0180700, 0x01E7FF8, 0x00F7FF8, 0x0077FF0, 0x0027FF0, 0x0000700, 0x03EFFF8, 0x07EFFFC, 0x03E0000, 0x00E7FF0, 0x00E7FF0, 0x00E7070, 0x00E7FF0, 0x00FFFF0, 0x00FF070, 0x00FFFF0, 0x00F7FF0, 0x01E71F0, 0x00C71F0, 0x00030E0, 0x0000000, 0x0000000 } }, // 请
  { 0x8BFA, { 0x0000000, 0x0000000, 0x00018C0, 0x01838E0, 0x01EFFF8, 0x00FFFF8, 0x007FFF8, 0x00638E0, 0x0001EC0, 0x03E0E00, 0x07EFFF8, 0x03EFFFC, 0x00EFFF8, 0x00E3800, 0x00E7FF0, 0x00EFFF8, 0x00FFFF0, 0x00FF830, 0x00FB830, 0x01FBFF0, 0x01E3FF0, 0x00C3FF8, 0x0003830, 0x0000000, 0x0000000 } }, // 诺
  { 0x8BFB, { 0x0000000, 0x0000000, 0x0000700, 0x01C0700, 0x01E7FF0, 0x00F7FF0, 0x0060700, 0x0027FF8, 0x000FFF8, 0x07EFFF8, 0x07E3330, 0x03E3FB0, 0x00E6F80, 0x00E7300, 0x00E3F80, 0x00EFFF8, 0x00FFFF8, 0x00F8FC0, 0x00F9FE0, 0x00F3CF0, 0x01EF878, 0x00CF038, 0x0004010, 0x0000000, 0x0000000 } }, // 读
  { 0x8C03, { 0x0000000, 0x0000000, 0x0000000, 0x0187FF8, 0x01E7FF8, 0x00F7FF8, 0x0076338, 0x0026FF8, 0x0006FF8, 0x03E6738, 0x07E7FF8, 0x03E7FF8, 0x00E6038, 0x00EE038, 0x00EFFF8, 0x00EFFF8, 0x00FEDF8, 0x00FEFF8, 0x00FDFF8, 0x01FCC38, 0x01DC0F8, 0x009C0F0, 0x0000060, 0x0000000, 0x0000000 } }, // 调
  { 0x8C22, { 0x0000000, 0x0000000, 0x0003030, 0x0183830, 0x01C3830, 0x01EFC30, 0x00EFC70, 0x004FFFC, 0x000FFFC, 0x03CFFF8, 0x03CCC30, 0x03CFFB0, 0x00CFFB0, 0x00DFDF0, 0x00DFDF0, 0x00DFDF0, 0x00C3C30, 0x00F7C30, 0x00FEC30, 0x01FCC30, 0x01DFDF0, 0x018BCF0, 0x00018E0, 0x0000000, 0x0000000 } }, // 谢
  { 0x8C6A, { 0x0000000, 0x0000000, 0x0003800, 0x03FFFF8, 0x03FFFF8, 0x03FFFF8, 0x007FFC0, 0x007FFC0, 0x007FFC0, 0x007FFC0, 0x0000000, 0x03FFFF8, 0x03FFFF8, 0x03FFFF8, 0x017FFD0, 0x00FF9E0, 0x01FFFE0, 0x007FF80, 0x01F7DC0, 0x009ECE0, 0x01FFCF8, 0x01E7C30, 0x0003000, 0x0000000, 0x0000000 } }, // 豪
  { 0x8C98, { 0x0000000, 0x0000000, 0x0038CE0, 0x00FFFF8, 0x03F7FF8, 0x03E7FF8, 0x0138CE0, 0x03BFFF0, 0x01FFFF0, 0x01FB870, 0x03F3FF0, 0x03FBFF0, 0x007BFF0, 0x01FBFF0, 0x03DC380, 0x033FFF8, 0x00FFFF8, 0x01FFFF8, 0x03DCFC0, 0x033FEF8, 0x00FFC78, 0x00F3030, 0x0000000, 0x0000000, 0x0000000 } }, // 貘
  { 0x8D1D, { 0x0000000, 0x0000000, 0x00FFFE0, 0x00FFFE0, 0x00FFFE0, 0x00E00E0, 0x00E38E0, 0x00E38E0, 0x00E38E0, 0x00E38E0, 0x00E38E0, 0x00E38E0, 0x00E38E0, 0x00E38E0, 0x00E70E0, 0x00EF0E0, 0x001E700, 0x003EFC0, 0x00FC7F0, 0x03F01F8, 0x01E0070, 0x0180000, 0x0000000, 0x0000000, 0x0000000 } }, // 贝
  { 0x8D1F, { 0x0000000, 0x0000000, 0x000C000, 0x001C000, 0x003FE00, 0x003FF00, 0x007FF00, 0x00F0E00, 0x01FFFE0, 0x03FFFE0, 0x03FFFE0, 0x00F00E0, 0x00F38E0, 0x00F38E0, 0x00F38E0, 0x00F38E0, 0x00F78E0, 0x00674E0, 0x001FF80, 0x007EFE0, 0x03FC3F8, 0x03F00F0, 0x0180020, 0x0000000, 0x0000000 } }, // 负
  { 0x8D23, { 0x0000000, 0x0000000, 0x0003800, 0x01FFFF0, 0x01FFFF0, 0x01FFFF0, 0x00FFFE0, 0x00FFFE0, 0x0043800, 0x03FFFF8, 0x03FFFF8, 0x0000000, 0x00FFFE0, 0x00FFFE0, 0x00E38E0, 0x00E38E0, 0x00E38E0, 0x00E38E0, 0x00EFFC0, 0x003FFE0, 0x01FC3F8, 0x01F80F8, 0x0080010, 0x0000000, 0x0000000 } }, // 责
  { 0x8D25, { 0x0000000, 0x0000000, 0x0000300, 0x03FE700, 0x03FE700, 0x038E700, 0x03B6FF8, 0x03FEFF8, 0x03FEE70, 0x03FFC70, 0x03FFE70, 0x03FFE70, 0x03FEE60, 0x03F67E0, 0x03F67E0, 0x03F63C0, 0x00603C0, 0x00FC3C0, 0x00FC7E0, 0x01CEFF8, 0x0387E78, 0x0304C10, 0x0000000, 0x0000000, 0x0000000 } }, // 败
  { 0x8D2D, { 0x0000000, 0x0000000, 0x0000C00, 0x0108E00, 0x03FCE00, 0x03FDFF0, 0x038DFF8, 0x036DFF8, 0x03EF838, 0x03EFE38, 0x03EF638, 0x03ECE38, 0x03ECFB8, 0x03ECDB8, 0x03EDDF8, 0x03EDFF8, 0x03EFFF8, 0x00F1CF8, 0x00F8038, 0x01DC070, 0x038E3F0, 0x030E1F0, 0x00001C0, 0x0000000, 0x0000000 } }, // 购
  { 0x8D44, { 0x0000000, 0x0000000, 0x0083800, 0x01E3FF0, 0x01F7FF8, 0x007FFF8, 0x000E770, 0x003CFB0, 0x01F9FC0, 0x03FFDF8, 0x03CF8F8, 0x0106030, 0x00FFFE0, 0x00FFFE0, 0x00FFFE0, 0x00E38E0, 0x00E38E0, 0x00E76E0, 0x001FFC0, 0x01FEFF0, 0x03F81F8, 0x03E0030, 0x0000000, 0x0000000, 0x0000000 } }, // 资
  { 0x8D56, { 0x0000000, 0x0000000, 0x0030300, 0x0070700, 0x03FE7F0, 0x03FFFF0, 0x03FFE60, 0x0071CE0, 0x03FFFF8, 0x03FEFF8, 0x03FECB8, 0x03B6DB8, 0x03FEDB8, 0x03FEDB8, 0x03FEDB8, 0x00F8DB8, 0x01FCFB8, 0x01FEFB8, 0x03F63E0, 0x03707F0, 0x0371E78, 0x0073C18, 0x0031800, 0x0000000, 0x0000000 } }, // 赖
  { 0x8D70, { 0x0000000, 0x0000000, 0x0003800, 0x0003800, 0x00FFFE0, 0x00FFFE0, 0x00FFFE0, 0x0003800, 0x0003800, 0x03FFFF8, 0x03FFFF8, 0x03FFFF8, 0x0063800, 0x0073800, 0x0073FF0, 0x00F3FF0, 0x00F3BA0, 0x00FB800, 0x01FF800, 0x01DF800, 0x038FFF8, 0x0387FF8, 0x01007F0, 0x0000000, 0x0000000 } }, // 走
  { 0x8D77, { 0x0000000, 0x0000000, 0x0070000, 0x0070FF0, 0x03FEFF0, 0x03FE070, 0x0070070, 0x0070070, 0x03FFFF0, 0x03FFFF0, 0x03FFFF0, 0x0038E00, 0x03B8E10, 0x03BFE18, 0x03BFE38, 0x03B8FF8, 0x03F87F0, 0x03F8000, 0x03F8000, 0x03FFFFC, 0x073FFF8, 0x0307FF8, 0x0000000, 0x0000000, 0x0000000 } }, // 起
  { 0x8D85, { 0x0000000, 0x0000000, 0x0070000, 0x0071FF8, 0x03FFFF8, 0x03FE738, 0x03FE738, 0x0070F38, 0x03FFFF0, 0x03FFCF0, 0x03FE800, 0x0030FF0, 0x03B0FF0, 0x03BEE70, 0x03BEC70, 0x03F8FF0, 0x03F0FF0, 0x03F0FF0, 0x03F8000, 0x037FFFC, 0x073FFF8, 0x0307FF8, 0x0000000, 0x0000000, 0x0000000 } }, // 超
  { 0x8DB3, { 0x0000000, 0x0000000, 0x00FFFE0, 0x00FFFE0, 0x00FFFE0, 0x00E00E0, 0x00E00E0, 0x00FFFE0, 0x00FFFE0, 0x00FFFE0, 0x0003800, 0x0063800, 0x0073800, 0x0073FF0, 0x00F3FF0, 0x00F3FF0, 0x00FB800, 0x01FF800, 0x01DF800, 0x03CFFF8, 0x0383FF8, 0x01007F0, 0x0000000, 0x0000000, 0x0000000 } }, // 足
  { 0x8DD1, { 0x0000000, 0x0000000, 0x0000800, 0x03FDC00, 0x03FDC00, 0x03FDFF8, 0x039FFF8, 0x039F038, 0x03FFFB8, 0x03FFFB8, 0x01FBFB8, 0x0073BB8, 0x03F3BB0, 0x03FFFB0, 0x03FFFF0, 0x03F3FF0, 0x03F39F0, 0x03FF800, 0x03FF818, 0x07FF81C, 0x07E3FF8, 0x0201FF8, 0x0000000, 0x0000000, 0x0000000 } }, // 跑
  { 0x8DEF, { 0x0000000, 0x0000000, 0x0000600, 0x01FC700, 0x03FCFF0, 0x03FCFF0, 0x039DFF0, 0x039FEF0, 0x03FFFE0, 0x03FFFE0, 0x01FD3C0, 0x00707C0, 0x03F0FF0, 0x03FFE7C, 0x03FFFF8, 0x03F3FF0, 0x03F1FF0, 0x03F5C70, 0x03FFC70, 0x07FFFF0, 0x03F1FF0, 0x0301FF0, 0x0001C30, 0x0000000, 0x0000000 } }, // 路
  { 0x8DF3, { 0x0000000, 0x0000000, 0x0000DC0, 0x01F8DC0, 0x03F8DC0, 0x03FADD0, 0x039FDF8, 0x039FDF8, 0x03FFDF0, 0x03FBDF0, 0x01FBDE0, 0x0060DC0, 0x03F8DE0, 0x03FFDF0, 0x03FFDF8, 0x03E7DF8, 0x03E7DD8, 0x03FDDC0, 0x03FDDD8, 0x07FF9DC, 0x03C71F8, 0x00070F8, 0x0002000, 0x0000000, 0x0000000 } }, // 跳
  { 0x8EAB, { 0x0000000, 0x0000000, 0x0003800, 0x0003800, 0x007FFC0, 0x007FFC0, 0x007FFC0, 0x00701C0, 0x007FFC0, 0x007FFD0, 0x00701F8, 0x007FFF0, 0x007FFF0, 0x00701E0, 0x03FFFC0, 0x03FFFC0, 0x01FFFC0, 0x0003FC0, 0x001F9C0, 0x007F1C0, 0x03FDFC0, 0x03E0F80, 0x0180E00, 0x0000000, 0x0000000 } }, // 身
  { 0x8F66, { 0x0000000, 0x0000000, 0x000E000, 0x000F000, 0x000E000, 0x03FFFF8, 0x03FFFF8, 0x03FFFF8, 0x0038C00, 0x0079C00, 0x0071C00, 0x00FFFE0, 0x00FFFE0, 0x00FFFE0, 0x0001C00, 0x0001C00, 0x03FFFF8, 0x03FFFF8, 0x03FFFF8, 0x0001C00, 0x0001C00, 0x0001C00, 0x0001C00, 0x0000000, 0x0000000 } }, // 车
  { 0x8F68, { 0x0000000, 0x0000000, 0x0070600, 0x0070600, 0x00F0600, 0x03FE600, 0x03FFFE0, 0x01E1FE0, 0x01F9FE0, 0x01F8EE0, 0x01B8EE0, 0x03FEEE0, 0x03FEEE0, 0x03FEEE0, 0x0038EE0, 0x003EEE0, 0x03FECE0, 0x07FFCF8, 0x03F9CFC, 0x003B8FC, 0x003B8F8, 0x003B078, 0x0039000, 0x0000000, 0x0000000 } }, // 轨
  { 0x8F6E, { 0x0000000, 0x0000000, 0x0040300, 0x00E0780, 0x00E0780, 0x03FCFC0, 0x03FCFC0, 0x03F9EE0, 0x01F3CF0, 0x01F7878, 0x01F7C38, 0x03FFC50, 0x03FDCE0, 0x03FDFE0, 0x0071FC0, 0x007DF80, 0x03FDE00, 0x03FDC30, 0x03F1C38, 0x0071FF8, 0x0071FF0, 0x0070FF0, 0x0030000, 0x0000000, 0x0000000 } }, // 轮
  { 0x8F7B, { 0x0000000, 0x0000000, 0x0060000, 0x00E1FE0, 0x03FBFF0, 0x03FFFF0, 0x03FC0E0, 0x01C01E0, 0x01F03C0, 0x01F0FE0, 0x01B3FF8, 0x03FFEF8, 0x03FF830, 0x03FDFF0, 0x0033FF8, 0x003DFF0, 0x03FC380, 0x03FC380, 0x03F0380, 0x0033FF8, 0x0037FF8, 0x0037FF8, 0x0030000, 0x0000000, 0x0000000 } }, // 轻
  { 0x8F7D, { 0x0000000, 0x0000000, 0x0038760, 0x01FF7F0, 0x01FFF78, 0x01FF730, 0x03FFFF8, 0x03FFFF8, 0x03FFFF8, 0x0070720, 0x03FFF38, 0x03FFB70, 0x00FC3F0, 0x01DC3E0, 0x03FFBE0, 0x01FFBE0, 0x001C3D0, 0x00FFBD8, 0x03FFFDC, 0x03FEFF8, 0x001CEF8, 0x001CC70, 0x0000000, 0x0000000, 0x0000000 } }, // 载
  { 0x8F93, { 0x0000000, 0x0000000, 0x00C0300, 0x00C0780, 0x01F0F80, 0x03F9FE0, 0x03FFCF8, 0x01CFFFC, 0x01E7FF8, 0x01F1FE0, 0x03F3E18, 0x03FFFF8, 0x03FFFD8, 0x03FFFD8, 0x0077FD8, 0x007F7D8, 0x03FFFD8, 0x03FFFD8, 0x03F7FF8, 0x0077718, 0x0077F78, 0x0077EF8, 0x0062460, 0x0000000, 0x0000000 } }, // 输
  { 0x8FA8, { 0x0000000, 0x0000000, 0x00C1CC0, 0x00C1CE0, 0x03F1FF8, 0x03F9FF8, 0x03FFFF8, 0x01B7DB8, 0x01B7DB8, 0x01B7DB0, 0x03FFFF8, 0x03FFFFC, 0x03FFFF8, 0x00E5CE0, 0x03F9CE0, 0x03F9FF8, 0x03F3BF8, 0x00C38E0, 0x01C78E0, 0x03CF0E0, 0x038E0E0, 0x01040E0, 0x0000000, 0x0000000, 0x0000000 } }, // 辨
  { 0x8FB9, { 0x0000000, 0x0000000, 0x0180E00, 0x01C0E00, 0x01E0E00, 0x00FFFF8, 0x006FFF8, 0x000FFF8, 0x0000E38, 0x03E1E38, 0x07E1C38, 0x03E1C38, 0x00E1C38, 0x00E3C78, 0x00E7870, 0x00E7070, 0x00EF3F0, 0x00EE3F0, 0x03FC1C0, 0x07FFFFC, 0x07BFFF8, 0x030FFF8, 0x0000000, 0x0000000, 0x0000000 } }, // 边
  { 0x8FBE, { 0x0000000, 0x0000000, 0x0000600, 0x0180F00, 0x03C0F00, 0x01E0700, 0x00EFFF8, 0x00EFFF8, 0x000FFF8, 0x0000E00, 0x03E0F00, 0x03E0F80, 0x03E1FC0, 0x00E1DE0, 0x00E3DE0, 0x00E78F0, 0x00EF078, 0x00EE038, 0x01FC000, 0x03FFFF8, 0x039FFF8, 0x030FFF8, 0x0000000, 0x0000000, 0x0000000 } }, // 达
  { 0x8FC7, { 0x0000000, 0x0000000, 0x00000C0, 0x01800E0, 0x03C00E0, 0x01E00E0, 0x00EFFF8, 0x006FFF8, 0x000FFF8, 0x00000E0, 0x03E70E0, 0x03E70E0, 0x03E38E0, 0x00E3CE0, 0x00E18E0, 0x00E01E0, 0x00E0FE0, 0x00E0FC0, 0x03F8700, 0x07FFFFC, 0x039FFF8, 0x030FFF8, 0x0000000, 0x0000000, 0x0000000 } }, // 过
  { 0x8FD0, { 0x0000000, 0x0000000, 0x0000000, 0x0187FF0, 0x03E7FF0, 0x01F7FE0, 0x0060000, 0x000FFF8, 0x001FFF8, 0x03FFFF8, 0x07E1C40, 0x03E3DC0, 0x00E39E0, 0x00E78E0, 0x00E7FF0, 0x00EFFF0, 0x00EFFF8, 0x00E7030, 0x01F8000, 0x03FFFFC, 0x039FFF8, 0x0307FF8, 0x0000000, 0x0000000, 0x0000000 } }, // 运
  { 0x8FD1, { 0x0000000, 0x0000000, 0x0000060, 0x0187FF0, 0x01C7FF8, 0x01E7E00, 0x00E7000, 0x0047000, 0x0007FF8, 0x0007FF8, 0x03E7FF8, 0x03E71C0, 0x03E71C0, 0x00E71C0, 0x00EF1C0, 0x00EE1C0, 0x00EE1C0, 0x00EE1C0, 0x01F41C0, 0x03FFFF8, 0x03BFFF8, 0x030FFF8, 0x0000000, 0x0000000, 0x0000000 } }, // 近
  { 0x8FD4, { 0x0000000, 0x0000000, 0x0000020, 0x0183FF0, 0x03C7FF8, 0x01E7FE0, 0x00E7000, 0x0047FF0, 0x0007FF0, 0x0007FF0, 0x03E7070, 0x03EFEE0, 0x03EFFE0, 0x00EE7C0, 0x00EE3C0, 0x00FEFE0, 0x00FFFF0, 0x00FDE70, 0x01F9820, 0x03FFFF8, 0x03BFFF8, 0x030FFF8, 0x0000000, 0x0000000, 0x0000000 } }, // 返
  { 0x8FD9, { 0x0000000, 0x0000000, 0x0000C00, 0x0101E00, 0x0380E00, 0x03DFFF8, 0x01FFFF8, 0x00DFFF8, 0x00041C0, 0x000E1C0, 0x03EFBC0, 0x03E7F80, 0x03E1F00, 0x00E0F80, 0x00E1FC0, 0x00E7DE0, 0x00FF8F0, 0x00EE070, 0x01FC020, 0x03FFFF8, 0x039FFF8, 0x030FFF8, 0x0000000, 0x0000000, 0x0000000 } }, // 这
  { 0x8FDB, { 0x0000000, 0x0000000, 0x0000000, 0x0181DC0, 0x03C1DC0, 0x01E3DC0, 0x00EFFF8, 0x004FFF8, 0x000FFF8, 0x0001DC0, 0x03E1DC0, 0x03EFFF8, 0x03EFFF8, 0x00EFFF8, 0x00E39C0, 0x00E79C0, 0x00E71C0, 0x00EF1C0, 0x01F60C0, 0x03FFFF8, 0x039FFF8, 0x030FFF8, 0x0000000, 0x0000000, 0x0000000 } }, // 进
  { 0x8FDC, { 0x0000000, 0x0000000, 0x0000000, 0x0187FF0, 0x03C7FF0, 0x01E7FE0, 0x00E0000, 0x0040000, 0x001FFF8, 0x03FFFF8, 0x07EFFF0, 0x03E3980, 0x00E3B80, 0x00E3B90, 0x00E7B98, 0x00EF3F8, 0x00FE1F8, 0x00FC1F0, 0x01F8000, 0x03FFFFC, 0x039FFF8, 0x0307FF8, 0x0000000, 0x0000000, 0x0000000 } }, // 远
  { 0x8FDE, { 0x0000000, 0x0000000, 0x0001800, 0x0181C00, 0x01CFFF8, 0x00FFFF8, 0x00EFFF8, 0x0043B00, 0x0007380, 0x03EFFF0, 0x03EFFF0, 0x03EFFF0, 0x00E0780, 0x00E0780, 0x00FFFF8, 0x00FFFF8, 0x00EFFF8, 0x00E0380, 0x01F0780, 0x03FC3BC, 0x07FFFFC, 0x031FFF8, 0x0103FF0, 0x0000000, 0x0000000 } }, // 连
  { 0x8FF7, { 0x0000000, 0x0000000, 0x0180700, 0x03CE738, 0x01EE778, 0x00E7770, 0x00677E0, 0x0002760, 0x001FFF8, 0x03FFFF8, 0x03EFFF8, 0x03E1FC0, 0x00E3FE0, 0x00E7FF0, 0x00EF770, 0x00FE778, 0x00EC730, 0x00E0700, 0x03F0600, 0x07FFFFC, 0x07BFFF8, 0x030FFF8, 0x0000000, 0x0000000, 0x0000000 } }, // 迷
  { 0x9000, { 0x0000000, 0x0000000, 0x0007FE0, 0x03C7FF0, 0x03C7FE0, 0x01E7060, 0x00E7FE0, 0x0047FE0, 0x00070E0, 0x03E7FE0, 0x03E7FF0, 0x03E7670, 0x00E77F8, 0x00E73E0, 0x00E73E0, 0x00EFEF0, 0x00EFE70, 0x00EF830, 0x01FC000, 0x03FFFF8, 0x039FFF8, 0x0303FF8, 0x0000000, 0x0000000, 0x0000000 } }, // 退
  { 0x9001, { 0x0000000, 0x0000000, 0x0001040, 0x01830F0, 0x01C38E0, 0x01E39E0, 0x00EFFF0, 0x006FFF8, 0x000FFF0, 0x03E0700, 0x03EFFF8, 0x03FFFF8, 0x00FFFF8, 0x00E0F80, 0x00E1FC0, 0x00E1FE0, 0x00E7CF0, 0x00EF870, 0x01EE020, 0x03FC03C, 0x07FFFFC, 0x031FFF8, 0x0203FF0, 0x0000000, 0x0000000 } }, // 送
  { 0x9002, { 0x0000000, 0x0000000, 0x0000020, 0x0181FF0, 0x03CFFF0, 0x03C7F80, 0x01E0700, 0x00CFFF8, 0x001FFF8, 0x000FFF8, 0x07E0700, 0x07E7FF0, 0x03E7FF0, 0x00E7FF0, 0x00E7070, 0x00E7070, 0x00E7FF0, 0x00E7FF0, 0x00F7FF0, 0x03FE038, 0x039FFF8, 0x0307FF8, 0x0000000, 0x0000000, 0x0000000 } }, // 适
  { 0x9003, { 0x0000000, 0x0000000, 0x0001B80, 0x0181B80, 0x03C9BB0, 0x03DDBB8, 0x00EFBF0, 0x00CFBF0, 0x000FBE0, 0x0001B80, 0x03E3BC0, 0x03EFBF0, 0x03FFBF8, 0x00FFBB8, 0x00EBB90, 0x00E7B98, 0x00EF3F8, 0x00EE3F8, 0x00EC1F0, 0x03FC008, 0x03FFFFC, 0x030FFF8, 0x0000000, 0x0000000, 0x0000000 } }, // 逃
  { 0x9009, { 0x0000000, 0x0000000, 0x0102700, 0x0387700, 0x03C7FF0, 0x01EFFF8, 0x00EFFF0, 0x001E700, 0x0004700, 0x000FFF8, 0x03FFFF8, 0x03EFFF8, 0x03E1DC0, 0x00E39C0, 0x00E39D8, 0x00EF9DC, 0x00FF1F8, 0x00FE1F8, 0x01FC060, 0x03FFFF8, 0x038FFF8, 0x0107FF8, 0x0000000, 0x0000000, 0x0000000 } }, // 选
  { 0x9017, { 0x0000000, 0x0000000, 0x0000000, 0x019FFF8, 0x03DFFF8, 0x01EFFF8, 0x00E7FE0, 0x00E7FF0, 0x0007FF0, 0x0006070, 0x03E7FF0, 0x03E7FF0, 0x03E7FE0, 0x00E30E0, 0x00E39C0, 0x00E39C0, 0x00EFFF8, 0x00FFFF8, 0x01FFFF8, 0x03FFFF8, 0x03BFFF8, 0x030FFF8, 0x0000000, 0x0000000, 0x0000000 } }, // 逗
  { 0x901A, { 0x0000000, 0x0000000, 0x0000000, 0x0107FF0, 0x03CFFF0, 0x03E19E0, 0x01E3FC0, 0x00E1F80, 0x004FFF8, 0x000FFF8, 0x03EF778, 0x07EFFF8, 0x07EFFF8, 0x00EE738, 0x00EFFF8, 0x00EFFF8, 0x00EE738, 0x00EE7F8, 0x01FE7F0, 0x03FC018, 0x03BFFF8, 0x030FFF8, 0x0000000, 0x0000000, 0x0000000 } }, // 通
  { 0x901F, { 0x0000000, 0x0000000, 0x0000700, 0x0380700, 0x03DFFF8, 0x01FFFF8, 0x00E0700, 0x004FFF0, 0x000FFF0, 0x03EE770, 0x03EE770, 0x03EFFF0, 0x00EFFF0, 0x00E1FC0, 0x00E3FE0, 0x00EFFF0, 0x00FF778, 0x00EE730, 0x01F8600, 0x03FFFF8, 0x039FFF8, 0x0303FF8, 0x0000000, 0x0000000, 0x0000000 } }, // 速
  { 0x9020, { 0x0000000, 0x0000000, 0x0000700, 0x0187700, 0x03C7700, 0x01EFFF0, 0x00EFFF0, 0x00DE700, 0x000C700, 0x001FFF8, 0x03DFFF8, 0x03E0000, 0x03E7FF0, 0x00E7FF0, 0x00E7FF0, 0x00E7070, 0x00E7FF0, 0x00E7FF0, 0x00E7FE0, 0x03F8018, 0x03FFFFC, 0x030FFF8, 0x0000000, 0x0000000, 0x0000000 } }, // 造
  { 0x9053, { 0x0000000, 0x0000000, 0x00030C0, 0x01078E0, 0x03839C0, 0x03DFFF8, 0x01FFFF8, 0x00C0E00, 0x0007FE0, 0x0007FF0, 0x03E7070, 0x03E7FF0, 0x03E7FF0, 0x00E7070, 0x00E7FF0, 0x00E7FF0, 0x00E7070, 0x00E7FF0, 0x00F7FF0, 0x03FE018, 0x03BFFF8, 0x030FFF8, 0x0000000, 0x0000000, 0x0000000 } }, // 道
  { 0x9057, { 0x0000000, 0x0000000, 0x0000600, 0x018FFF0, 0x03CFFF0, 0x01EEF70, 0x00EFFF0, 0x004FFF0, 0x001FFF8, 0x03FFFF8, 0x03EFFE0, 0x03EFFE0, 0x00EFFE0, 0x00EE6E0, 0x00EEE60, 0x00EEEE0, 0x00E7FE0, 0x00EFDF8, 0x01FF870, 0x03FE038, 0x07BFFF8, 0x030FFF8, 0x0000000, 0x0000000, 0x0000000 } }, // 遗
  { 0x906E, { 0x0000000, 0x0000000, 0x0000300, 0x0100700, 0x03CFFF8, 0x01CFFF8, 0x00EFFF8, 0x00CCCE0, 0x000FFF8, 0x03CFFF8, 0x03EFFF8, 0x03ECEE0, 0x00ECFE0, 0x00FCFE0, 0x00FC030, 0x00FF7B0, 0x00FBFF8, 0x00FF6D8, 0x00F76D8, 0x03FE008, 0x03BFFF8, 0x030FFF8, 0x0000000, 0x0000000, 0x0000000 } }, // 遮
  { 0x907F, { 0x0000000, 0x0000000, 0x0000040, 0x011FCC0, 0x039FCE0, 0x03DDFF8, 0x01DDFF8, 0x00DFDB8, 0x001FDB0, 0x001F9F0, 0x03DC3F8, 0x03DFFF8, 0x03DFCE0, 0x01FDFF8, 0x00FDFF8, 0x00FDFF8, 0x00FFCE0, 0x00EFCE0, 0x01F80E0, 0x03FFFF8, 0x03BFFF8, 0x0307FF8, 0x0000000, 0x0000000, 0x0000000 } }, // 避
  { 0x90AE, { 0x0000000, 0x0000000, 0x0038000, 0x00383F8, 0x00383F8, 0x03FF3F8, 0x03FFB38, 0x03FFB70, 0x03BBB70, 0x03BBB60, 0x03BBBE0, 0x03FFB70, 0x03FFB38, 0x03BBB38, 0x03BBB38, 0x03BBB38, 0x03BBBF8, 0x03FFBF8, 0x03FFBF0, 0x0383B00, 0x0383300, 0x0000300, 0x0000000, 0x0000000, 0x0000000 } }, // 邮
  { 0x90CE, { 0x0000000, 0x0000000, 0x0030000, 0x00707E0, 0x00387F8, 0x01FF7F8, 0x01FF770, 0x01C7670, 0x01FF660, 0x01FF6E0, 0x01FF7E0, 0x01876E0, 0x01FF670, 0x01FF770, 0x01FE738, 0x018C738, 0x01DE738, 0x01FE7F8, 0x03FF7F0, 0x03FF7E0, 0x03E7700, 0x0100700, 0x0000600, 0x0000000, 0x0000000 } }, // 郎
  { 0x90E8, { 0x0000000, 0x0000000, 0x0030000, 0x00383F0, 0x01FF3F8, 0x03FFBF8, 0x03FFB38, 0x01C7330, 0x00E7770, 0x00EE370, 0x03FFFE0, 0x03FFF70, 0x03FFF70, 0x0000338, 0x01FF338, 0x01FF338, 0x01FF338, 0x01C73F8, 0x01C33F8, 0x01FF360, 0x01FF300, 0x01FF300, 0x0183300, 0x0000000, 0x0000000 } }, // 部
  { 0x90FD, { 0x0000000, 0x0000000, 0x0070000, 0x0071FF8, 0x01FFFFC, 0x03FFFF8, 0x01FF738, 0x0077770, 0x03FFF70, 0x03FFF70, 0x03FF7E0, 0x0078770, 0x01FF770, 0x03FF738, 0x07C7738, 0x03FF738, 0x01FF738, 0x00FF7F8, 0x00C77F0, 0x00FF760, 0x00FF700, 0x00C7700, 0x0000000, 0x0000000, 0x0000000 } }, // 都
  { 0x914D, { 0x0000000, 0x0000000, 0x0000000, 0x03FFFF8, 0x03FFFF8, 0x00F8FF8, 0x00F8038, 0x03FE038, 0x03FE038, 0x03FEFF8, 0x03F6FF8, 0x03F6FF8, 0x03DEE38, 0x03DEE10, 0x0386E00, 0x03FEE00, 0x03FEE10, 0x0306E1C, 0x03FEE1C, 0x03FEFF8, 0x03FEFF8, 0x03067F0, 0x0000000, 0x0000000, 0x0000000 } }, // 配
  { 0x9192, { 0x0000000, 0x0000000, 0x0000FF0, 0x03FEFF8, 0x03FEFF8, 0x00F8C38, 0x00F8FF8, 0x03FEFF8, 0x03FEFF8, 0x03FEFF8, 0x03FEFF8, 0x03FED80, 0x03FEFF8, 0x03DFFF8, 0x030FFF8, 0x03FF9C0, 0x03FEFF8, 0x0306FF8, 0x03FE1C0, 0x03FFFF8, 0x03FFFFC, 0x0307FF8, 0x0000000, 0x0000000, 0x0000000 } }, // 醒
  { 0x91C7, { 0x0000000, 0x0000000, 0x0000040, 0x003FFE0, 0x03FFFF0, 0x01FFFC0, 0x01C3070, 0x00C70F0, 0x00E38E0, 0x00F39E0, 0x0073BC0, 0x0063980, 0x03FFFF8, 0x03FFFF8, 0x03FFFF8, 0x001FF00, 0x003FF80, 0x007FFC0, 0x01FBBF0, 0x03E38F8, 0x03C3878, 0x0183830, 0x0003800, 0x0000000, 0x0000000 } }, // 采
  { 0x91CD, { 0x0000000, 0x0000000, 0x0000000, 0x0007FC0, 0x00FFFE0, 0x00FFF00, 0x0003800, 0x03FFFF8, 0x03FFFF8, 0x00FFFE0, 0x00FFFE0, 0x00E38E0, 0x00FFFE0, 0x00FFFE0, 0x00E38E0, 0x00FFFE0, 0x00FFFE0, 0x00FFFF0, 0x01FFFF0, 0x00FFFE0, 0x03FFFF8, 0x03FFFF8, 0x03FFFF8, 0x0000000, 0x0000000 } }, // 重
  { 0x91CE, { 0x0000000, 0x0000000, 0x0000000, 0x03FFFF8, 0x03FFFF8, 0x03B76F0, 0x03FF6F0, 0x03FF7E0, 0x03FF3E0, 0x03B71F0, 0x03FFFFC, 0x03FFFFC, 0x0070FF8, 0x017A1F8, 0x03FF1F8, 0x03FF1F0, 0x00781C0, 0x00301C0, 0x01FF1C0, 0x07FFFC0, 0x03FEF80, 0x0200780, 0x0000000, 0x0000000, 0x0000000 } }, // 野
  { 0x91CF, { 0x0000000, 0x0000000, 0x0000000, 0x00FFFC0, 0x00FFFE0, 0x00FFFE0, 0x00FFFE0, 0x00FFFE0, 0x007FFC0, 0x03FFFF8, 0x03FFFF8, 0x00FFFE0, 0x00FFFE0, 0x00EBAE0, 0x00FFFE0, 0x00FFFE0, 0x00FFFE0, 0x0003800, 0x00FFFE0, 0x00FFFE0, 0x03FFFF8, 0x03FFFF8, 0x0000000, 0x0000000, 0x0000000 } }, // 量
  { 0x91D1, { 0x0000000, 0x0000000, 0x0000000, 0x0003800, 0x0003C00, 0x000FC00, 0x001FF00, 0x007EFC0, 0x01FC3F0, 0x03FFFFC, 0x03FFFF8, 0x013FF90, 0x0003800, 0x00FFFE0, 0x01FFFF0, 0x01FFFF0, 0x00739C0, 0x00739C0, 0x003BB80, 0x003BB80, 0x03FFFF8, 0x03FFFF8, 0x03FFFF8, 0x0000000, 0x0000000 } }, // 金
  { 0x9274, { 0x0000000, 0x0000000, 0x0018400, 0x019CE00, 0x01DCFF8, 0x01DDFF8, 0x01DDFF8, 0x01DFB80, 0x01DDBE0, 0x01DF8E0, 0x001FE60, 0x007FFC0, 0x03FEFF8, 0x03FFFF8, 0x011FF10, 0x00FFFE0, 0x00FFFF0, 0x00FFFE0, 0x00739C0, 0x003BB80, 0x03FFFF8, 0x03FFFF8, 0x0000000, 0x0000000, 0x0000000 } }, // 鉴
  { 0x9488, { 0x0000000, 0x0000000, 0x00E0380, 0x00E0380, 0x01FC380, 0x03FC380, 0x07FC380, 0x0780380, 0x03FFFF8, 0x01FFFF8, 0x00F7FF8, 0x0070380, 0x03FC380, 0x03FC380, 0x03FC380, 0x0070380, 0x0070380, 0x007C380, 0x007E380, 0x00FC380, 0x00F0380, 0x00C0380, 0x0000000, 0x0000000, 0x0000000 } }, // 针
  { 0x949F, { 0x0000000, 0x0000000, 0x00E0380, 0x00E0380, 0x01FC380, 0x03FC380, 0x03FFFF8, 0x0383FF8, 0x03FFFF8, 0x01FFBB8, 0x00FBBB8, 0x0063BB8, 0x03FFFF8, 0x03FFFF8, 0x03FFFF8, 0x0073BB8, 0x0073380, 0x007C380, 0x00FC380, 0x00FC380, 0x00F0380, 0x00C0380, 0x0000000, 0x0000000, 0x0000000 } }, // 钟
  { 0x94AE, { 0x0000000, 0x0000000, 0x0080000, 0x01C3FF0, 0x01FFFF0, 0x03FDF70, 0x03FC770, 0x0780770, 0x03F8770, 0x03FC670, 0x01F9FF0, 0x0063FF0, 0x0063FF0, 0x03FCE70, 0x03FCE70, 0x01F8E70, 0x0060E70, 0x007CE70, 0x007DCE0, 0x00FFFF8, 0x00F7FFC, 0x00C7FF8, 0x0000000, 0x0000000, 0x0000000 } }, // 钮
  { 0x94B3, { 0x0000000, 0x0000000, 0x00E1C70, 0x00E1C70, 0x01FDC70, 0x01FFFF8, 0x03FFFFC, 0x0383FFC, 0x03FDC70, 0x01FDC70, 0x00F9C70, 0x0061C70, 0x03FDFF0, 0x03FDFF0, 0x03FDFF0, 0x0071C70, 0x0071C70, 0x007DC70, 0x007DFF0, 0x00FDFF0, 0x00F1FF0, 0x00C1C70, 0x0000000, 0x0000000, 0x0000000 } }, // 钳
  { 0x94BB, { 0x0000000, 0x0000000, 0x0000300, 0x00E0780, 0x01FC780, 0x01FE700, 0x03FC7F8, 0x07807FC, 0x03FC7FC, 0x03FC780, 0x01FC780, 0x0070300, 0x0073FF8, 0x03FFFF8, 0x03FFFF8, 0x01FB838, 0x0073838, 0x0063838, 0x007F838, 0x00FFFF8, 0x00FBFF8, 0x00E3FF8, 0x0003838, 0x0000000, 0x0000000 } }, // 钻
  { 0x94C1, { 0x0000000, 0x0000000, 0x00E0380, 0x00E1F80, 0x01FDF80, 0x03FDFF0, 0x07FFFF8, 0x0783FF8, 0x03FFB80, 0x01FFB80, 0x00F9380, 0x0073FF8, 0x03FFFF8, 0x03FFFF8, 0x03FC3C0, 0x00707C0, 0x00707E0, 0x007CFE0, 0x007DE70, 0x00FFC78, 0x00F3838, 0x00C1010, 0x0000000, 0x0000000, 0x0000000 } }, // 铁
  { 0x94C3, { 0x0000000, 0x0000000, 0x0000100, 0x00E0380, 0x01FC780, 0x01FC7C0, 0x03FCFE0, 0x0781EE0, 0x03FBC70, 0x03FFF78, 0x01FF3B8, 0x0072390, 0x0071FE0, 0x03FFFF0, 0x03FDFF0, 0x01F00E0, 0x00701E0, 0x0074FC0, 0x007CF80, 0x00FC780, 0x00F83E0, 0x00E01E0, 0x0000000, 0x0000000, 0x0000000 } }, // 铃
  { 0x94FA, { 0x0000000, 0x0000000, 0x00803A0, 0x00C03F0, 0x01F83B8, 0x01FFFF8, 0x03FFFF8, 0x0700380, 0x03FBFF8, 0x01FBFF8, 0x01FBFF8, 0x00E3BB8, 0x00E3FF8, 0x03FFFF8, 0x03FFBB8, 0x00FBBB8, 0x00E3FF8, 0x00EBFF8, 0x00FFBB8, 0x00FBBB8, 0x00F3BF8, 0x00C3BF8, 0x0003320, 0x0000000, 0x0000000 } }, // 铺
  { 0x9501, { 0x0000000, 0x0000000, 0x0080380, 0x00E33B8, 0x01FFBB8, 0x01FDFB0, 0x03FDFF0, 0x0781FF0, 0x03FBFF8, 0x03FFFF8, 0x01FB838, 0x0063BB8, 0x00E3BB8, 0x03FFBB8, 0x03FFBB8, 0x01FBBB8, 0x0063BB8, 0x00EBF38, 0x00FCFC0, 0x00FDFF0, 0x01FFCF8, 0x01E7838, 0x0002010, 0x0000000, 0x0000000 } }, // 锁
  { 0x952E, { 0x0000000, 0x0000000, 0x00800C0, 0x01C01C0, 0x01FFFF8, 0x03FFFF8, 0x03F39D8, 0x0703FF8, 0x03F77F8, 0x01F73F8, 0x01F7FF8, 0x00CFFF0, 0x00C1FF0, 0x03F1FF8, 0x03FFBF0, 0x00EFFF8, 0x00C7FF8, 0x00F77F8, 0x00FF9C0, 0x00FFFC0, 0x01EFFFC, 0x018C7F8, 0x0000000, 0x0000000, 0x0000000 } }, // 键
  { 0x955C, { 0x0000000, 0x0000000, 0x0080300, 0x00E3FF8, 0x01FBFF8, 0x01FFFF8, 0x03F8C60, 0x0783FF8, 0x03FFFF8, 0x03FFFF8, 0x01F9FF0, 0x00E3FF8, 0x00E3838, 0x03FFFF8, 0x03FFFF8, 0x01FBFF8, 0x00E3FF8, 0x00ECEE0, 0x00FCEC0, 0x00F9CDC, 0x01F7CFC, 0x00C78F8, 0x0002030, 0x0000000, 0x0000000 } }, // 镜
  { 0x9570, { 0x0000000, 0x0000000, 0x0080300, 0x00C0380, 0x01FFFF8, 0x01FFFF8, 0x03FF670, 0x0707670, 0x03F7FF8, 0x03FFFF8, 0x01F73C0, 0x00E7FF8, 0x00E7FF8, 0x03FFFF8, 0x03FFFF8, 0x00F77F8, 0x00E7FF8, 0x00FEFF0, 0x00FEFF0, 0x00FFFF8, 0x01EFFF8, 0x01CFBC0, 0x0004240, 0x0000000, 0x0000000 } }, // 镰
  { 0x957F, { 0x0000000, 0x0000000, 0x0030000, 0x00780E0, 0x00781E0, 0x00787C0, 0x0079F80, 0x007BF00, 0x007BC00, 0x0079000, 0x03FFFF8, 0x03FFFF8, 0x03FFFF8, 0x0079C00, 0x0079E00, 0x0078F00, 0x0078F00, 0x00787C0, 0x007FBF0, 0x007F9F8, 0x007F8F8, 0x0078030, 0x0000000, 0x0000000, 0x0000000 } }, // 长
  { 0x95E8, { 0x0000000, 0x0000000, 0x00C0000, 0x01EFFF8, 0x00EFFF8, 0x007FFF8, 0x0070038, 0x03E0038, 0x03C0038, 0x03C0038, 0x03C0038, 0x03C0038, 0x03C0038, 0x03C0038, 0x03C0038, 0x03C0038, 0x03C0038, 0x03C0038, 0x03C0038, 0x03C0038, 0x03C03F8, 0x03C03F0, 0x01801E0, 0x0000000, 0x0000000 } }, // 门
  { 0x95EA, { 0x0000000, 0x0000000, 0x00C0000, 0x01EFFF8, 0x00EFFF8, 0x0077FF8, 0x0070038, 0x03A3838, 0x0383838, 0x0383838, 0x0387838, 0x0387838, 0x038FC38, 0x038FE38, 0x039EF38, 0x03BC7B8, 0x03B83B8, 0x03B0138, 0x0380038, 0x03803F8, 0x03803F0, 0x03801F0, 0x0000000, 0x0000000, 0x0000000 } }, // 闪
  { 0x95ED, { 0x0000000, 0x0000000, 0x00C0000, 0x01CFFF8, 0x01EFFF8, 0x00E7FF8, 0x0040E38, 0x0380E38, 0x0380E38, 0x03BFFF8, 0x03BFFF8, 0x03BFFB8, 0x0383E38, 0x0387E38, 0x039FE38, 0x03BEE38, 0x03FCE38, 0x03B0E38, 0x0387E38, 0x0383EB8, 0x03838F8, 0x03800F0, 0x0000000, 0x0000000, 0x0000000 } }, // 闭
  { 0x95F4, { 0x0000000, 0x0000000, 0x00C0000, 0x01CFFF8, 0x00EFFF8, 0x00EFFF8, 0x0040038, 0x0380038, 0x039FF38, 0x039FF38, 0x039C738, 0x039C738, 0x039FF38, 0x039FF38, 0x039C738, 0x039C738, 0x039FF38, 0x039FF38, 0x0380038, 0x0380078, 0x03800F8, 0x03800F0, 0x0000000, 0x0000000, 0x0000000 } }, // 间
  { 0x9632, { 0x0000000, 0x0000000, 0x0000300, 0x01F8700, 0x03FC380, 0x03FC380, 0x03BFFF8, 0x03BFFF8, 0x03BBFF8, 0x03F0C00, 0x03F1FF0, 0x03B9FF0, 0x03B9FF0, 0x0399C70, 0x039DC70, 0x03B9C70, 0x03FBC70, 0x03FB870, 0x0387870, 0x038F070, 0x039E3F0, 0x039C3E0, 0x01883C0, 0x0000000, 0x0000000 } }, // 防
  { 0x9633, { 0x0000000, 0x0000000, 0x0110000, 0x03FFFF8, 0x03FFFF8, 0x039BFF8, 0x03BB838, 0x03BB838, 0x03B3838, 0x03F3838, 0x03BBFF8, 0x039BFF8, 0x039FFF8, 0x039F838, 0x03BF838, 0x03FF838, 0x03FB838, 0x0383838, 0x0383FF8, 0x0383FF8, 0x0383FF8, 0x0383830, 0x0000000, 0x0000000, 0x0000000 } }, // 阳
  { 0x9636, { 0x0000000, 0x0000000, 0x0000300, 0x03FC780, 0x03FC780, 0x03FCFC0, 0x03B9FE0, 0x03B9CF0, 0x03B7C78, 0x03F7838, 0x03FF018, 0x03B9CE0, 0x039DCE0, 0x039DCE0, 0x039DCE0, 0x03FDCE0, 0x03F9CE0, 0x03B1CE0, 0x0383CE0, 0x03838E0, 0x03878E0, 0x03870E0, 0x03830E0, 0x0000000, 0x0000000 } }, // 阶
  { 0x963F, { 0x0000000, 0x0000000, 0x0000000, 0x03FFFFC, 0x03FFFFC, 0x03BFFF8, 0x03B8070, 0x03B0070, 0x03F7F70, 0x03F7F70, 0x03B7770, 0x03BF770, 0x03BF770, 0x03BF770, 0x03BFF70, 0x03FFF70, 0x03F7070, 0x0383070, 0x0380070, 0x0380070, 0x03807F0, 0x03803E0, 0x0000000, 0x0000000, 0x0000000 } }, // 阿
  { 0x9644, { 0x0000000, 0x0000000, 0x0001C70, 0x03F9C70, 0x03F9C70, 0x03BB870, 0x03BBBF8, 0x03B7FFC, 0x03F7FFC, 0x03FF870, 0x03FFA70, 0x03BFF70, 0x03BBF70, 0x03BBB70, 0x03BBBF0, 0x03FBBF0, 0x03FB870, 0x03E3870, 0x0383870, 0x03839F0, 0x03839F0, 0x03839E0, 0x0000000, 0x0000000, 0x0000000 } }, // 附
  { 0x9650, { 0x0000000, 0x0000000, 0x0110000, 0x03FFFF0, 0x03FFFF0, 0x03BB870, 0x03BBFF0, 0x03BBFF0, 0x03B3FF0, 0x03B3870, 0x03BBFF0, 0x039BFF0, 0x039BFF0, 0x039FBB0, 0x039FBF8, 0x03FB9F0, 0x03FB9E0, 0x03839E0, 0x0383FF0, 0x0383F78, 0x0387F78, 0x0383810, 0x0000000, 0x0000000, 0x0000000 } }, // 限
  { 0x9662, { 0x0000000, 0x0000000, 0x0000300, 0x03F8700, 0x03F8780, 0x03FFFF8, 0x03BFFF8, 0x03B7038, 0x03F7038, 0x03F7FF8, 0x03F1FF0, 0x03B0000, 0x03BA000, 0x03BFFF8, 0x03BFFF8, 0x03F9DC0, 0x03F9DC0, 0x03F1DC0, 0x0383DDC, 0x03879DC, 0x039F1F8, 0x038E0F8, 0x0100000, 0x0000000, 0x0000000 } }, // 院
  { 0x9664, { 0x0000000, 0x0000000, 0x0000300, 0x03F0780, 0x03F8780, 0x03F8FC0, 0x03B3DF0, 0x03B78F8, 0x03FF07C, 0x03F7FF8, 0x03F3FE0, 0x03B0780, 0x03B8380, 0x03BFFF8, 0x03BFFF8, 0x03FF7B8, 0x03F33F0, 0x03F7BF0, 0x03873B8, 0x038E3BC, 0x038EF98, 0x0380F00, 0x0380E00, 0x0000000, 0x0000000 } }, // 除
  { 0x9675, { 0x0000000, 0x0000000, 0x0120700, 0x03F8700, 0x03FFFF0, 0x03BFFF0, 0x03B0700, 0x03F7FF8, 0x03F7FF8, 0x03F7FF8, 0x03B1CF0, 0x03BFCF8, 0x03BFE38, 0x03BEFF0, 0x03B9FF0, 0x03FFCE0, 0x03FFDE0, 0x0386FC0, 0x0380FC0, 0x0387FF8, 0x038FDF8, 0x0387078, 0x0000000, 0x0000000, 0x0000000 } }, // 陵
  { 0x9686, { 0x0000000, 0x0000000, 0x0000C00, 0x01F1FE0, 0x03FBFF0, 0x03FFFF0, 0x03BFDE0, 0x03BEFC0, 0x03F1FC0, 0x03FFFFC, 0x03FFCF8, 0x03B7FF0, 0x03B9FE0, 0x03BB300, 0x03BFFF0, 0x03BFFF8, 0x03FF7B0, 0x03FFFF0, 0x0383FF0, 0x0380700, 0x038FFF8, 0x038FFF8, 0x0180000, 0x0000000, 0x0000000 } }, // 隆
  { 0x9690, { 0x0000000, 0x0000000, 0x0000800, 0x01F1C00, 0x03F9FE0, 0x03FBFE0, 0x03BF1C0, 0x03BFFF0, 0x03B7FF0, 0x03F7FF0, 0x03F0070, 0x03B3FF0, 0x03BBFF0, 0x03BBFF0, 0x03BFFF0, 0x03FFFF0, 0x03F8700, 0x03FFFF0, 0x038F9B8, 0x038FCF8, 0x039DFF8, 0x038DFC0, 0x0180000, 0x0000000, 0x0000000 } }, // 隐
  { 0x96BE, { 0x0000000, 0x0000000, 0x0000FC0, 0x0000FC0, 0x03FDCE0, 0x03FDFF8, 0x03FDFF8, 0x011FFF8, 0x03BF9C0, 0x03BF9C0, 0x01FFFF8, 0x01FFFF8, 0x00F3DD0, 0x00739C0, 0x00FBFF8, 0x00FDFF8, 0x01FFFF0, 0x03DD9C0, 0x0789FF8, 0x0301FFC, 0x0001FF8, 0x0001800, 0x0000000, 0x0000000, 0x0000000 } }, // 难
  { 0x96C0, { 0x0000000, 0x0000000, 0x0003800, 0x003B9C0, 0x007B9E0, 0x00F3BF0, 0x01E3FF8, 0x01E3F38, 0x00CFE00, 0x007FE00, 0x03FEE00, 0x03FFFF8, 0x01FFFF8, 0x0070F00, 0x007FFF0, 0x007FFE0, 0x007FFE0, 0x007FFF0, 0x0070E00, 0x007FFF0, 0x007FFF8, 0x007FFF0, 0x0000000, 0x0000000, 0x0000000 } }, // 雀
  { 0x96EA, { 0x0000000, 0x0000000, 0x00FFFE0, 0x01FFFF0, 0x00FFFE0, 0x03FFFF8, 0x03FFFF8, 0x03FFFF8, 0x03FFFF8, 0x03FBBF8, 0x03FBFF8, 0x007FFC0, 0x0003800, 0x00FFFE0, 0x00FFFE0, 0x00000E0, 0x007FFE0, 0x00FFFE0, 0x007FFE0, 0x00FFFE0, 0x00FFFE0, 0x00FFFE0, 0x0000000, 0x0000000, 0x0000000 } }, // 雪
  { 0x96F3, { 0x0000000, 0x0000000, 0x01FFFE0, 0x01FFFF0, 0x0083820, 0x03FFFF8, 0x03FFFF8, 0x03FBFF8, 0x03FFFF8, 0x007FFC0, 0x003BB80, 0x01FFFF8, 0x01FFFF8, 0x01C1C00, 0x01DFFF0, 0x01FFFF0, 0x01DFFF0, 0x01C3870, 0x0387870, 0x03BF7F0, 0x07BE7E0, 0x01383C0, 0x0000000, 0x0000000, 0x0000000 } }, // 雳
  { 0x96F7, { 0x0000000, 0x0000000, 0x00FFFE0, 0x01FFFF0, 0x00FFFE0, 0x03FFFF8, 0x03FFFF8, 0x03FFFF8, 0x03FFFF8, 0x03FFFF8, 0x01FFFF0, 0x00FFFC0, 0x0003800, 0x00FFFE0, 0x00FFFE0, 0x00E38E0, 0x00FFFE0, 0x00FFFE0, 0x00EBAE0, 0x00FFFE0, 0x00FFFE0, 0x00FFFE0, 0x0000000, 0x0000000, 0x0000000 } }, // 雷
  { 0x9700, { 0x0000000, 0x0000000, 0x00FFFE0, 0x01FFFE0, 0x00FFFE0, 0x03FFFF8, 0x03FFFF8, 0x03A3838, 0x03FFFF8, 0x03FFFF8, 0x00FFFE0, 0x007BBC0, 0x03FFFF8, 0x03FFFF8, 0x03FFFF8, 0x00FFFF0, 0x01FFFF0, 0x01FFFF0, 0x01CE670, 0x01CEE70, 0x01CEFF0, 0x00CEEE0, 0x0000000, 0x0000000, 0x0000000 } }, // 需
  { 0x971C, { 0x0000000, 0x0000000, 0x00FFFE0, 0x01FFFE0, 0x00FFFE0, 0x03FFFF8, 0x03FFFF8, 0x03BBBB8, 0x03FFFF8, 0x03FBBF8, 0x007FFC0, 0x0073FF0, 0x0071FF8, 0x03FFFF8, 0x03FFFF8, 0x00F1FF8, 0x00FDC78, 0x01FFFF8, 0x03FFFF8, 0x07F5FF8, 0x0371FF8, 0x0071C70, 0x0000000, 0x0000000, 0x0000000 } }, // 霜
  { 0x9738, { 0x0000000, 0x0000000, 0x0000000, 0x01FFFF0, 0x00FFFE0, 0x03FFFF8, 0x03FFFF8, 0x03FFFF8, 0x033BB98, 0x007FFC0, 0x00CFA00, 0x03FFFF0, 0x03FFFF0, 0x00FEE30, 0x00FEFF0, 0x01FF7F0, 0x01FF630, 0x01FFFF0, 0x01FEFF0, 0x03FFE30, 0x03FFCF0, 0x0030CF0, 0x0000000, 0x0000000, 0x0000000 } }, // 霸
  { 0x9739, { 0x0000000, 0x0000000, 0x00FFFE0, 0x01FFFF0, 0x00FFFE0, 0x03FFFF8, 0x03FFFF8, 0x03FFFF8, 0x03FFFF8, 0x00FFFC0, 0x0003BC0, 0x01FE3C0, 0x01FFFF8, 0x01CEFF8, 0x01FE660, 0x01FFFF8, 0x03FFFF8, 0x03FE1C0, 0x07EFFF8, 0x03FEFF8, 0x00FE180, 0x00EC1C0, 0x0000000, 0x0000000, 0x0000000 } }, // 霹
  { 0x9762, { 0x0000000, 0x0000000, 0x03FFFF8, 0x03FFFF8, 0x03FFFF8, 0x0007800, 0x0007800, 0x01FFFF0, 0x01FFFF0, 0x01FFFF0, 0x01DC670, 0x01DFF70, 0x01DFF70, 0x01DC770, 0x01DFF70, 0x01DFF70, 0x01DFF70, 0x01DC770, 0x01FFFF0, 0x01FFFF0, 0x01FFFF0, 0x0180030, 0x0000000, 0x0000000, 0x0000000 } }, // 面
  { 0x9774, { 0x0000000, 0x0000000, 0x0198C80, 0x01B8FC0, 0x07FCDC0, 0x07FDDC0, 0x01B9DD8, 0x01FBDF8, 0x01FBDF8, 0x01F7DF0, 0x03FFDF0, 0x03FFDE0, 0x037DFC0, 0x037DFC0, 0x03FDFC0, 0x03FDDC0, 0x00E1DC0, 0x07FDDD8, 0x07FDDDC, 0x00E1DDC, 0x0061DFC, 0x00E1CF8, 0x0061C70, 0x0000000, 0x0000000 } }, // 靴
  { 0x978B, { 0x0000000, 0x0000000, 0x01CC1C0, 0x01DC1C0, 0x07FF1C0, 0x07FFFF8, 0x01DCFF8, 0x01FCFF0, 0x01FC1C0, 0x01FCFF8, 0x03FFFF8, 0x03FFFF8, 0x03F61C0, 0x03F61C0, 0x03FEFF0, 0x03FFFF8, 0x0071FF8, 0x07FF1C0, 0x07FF1C0, 0x0071FF8, 0x0071FFC, 0x0071FFC, 0x0070000, 0x0000000, 0x0000000 } }, // 鞋
  { 0x97F3, { 0x0000000, 0x0000000, 0x0003800, 0x0003800, 0x01FFFF0, 0x01FFFF0, 0x01FFFF0, 0x0038380, 0x003C380, 0x03FFFF8, 0x03FFFF8, 0x0100010, 0x0000000, 0x00FFFE0, 0x00FFFE0, 0x00F00E0, 0x00FFFE0, 0x00FFFE0, 0x00E00E0, 0x00F00E0, 0x00FFFE0, 0x00FFFE0, 0x00600E0, 0x0000000, 0x0000000 } }, // 音
  { 0x9875, { 0x0000000, 0x0000000, 0x03FFFF8, 0x03FFFF8, 0x03FFFF8, 0x0007000, 0x00FFFE0, 0x00FFFE0, 0x00FFFE0, 0x00E00E0, 0x00E38E0, 0x00E38E0, 0x00E38E0, 0x00E38E0, 0x00E38E0, 0x00E38E0, 0x00E7FE0, 0x001FFC0, 0x007E3F0, 0x03FC0F8, 0x03F0078, 0x0180010, 0x0000000, 0x0000000, 0x0000000 } }, // 页
  { 0x9876, { 0x0000000, 0x0000000, 0x0000000, 0x03FFFFC, 0x07FFFFC, 0x03FC380, 0x00F1FF0, 0x00F3FF8, 0x00F3FF8, 0x00F3838, 0x00F3BB8, 0x00F3BB8, 0x00F3BB8, 0x00F3BB8, 0x00F3BB8, 0x00F3BB8, 0x00F3BB8, 0x00707E0, 0x00F0FF0, 0x03E3EF8, 0x03E7C3C, 0x01C3018, 0x0000000, 0x0000000, 0x0000000 } }, // 顶
  { 0x9879, { 0x0000000, 0x0000000, 0x0002000, 0x0007FF8, 0x03FFFF8, 0x07F8700, 0x03F8F00, 0x00E7FF0, 0x00E7FF0, 0x00E7370, 0x00E7770, 0x00E7770, 0x00E7770, 0x00E7770, 0x00FF770, 0x07FF770, 0x07F7770, 0x0380FC0, 0x0001FF0, 0x000FCF8, 0x001F838, 0x000E018, 0x0000000, 0x0000000, 0x0000000 } }, // 项
  { 0x987D, { 0x0000000, 0x0000000, 0x01FC000, 0x01FDFF8, 0x01FDFF8, 0x0000380, 0x0000FF0, 0x03FFFF8, 0x03FFFF8, 0x03FFDB8, 0x01DDDB8, 0x01DDDB8, 0x01DDDB8, 0x01DDFB8, 0x01DDFB8, 0x01DDFB8, 0x01DFFB0, 0x03BE760, 0x03BCFF0, 0x0393E78, 0x0303C38, 0x0001010, 0x0000000, 0x0000000, 0x0000000 } }, // 顽
  { 0x9884, { 0x0000000, 0x0000000, 0x0000000, 0x03FFFFC, 0x03FFFFC, 0x003C380, 0x01F9FF0, 0x03F1FF8, 0x01F1FF8, 0x0079C38, 0x07FFFB8, 0x07FFFB8, 0x02FFFB8, 0x00EDFB8, 0x00FDFB8, 0x00E1FB8, 0x00E1FB8, 0x00E07E0, 0x00E0FF0, 0x03E3E78, 0x03E3C38, 0x01E3018, 0x0000000, 0x0000000, 0x0000000 } }, // 预
  { 0x9898, { 0x0000000, 0x0000000, 0x0000000, 0x01FFFF8, 0x01FFFF8, 0x01FE380, 0x01FEFF0, 0x018EFF8, 0x01FEFF8, 0x01FEDB8, 0x0000DF8, 0x03FFDB8, 0x03FFDB8, 0x0130FB8, 0x01BEFB8, 0x01BEFE0, 0x01BE7F0, 0x03F1E78, 0x03F1C18, 0x03FFFF8, 0x073FFF8, 0x0307FF8, 0x0000000, 0x0000000, 0x0000000 } }, // 题
  { 0x98CE, { 0x0000000, 0x0000000, 0x00FFFE0, 0x00FFFE0, 0x00FFFE0, 0x00E00E0, 0x00E06E0, 0x00FC7E0, 0x00FCEE0, 0x00EEEE0, 0x00EFCE0, 0x00E7CE0, 0x00E3CE0, 0x00E7CE0, 0x01E7EE0, 0x01CFEE0, 0x01DEFE8, 0x01FC7EC, 0x03D867C, 0x038007C, 0x0380078, 0x0100038, 0x0000000, 0x0000000, 0x0000000 } }, // 风
  { 0x98DE, { 0x0000000, 0x0000000, 0x0000000, 0x03FFE00, 0x03FFF30, 0x03FFF78, 0x0000E70, 0x0000FE0, 0x0000FC0, 0x0000780, 0x00007C0, 0x00007F0, 0x00007F8, 0x0000738, 0x0000710, 0x0000700, 0x0000398, 0x000039C, 0x00003D8, 0x00001F8, 0x00001F8, 0x0000070, 0x0000000, 0x0000000, 0x0000000 } }, // 飞
  { 0x98DF, { 0x0000000, 0x0000000, 0x0001000, 0x0003800, 0x0007C00, 0x000FE00, 0x003EF80, 0x00FFBF0, 0x03FFFFC, 0x03FFFF8, 0x017FFD0, 0x007FFC0, 0x007FFC0, 0x00701C0, 0x007FFC0, 0x007FFE0, 0x007FFF0, 0x0073FE0, 0x0071FC0, 0x007FFE0, 0x00FF9F0, 0x007E0F0, 0x0000020, 0x0000000, 0x0000000 } }, // 食
  { 0x9910, { 0x0000000, 0x0000000, 0x0030000, 0x003FFF0, 0x007EFF0, 0x01FEEE0, 0x03FEFC0, 0x03DC7E0, 0x00FBFF0, 0x01F7E70, 0x03FFF00, 0x01FFFE0, 0x03FFFF8, 0x03FFFF8, 0x01783C0, 0x007FFC0, 0x007FFC0, 0x007FFF0, 0x0071FE0, 0x007FFC0, 0x007F1F0, 0x007C060, 0x0000000, 0x0000000, 0x0000000 } }, // 餐
  { 0x9965, { 0x0000000, 0x0000000, 0x00C0000, 0x01C1FE0, 0x01C1FE0, 0x01FFFE0, 0x01FDCE0, 0x03FDCE0, 0x039DCE0, 0x03B9CE0, 0x03E1CE0, 0x01E1CE0, 0x00E1CE0, 0x00E1CE0, 0x00E3CE0, 0x00E38E0, 0x00FF8F8, 0x00FF8FC, 0x00FF8FC, 0x00F70FC, 0x00EF0F8, 0x00C6078, 0x0000000, 0x0000000, 0x0000000 } }, // 饥
  { 0x997C, { 0x0000000, 0x0000000, 0x0080820, 0x01C3C70, 0x01C1C70, 0x01FDCE0, 0x01FFFF8, 0x03FFFF8, 0x039FFF8, 0x03B8EE0, 0x07F0EE0, 0x03E0EE0, 0x00E7FF8, 0x00E7FF8, 0x00E7FF8, 0x00E1CE0, 0x00E9CE0, 0x00F9CE0, 0x00FBCE0, 0x00F38E0, 0x01E78E0, 0x00C70E0, 0x00020E0, 0x0000000, 0x0000000 } }, // 饼
  { 0x997F, { 0x0000000, 0x0000000, 0x01C0D80, 0x01C3FF0, 0x01CFFF0, 0x01FF9B8, 0x01FB9B8, 0x03FB980, 0x03BFFF8, 0x073FFF8, 0x03CFFF8, 0x00E39D8, 0x00E39F8, 0x00E7FF0, 0x00EFFF0, 0x00EF9F0, 0x00E39E0, 0x00FB9C8, 0x00FBBFC, 0x01FFFF8, 0x01EFF78, 0x0087278, 0x0000000, 0x0000000, 0x0000000 } }, // 饿
  { 0x9996, { 0x0000000, 0x0000000, 0x0010180, 0x00783C0, 0x0038380, 0x03FFFF8, 0x03FFFF8, 0x03FFFF8, 0x0003800, 0x00FFFE0, 0x00FFFE0, 0x00E00E0, 0x00FFFE0, 0x00FFFE0, 0x00FFFE0, 0x00E00E0, 0x00FFFE0, 0x00FFFE0, 0x00E00E0, 0x00FFFE0, 0x00FFFE0, 0x00FFFE0, 0x00E00E0, 0x0000000, 0x0000000 } }, // 首
  { 0x9999, { 0x0000000, 0x0000000, 0x00007C0, 0x00FFFC0, 0x00FFFC0, 0x00FF800, 0x01039D0, 0x03FFFF8, 0x03FFFF8, 0x001FF00, 0x003FFC0, 0x00FBBF0, 0x03E38F8, 0x03FFFF8, 0x01FFFF0, 0x007FFC0, 0x007FFC0, 0x007FFC0, 0x00701C0, 0x007FFC0, 0x007FFC0, 0x007FFC0, 0x0000000, 0x0000000, 0x0000000 } }, // 香
  { 0x9A6C, { 0x0000000, 0x0000000, 0x0000000, 0x01FFFC0, 0x01FFFC0, 0x00FFFC0, 0x00201C0, 0x00701C0, 0x00701C0, 0x0070380, 0x0070380, 0x007FFF8, 0x007FFF8, 0x007FFF8, 0x0000038, 0x03FFF70, 0x03FFF70, 0x03FFF70, 0x0000070, 0x00007F0, 0x00007E0, 0x00007E0, 0x0000000, 0x0000000, 0x0000000 } }, // 马
  { 0x9A71, { 0x0000000, 0x0000000, 0x0000000, 0x03FBFF8, 0x03FBFF8, 0x003BFC8, 0x01BB830, 0x03BBF70, 0x03BBF70, 0x03BBBF0, 0x03BBBE0, 0x03BB9E0, 0x03FF9E0, 0x03FF9F0, 0x001FBF0, 0x007FFB8, 0x07FFF38, 0x07FFF30, 0x021B800, 0x003BFFC, 0x00FBFFC, 0x00F1FF8, 0x0000000, 0x0000000, 0x0000000 } }, // 驱
  { 0x9AD8, { 0x0000000, 0x0000000, 0x0001800, 0x0003800, 0x03FFFF8, 0x03FFFF8, 0x03FFFF8, 0x007FFC0, 0x007FFE0, 0x00701E0, 0x007FFE0, 0x007FFC0, 0x0000000, 0x01FFFF8, 0x03FFFF8, 0x01DFF78, 0x019FF78, 0x019FF78, 0x019C778, 0x019FF38, 0x019FFF8, 0x03981F0, 0x01800C0, 0x0000000, 0x0000000 } }, // 高
  { 0x9B3C, { 0x0000000, 0x0000000, 0x0003800, 0x0007800, 0x00FFFE0, 0x00FFFE0, 0x00FFFE0, 0x00E38E0, 0x00FFFE0, 0x00FFFE0, 0x00E38E0, 0x00FFFE0, 0x00FFFE0, 0x00FFFE0, 0x0007D80, 0x000FDE0, 0x001FFF0, 0x003DFF0, 0x0079FF8, 0x01F9C1C, 0x03E1FF8, 0x03C0FF8, 0x0000000, 0x0000000, 0x0000000 } }, // 鬼
  { 0x9B54, { 0x0000000, 0x0000000, 0x0001800, 0x0001C00, 0x01FFFF8, 0x01FFFF8, 0x01CE0C0, 0x01FFFF8, 0x01FFBF8, 0x01DFFF0, 0x01FFFF8, 0x01E7CD0, 0x01DFFF0, 0x01FFFF0, 0x01FFFF0, 0x01BFFF0, 0x01BFFF0, 0x03BFFF0, 0x0383EE0, 0x038FFF8, 0x07FEFFC, 0x037C7F8, 0x0020000, 0x0000000, 0x0000000 } }, // 魔
  { 0x9C7C, { 0x0000000, 0x0000000, 0x0000000, 0x001C000, 0x003FE00, 0x007FF00, 0x00FFF00, 0x01E0E00, 0x03FFFE0, 0x03FFFE0, 0x01FFFE0, 0x00E38E0, 0x00FFFE0, 0x00FFFE0, 0x00FFFE0, 0x00E38E0, 0x00FFFE0, 0x00FFFE0, 0x00FFFE0, 0x0000000, 0x03FFFF8, 0x03FFFF8, 0x03FFFF8, 0x0000000, 0x0000000 } }, // 鱼
  { 0x9C81, { 0x0000000, 0x0000000, 0x0018000, 0x003FE00, 0x007FF00, 0x00F0E00, 0x03FFFE0, 0x03FFFE0, 0x03FFFE0, 0x00FFFE0, 0x00FFFE0, 0x00FFFE0, 0x0000000, 0x03FFFF8, 0x03FFFF0, 0x007FFC0, 0x007FFC0, 0x007FFC0, 0x007FFC0, 0x00701C0, 0x007FFC0, 0x007FFC0, 0x00701C0, 0x0000000, 0x0000000 } }, // 鲁
  { 0x9CA4, { 0x0000000, 0x0000000, 0x00C0000, 0x00E1FF8, 0x01FDFF8, 0x01FDFF8, 0x01DD9B8, 0x0399FF8, 0x07FFFF8, 0x03FFFF8, 0x01EF9B8, 0x03EFFF8, 0x03FFFF8, 0x03FFFF8, 0x03EC380, 0x03EDFF8, 0x03FDFF8, 0x01FDFF8, 0x000C380, 0x03FE380, 0x03FFFF8, 0x03C3FF8, 0x00017F8, 0x0000000, 0x0000000 } }, // 鲤
  { 0x9CDE, { 0x0000000, 0x0000000, 0x0180300, 0x01C1BB8, 0x01F9FF0, 0x03F9FE0, 0x03B3FF8, 0x0373FF8, 0x07FBFF8, 0x03F9FF0, 0x037FFF8, 0x037FBB8, 0x03FB330, 0x03FBFF8, 0x037BFF8, 0x037F7B0, 0x03FFFB0, 0x03FFDF8, 0x0001DFC, 0x03F99F8, 0x03FF830, 0x03C3030, 0x0000030, 0x0000000, 0x0000000 } }, // 鳞
  { 0x9E1F, { 0x0000000, 0x0000000, 0x0003800, 0x0007800, 0x00FFFE0, 0x00FFFE0, 0x00FFFE0, 0x00E40E0, 0x00EF0C0, 0x00E7FC0, 0x00E1BC0, 0x00E0380, 0x00FFFF8, 0x00FFFF8, 0x00FFFF8, 0x0000038, 0x03FFF38, 0x03FFFB8, 0x03FFF70, 0x0000070, 0x00003F0, 0x00003F0, 0x00001C0, 0x0000000, 0x0000000 } }, // 鸟
  { 0x9E2D, { 0x0000000, 0x0000000, 0x0000180, 0x03FE380, 0x03FEFF8, 0x03FEFF8, 0x0376F38, 0x0376FB0, 0x03FEFF0, 0x03FEEB0, 0x0376EF0, 0x0376EF0, 0x03FEE00, 0x03FEFF8, 0x03FEFF8, 0x0376038, 0x0071FF8, 0x0071FF8, 0x0070038, 0x0070038, 0x00700F8, 0x00700F0, 0x0000000, 0x0000000, 0x0000000 } }, // 鸭
  { 0x9ED1, { 0x0000000, 0x0000000, 0x00FFFE0, 0x00FFFE0, 0x00FFFE0, 0x00FBBE0, 0x00FBBE0, 0x00EFEE0, 0x00EBEE0, 0x00FFFE0, 0x00FFFE0, 0x0003800, 0x01FFFF0, 0x00FFFE0, 0x0003800, 0x03FFFF8, 0x03FFFF8, 0x01E06E0, 0x01ECEF0, 0x01CEE70, 0x03CEF78, 0x038E638, 0x0000000, 0x0000000, 0x0000000 } }, // 黑
  { 0x9ED8, { 0x0000000, 0x0000000, 0x0000180, 0x03FF1E0, 0x03FF1F0, 0x03B71F0, 0x03FF1B8, 0x03FF190, 0x03FFFF8, 0x03FFFF8, 0x03FFFF8, 0x00381C0, 0x01FE3C0, 0x03FF3C0, 0x01FE3C0, 0x03FF3E0, 0x03FF7E0, 0x03F6770, 0x01FEF70, 0x03FFE38, 0x037FC3C, 0x0369C18, 0x0000000, 0x0000000, 0x0000000 } }, // 默
  { 0x9F13, { 0x0000000, 0x0000000, 0x0070180, 0x00701C0, 0x03FE1C0, 0x03FFFF8, 0x0071FF8, 0x01FFFF8, 0x03FE1C0, 0x01FE1C0, 0x01FFFF8, 0x03FFFF8, 0x03FFFF8, 0x038EE78, 0x03FEE70, 0x03FEFF0, 0x01DC7E0, 0x01DC3C0, 0x00DE3C0, 0x03FFFF0, 0x07FFFF8, 0x03E1E78, 0x0000810, 0x0000000, 0x0000000 } }, // 鼓
  { 0x9F20, { 0x0000000, 0x0000000, 0x0004000, 0x00FEFE0, 0x00FEFF0, 0x00E07F0, 0x00FE7F0, 0x00FEFF0, 0x00FC7F0, 0x00FFFF0, 0x00FFFF0, 0x00FFFE0, 0x00C38E0, 0x00FFFE0, 0x00FFFE0, 0x00E3AE0, 0x00FBEE0, 0x00FFFE0, 0x00EBAE8, 0x00FBFFC, 0x01FFF7C, 0x01FBF78, 0x0080010, 0x0000000, 0x0000000 } }, // 鼠
  { 0x9F50, { 0x0000000, 0x0000000, 0x0003800, 0x0003800, 0x03FFFF8, 0x03FFFF8, 0x03FFFF8, 0x003C780, 0x001EF00, 0x000FE00, 0x001FF80, 0x03FFFF8, 0x03FC7F8, 0x01F81F0, 0x0038380, 0x0038380, 0x0038380, 0x0038380, 0x0078380, 0x00F0380, 0x01F0380, 0x00E0380, 0x0040380, 0x0000000, 0x0000000 } }, // 齐
  { 0x9F84, { 0x0000000, 0x0000000, 0x0030180, 0x00303C0, 0x01B03C0, 0x01BE7E0, 0x01BE7E0, 0x01B0E70, 0x03B1E78, 0x07FFFBC, 0x03FFB98, 0x03361C0, 0x0336FF0, 0x0377FF8, 0x0376FF8, 0x0376070, 0x03FECF0, 0x03FEFE0, 0x03DEFC0, 0x03FE3C0, 0x03FE1E0, 0x03FE0E0, 0x0006040, 0x0000000, 0x0000000 } }, // 龄
  { 0x9F99, { 0x0000000, 0x0000000, 0x000E000, 0x000E700, 0x000E7C0, 0x000E1E0, 0x000E0C0, 0x03FFFF8, 0x03FFFF8, 0x03FFFF8, 0x001CE20, 0x001CE70, 0x001CEF0, 0x003CEE0, 0x0038FC0, 0x0038FC0, 0x0070F80, 0x00F1F10, 0x01E3E1C, 0x03EFFF8, 0x03CFFF8, 0x0186FF0, 0x0000000, 0x0000000, 0x0000000 } }, // 龙
  { 0x9F9F, { 0x0000000, 0x0000000, 0x0018000, 0x001C000, 0x003FF00, 0x007FF80, 0x00F0F00, 0x01E1E00, 0x03FFFE0, 0x03FFFE0, 0x03E38E0, 0x00E38E0, 0x00FFFE0, 0x00FFFE0, 0x00E38E0, 0x00FFFE0, 0x00FFFE0, 0x00FFFF0, 0x00E381C, 0x000383C, 0x0003FF8, 0x0001FF8, 0x0000FE0, 0x0000000, 0x0000000 } }, // 龟
};
#define CN_GLYPH_COUNT (sizeof(CN_GLYPHS) / sizeof(CN_GLYPHS[0]))
