#pragma once
#include <Arduino.h>

// Generated by tools/build_shop_item_art.py.
#define SHOP_ICON_SIZE 32
#define SHOP_ICON_PALETTE_SIZE 16

static const uint16_t SHOP_ICON_PALETTES[SHOP_TOTAL_ITEMS][SHOP_ICON_PALETTE_SIZE] PROGMEM = {
  {0x0000, 0xEAC8, 0x0000, 0xD964, 0x60A2, 0x9964, 0xD247, 0xB226, 0x4AA2, 0xCF47, 0x3241, 0xA5C5, 0xBE86, 0x7464, 0x0000, 0x0000},
  {0x0000, 0x0000, 0xF6A3, 0xDD23, 0x62C1, 0xA4A3, 0x9362, 0xFFC5, 0xF745, 0x18A0, 0xFDE3, 0x2940, 0x20C0, 0x1040, 0x51C0, 0x0000},
  {0x0000, 0xF583, 0x20C0, 0xE384, 0x0000, 0x5900, 0x6281, 0x9B02, 0xACA3, 0xB686, 0xF6C4, 0x7424, 0x0000, 0x0000, 0x0000, 0x0000},
  {0x0000, 0x0000, 0x8B95, 0x20E5, 0x628D, 0xB4D9, 0xB4D9, 0xC55B, 0x72F1, 0x49CB, 0x3149, 0x9C35, 0xA3D9, 0x0000, 0x0000, 0x0000},
  {0x0000, 0xEAC8, 0x0000, 0x20C1, 0xF2E9, 0x8CE4, 0xF2E9, 0x40C2, 0x5B22, 0xB226, 0x91C5, 0x5881, 0x7C44, 0x3A42, 0xCA67, 0x0000},
  {0x0000, 0x0000, 0x9B45, 0xFD68, 0x6AA4, 0xE345, 0x9CE5, 0x59A3, 0xF2E9, 0xED06, 0xD985, 0x2B02, 0x6CA4, 0xA144, 0xFFE4, 0xFEA8},
  {0x0000, 0x62E3, 0x2101, 0xFDA8, 0xF548, 0x0000, 0xE4E7, 0x94C4, 0xDF25, 0xB686, 0x9364, 0x7424, 0x3A21, 0xFE29, 0x5181, 0x0000},
  {0x0000, 0xF5A3, 0xFF45, 0xDD23, 0xE6A4, 0x1060, 0x1080, 0xFF85, 0x0000, 0x41C1, 0xE543, 0x5A81, 0x2940, 0xA483, 0x9B82, 0x0000},
  {0x0000, 0xFF85, 0xFFDF, 0x62E2, 0x9CA3, 0x0000, 0x2943, 0x5ACB, 0xC5C4, 0xA534, 0x99A5, 0xB226, 0xFB8C, 0xBDF8, 0x40C2, 0xBE18},
  {0x0000, 0xFF45, 0x0020, 0x9B66, 0xACA5, 0x72E3, 0xA514, 0xCD85, 0xEF5C, 0xB48C, 0x5182, 0x5AEB, 0xCD91, 0xC50E, 0xE676, 0x39C8},
  {0x0000, 0xEAC9, 0x0020, 0x58A2, 0x5CE6, 0xD985, 0xD247, 0x9964, 0x32A3, 0xA226, 0x43A4, 0x0000, 0x0000, 0x0000, 0x0000, 0x0000},
  {0x0000, 0xFD58, 0xF4D6, 0x0020, 0x9545, 0x50E4, 0x9AED, 0xB686, 0xE3D2, 0x5B43, 0xD745, 0x724A, 0xAB90, 0x692A, 0x2A41, 0x0000},
  {0x0000, 0x0000, 0xEAC8, 0x60E3, 0xB686, 0x9964, 0xDA47, 0xD9A5, 0x8D25, 0x5B23, 0xC707, 0x7444, 0xBA46, 0x0000, 0x0000, 0x0000},
  {0x0000, 0xA3C7, 0x0000, 0x6A84, 0xA4C6, 0x2101, 0x49A3, 0xB686, 0x10A0, 0x7444, 0x9346, 0xDF66, 0x3263, 0x0000, 0x0000, 0x0000},
  {0x0000, 0xA3A6, 0xF7BE, 0x20C1, 0x6A45, 0x0000, 0x49A3, 0xB46A, 0xAD55, 0xB407, 0x5AEC, 0xC5B3, 0xEF56, 0x0000, 0x0000, 0x0000},
  {0x0000, 0xA3C7, 0x0000, 0xB407, 0x6A64, 0x9B86, 0x8B05, 0x20C1, 0x20C1, 0x3942, 0x1061, 0x9366, 0x49A3, 0xAC07, 0x49C3, 0x0000},
  {0x0000, 0xF5A3, 0xE543, 0x2901, 0xF6E4, 0x0000, 0x6AA1, 0xFF45, 0x9382, 0xB4A3, 0x49A1, 0x52CD, 0x6B90, 0x39E9, 0x3A09, 0x0000},
  {0x0000, 0xFFFF, 0xFF45, 0x0000, 0xF6C4, 0x20E2, 0x62A1, 0xFFA5, 0xDD43, 0x738F, 0x94B2, 0xDEFB, 0xA4A2, 0x49C1, 0x9B61, 0x0000},
  {0x0000, 0xFFFF, 0x0000, 0xCE79, 0xDEDA, 0xEF3C, 0x5AEB, 0xD679, 0x2124, 0xA4F3, 0xD699, 0x18C3, 0xAD34, 0x31A6, 0xE6FB, 0x20E3},
  {0x0000, 0xEAC8, 0x20A1, 0x4963, 0x6A64, 0x9B66, 0xBC48, 0x0000, 0x91A5, 0xB407, 0xC468, 0xCA47, 0x0000, 0x0000, 0x0000, 0x0000},
  {0x0000, 0xFF45, 0xED63, 0x0000, 0xF6C4, 0xFF43, 0xFFDA, 0xFF4B, 0x3140, 0xFFA5, 0xFF94, 0x18A0, 0x7302, 0xB503, 0xB551, 0x83C2},
  {0x0000, 0xA3C7, 0x0000, 0x6A65, 0x6225, 0x49A3, 0x1060, 0x9346, 0x1881, 0x3922, 0xB407, 0x28C2, 0x20C1, 0x2902, 0xCC88, 0xBC28},
  {0x0000, 0x0000, 0x18C4, 0xB4F9, 0x5A6D, 0xA456, 0x1083, 0x49CB, 0xF725, 0xC53B, 0x3169, 0x72D0, 0x8BB3, 0x5A81, 0xAD23, 0x0000},
  {0x0000, 0xFF45, 0x0000, 0xFFA5, 0x5AA1, 0x18C0, 0xE6C4, 0xA4E3, 0xCD43, 0x3160, 0x3181, 0x41E1, 0x8B82, 0x0000, 0x0000, 0x0000},
  {0x0000, 0xD984, 0xE185, 0xC964, 0x0000, 0xD164, 0x9103, 0x1000, 0x60A2, 0x4881, 0xA944, 0x2020, 0xF0C2, 0x3820, 0x0000, 0x0000},
  {0x0000, 0x0000, 0xEC75, 0xFD99, 0x28C3, 0x9ACD, 0x4966, 0xEBD2, 0x61C8, 0x724A, 0xD391, 0xB3B1, 0xC34F, 0x0000, 0x0000, 0x0000},
  {0x0000, 0xE2C8, 0x0000, 0xD185, 0xD164, 0xF2E9, 0xFB09, 0x58E2, 0x2041, 0x8985, 0x1840, 0xDAA8, 0x28A1, 0xCA47, 0xB226, 0x5A03},
  {0x0000, 0x0000, 0x18A2, 0x4208, 0x6123, 0x31A6, 0x40E2, 0x2986, 0xEAE9, 0xBA27, 0x91A5, 0xC267, 0x0000, 0x0000, 0x0000, 0x0000},
  {0x0000, 0x0000, 0x96BE, 0x6D9B, 0x9EDE, 0x659C, 0xEFBF, 0x10E4, 0x765E, 0x1925, 0x326B, 0x432E, 0x6494, 0x53B1, 0x29C9, 0x0000},
  {0x0000, 0x0000, 0x9CF3, 0xDEBA, 0xCE59, 0x5AEB, 0xEF23, 0xD699, 0x18C3, 0x2903, 0xC617, 0x6B41, 0xE561, 0x0000, 0x0000, 0x0000},
  {0x0000, 0x0000, 0x96BE, 0x5C95, 0x1104, 0x6D7A, 0x326B, 0x969D, 0x9F1F, 0x4BB1, 0x1925, 0x21C8, 0x3B71, 0x4B0D, 0x85FB, 0x6E3F},
  {0x0000, 0x0000, 0xF30E, 0xD5AB, 0xFB50, 0x9A4A, 0x51A7, 0x0000, 0x0000, 0x0000, 0x0000, 0x0000, 0x0000, 0x0000, 0x0000, 0x0000},
  {0x0000, 0x0000, 0xDB64, 0xEB84, 0x9A62, 0x20E2, 0xF3A4, 0x6161, 0xDEBA, 0x1040, 0xA534, 0x5AEB, 0xDB63, 0x6CB5, 0x39E8, 0xB5F8},
  {0x0000, 0x0000, 0x5AEC, 0x9CD3, 0xEF7D, 0x834C, 0x5AD1, 0xDD69, 0xFEED, 0x5E7C, 0xFA4E, 0xB16A, 0x8AA5, 0xA49D, 0x108A, 0x2AEC},
  {0x0000, 0x0021, 0xE52B, 0x753D, 0xFFD9, 0x9B88, 0x6ACA, 0xA42B, 0x6267, 0xEF16, 0x49E6, 0x2A8C, 0xAD51, 0x000A, 0x0000, 0x0000},
  {0x0000, 0x0000, 0xA3C7, 0x2923, 0x632C, 0x18C3, 0x9CD3, 0xDEBA, 0xCE59, 0x7284, 0xAC07, 0xE6FB, 0x49C3, 0xB407, 0x9B66, 0xC617},
  {0x0000, 0x969E, 0x10E4, 0x0000, 0x655B, 0x226B, 0x6E1E, 0x5475, 0x1989, 0x9CF3, 0xEF9E, 0x4B91, 0x3B71, 0x0000, 0x0000, 0x0000},
  {0x0000, 0x0000, 0x18C3, 0x39C7, 0x9CD2, 0xA534, 0x4208, 0x52AA, 0x2945, 0x632C, 0x7BEF, 0x8C71, 0x630B, 0x9491, 0x0000, 0x0000},
  {0x0000, 0x2124, 0x630C, 0xD6BA, 0x0000, 0xCE59, 0x9CD3, 0xA534, 0xEF5D, 0x9CD3, 0x5881, 0x9103, 0xD164, 0xC5F7, 0x83EF, 0xC617},
  {0x0000, 0x0000, 0xFEAC, 0x751D, 0x5373, 0xACAA, 0xDFBF, 0x296A, 0xDD8B, 0x5B0C, 0x2A4C, 0x8CD4, 0xB65A, 0x93C9, 0x0000, 0x0000},
  {0x0000, 0xEAC8, 0x0000, 0x969E, 0x659C, 0xD984, 0x663D, 0x58E2, 0xEFBE, 0x2A6B, 0x2168, 0x5C54, 0x3B30, 0x89A5, 0x9CD3, 0x52CB},
  {0x0000, 0x0000, 0xE3D2, 0xE4D5, 0xFD79, 0x4966, 0xEF7C, 0x6A8B, 0xB3D1, 0x9B2D, 0x9CD3, 0x65CD, 0x9E93, 0x760E, 0x108A, 0x0000},
  {0x0000, 0x0000, 0x96BE, 0xEAE9, 0x2A8C, 0x6DBC, 0xF79E, 0x4BB1, 0x6E5F, 0x60E2, 0x1949, 0x8985, 0x5455, 0x5AEC, 0x83BB, 0x9CF3},
  {0x0000, 0x0000, 0xF7BE, 0xB646, 0x6506, 0x5AEB, 0x94B3, 0x5B83, 0x18E9, 0xEA8F, 0xF494, 0x9525, 0xF330, 0xE9ED, 0x2A83, 0x0000},
  {0x0000, 0x0000, 0xEAC8, 0x969E, 0x659C, 0xD984, 0x58E2, 0xF7BD, 0x2A6B, 0x2169, 0x5C54, 0x6E1E, 0x3B30, 0x89A5, 0x94D4, 0x52CC},
  {0x0000, 0x0000, 0xEF9E, 0xEAC9, 0x9CF3, 0x5AEC, 0x58C2, 0x9123, 0xDA47, 0xE123, 0xB226, 0x665B, 0x18E9, 0x9EFC, 0x7BF0, 0x0000},
  {0x0000, 0x0000, 0xEAC8, 0x969E, 0x659C, 0xD984, 0x58E2, 0xEFBD, 0x2168, 0x2A6B, 0x5C54, 0x6E1E, 0x3B30, 0x89A5, 0x94B3, 0x52EC},
  {0x0000, 0x18E3, 0xB646, 0xFFFF, 0x0000, 0x6506, 0xDEDC, 0x9CD3, 0x5ACB, 0x5B83, 0xB53C, 0x9525, 0x2A29, 0x7C10, 0x10AA, 0x2A83},
  {0x0000, 0x0000, 0xEAC9, 0x96BE, 0x2A8C, 0x6DBC, 0xF75D, 0x4BB1, 0x6E5F, 0x60E2, 0x1949, 0x8985, 0x5455, 0x5AEC, 0x9CF3, 0xF4B5},
  {0x0000, 0x0000, 0x18C3, 0xFFFF, 0xE71A, 0x9492, 0x5B0C, 0xD184, 0xFE6C, 0x60A2, 0x10C4, 0xFF13, 0xB944, 0x2229, 0x73D0, 0x108A},
  {0x0000, 0xEAC8, 0x0000, 0x969E, 0x659C, 0xD984, 0x663C, 0x58E2, 0xF7BE, 0x2A6B, 0x2168, 0x5C54, 0x3B30, 0x89A5, 0x9CD3, 0x52AB},
  {0x0000, 0xD164, 0xD164, 0x0000, 0x1862, 0x60A2, 0x9903, 0xF7BE, 0x630C, 0x9E93, 0x9CD3, 0x2109, 0x7E0F, 0x6DED, 0x0000, 0x0000},
  {0x0000, 0x0000, 0x96BE, 0xEAE9, 0x2A8C, 0xE71E, 0x6DBC, 0x4BB1, 0x6E5F, 0x60E2, 0x1969, 0x8985, 0x5455, 0x5AEC, 0x9CF3, 0x8BDB},
  {0x0000, 0x0020, 0x5302, 0xB666, 0x9545, 0xCF27, 0xFF7D, 0x7444, 0x3282, 0x5ACB, 0x9CF4, 0xEB91, 0xD4A7, 0x18E9, 0xEA6E, 0x1A49},
  {0x0000, 0x0000, 0x96BE, 0xEAE9, 0x2A8C, 0x6DBC, 0xF79C, 0x4BB1, 0x1969, 0x6E5F, 0x60E2, 0x8985, 0x5455, 0xFF33, 0x5AEC, 0xFE6C},
  {0x0000, 0x969E, 0x0000, 0x659C, 0xEFBE, 0x228C, 0x5C75, 0x5AEC, 0x763E, 0x214A, 0x9CD3, 0x3B71, 0x4B53, 0x0000, 0x0000, 0x0000},
  {0x0000, 0x18E3, 0xF7BE, 0xB646, 0x0000, 0x6506, 0x5AEB, 0x9CD3, 0x9E93, 0x5B83, 0x760E, 0x9525, 0x18C9, 0x6DED, 0x1A49, 0x2A83},
  {0x0000, 0x0000, 0x18A3, 0xFFFF, 0x5AEB, 0xDEBC, 0x9492, 0xD184, 0x60A2, 0x8BBB, 0xACDC, 0xB944, 0x7B5A, 0x7C10, 0x108A, 0x0000},
  {0x0000, 0x0000, 0xB666, 0x9525, 0x5302, 0xF77D, 0xC706, 0x7444, 0x5AEC, 0x9CF3, 0xEA2D, 0xF351, 0x3241, 0xE9CC, 0x10AA, 0x126A},
  {0x0000, 0x1901, 0x0000, 0xB666, 0x3282, 0x5363, 0x5CA5, 0x9565, 0xFFBE, 0x5AEC, 0x9CD3, 0xFEED, 0xFEF3, 0x18E9, 0xCF67, 0x0000},
  {0x0000, 0x2125, 0x0000, 0x10A2, 0xE75C, 0xA534, 0xA514, 0x5ACB, 0x52AA, 0x9E93, 0x760E, 0x10AA, 0x6DED, 0x1A49, 0x0000, 0x0000},
  {0x0000, 0x0020, 0xD184, 0xEAC9, 0x9CF3, 0x5B0C, 0xE6FC, 0x5061, 0xDA47, 0x9123, 0x8BBB, 0xACDC, 0x7C10, 0xBA26, 0x1A69, 0x18CA},
  {0x0000, 0x0000, 0xEAC9, 0xD164, 0xA144, 0x6103, 0xF75D, 0x5ACB, 0x9CF3, 0xAA25, 0xC267, 0xF351, 0xE9CC, 0x18E9, 0x1A69, 0x0000},
  {0x0000, 0xE364, 0x0000, 0x6162, 0xED04, 0xF665, 0xF7BD, 0xF2E9, 0x9A83, 0x7242, 0x89C4, 0x52CC, 0x9CD3, 0xFE8D, 0xFEF3, 0x2149},
  {0x0000, 0xE0C2, 0xA903, 0x0000, 0xE79E, 0x5AEC, 0xAF3D, 0x9CF3, 0xF704, 0xE543, 0x565B, 0x2129, 0x6861, 0xACC1, 0xA2C0, 0x0000},
  {0x0000, 0x0000, 0xA3A7, 0x6A84, 0xB407, 0xEFBD, 0x49A3, 0xBC48, 0xA4F4, 0x5AEC, 0x9E73, 0x2109, 0x7BF0, 0x760E, 0x2A6A, 0xC717},
  {0x0000, 0xEAC8, 0x0000, 0x91C5, 0x6123, 0xEF3E, 0xCA86, 0xAA06, 0xA49C, 0x5B0C, 0xA535, 0x1909, 0x8BBB, 0x72FA, 0x1A6A, 0x7C11},
  {0x0000, 0xF745, 0x0020, 0xED83, 0x6AE2, 0xA4E3, 0xFF5D, 0x5142, 0x96DE, 0x9382, 0x324A, 0xF4F6, 0x5AEC, 0xEAE9, 0x9CF3, 0x2149},
  {0x0000, 0xEAC9, 0x0000, 0x60E3, 0xD964, 0x9184, 0xD267, 0xFFBD, 0xB226, 0xFE8D, 0x5AEC, 0xFEF2, 0x9CF4, 0x2249, 0x2949, 0x0000},
  {0x0000, 0x0020, 0x657B, 0x32AD, 0x663E, 0x96DE, 0x1969, 0x3B50, 0x5496, 0xE79E, 0x5ACB, 0x9CD3, 0x85DA, 0x4BB2, 0x83F0, 0x0000},
  {0x0000, 0x0000, 0x18E4, 0x10A3, 0xF7BD, 0x5AEC, 0xA4F4, 0x9672, 0x6DED, 0x5AC2, 0x9CA3, 0x10AA, 0x760E, 0xEF42, 0x83C2, 0x0000},
  {0x0000, 0xEAC8, 0x0000, 0x91C5, 0xF79E, 0x6123, 0xCA86, 0xAA06, 0x632D, 0xA4DC, 0x1909, 0x8BDB, 0xA534, 0x7C31, 0x226A, 0xC5BC},
  {0x0000, 0x0020, 0x657B, 0x32AD, 0x6E1F, 0x96BE, 0x1969, 0x3B50, 0x5495, 0xF75D, 0x53D1, 0x52EC, 0x9CF4, 0x85DA, 0xFD37, 0xE98B},
  {0x0000, 0x0020, 0x657B, 0x32AD, 0x6E1F, 0x96BE, 0x1969, 0xFFBD, 0x3B50, 0x5496, 0x5AEC, 0x53D1, 0x9CD3, 0x85DA, 0xFEF3, 0xFE8D},
  {0x0000, 0x0020, 0x657B, 0x32AD, 0x6E3E, 0x9EDE, 0x1969, 0x3B50, 0x5496, 0xEFBE, 0x52EC, 0x53D1, 0x9CD3, 0x85DA, 0x3DFA, 0x0000},
  {0x0000, 0xE364, 0x0000, 0x6162, 0xED04, 0xF665, 0xEFBD, 0xF2E9, 0x9A83, 0x7242, 0x89C4, 0xAED5, 0x52CC, 0x9CD3, 0x2149, 0x6BB0},
  {0x0000, 0x0020, 0xD184, 0xEAC9, 0x9CF3, 0x5B0C, 0xE71C, 0x5061, 0xDA47, 0x9123, 0x8BBB, 0xACDC, 0x7C10, 0xBA26, 0x2A49, 0x18E9},
  {0x0000, 0xEAC9, 0x0000, 0x60E3, 0xD964, 0x9164, 0xD267, 0xB226, 0xF77D, 0xE9AC, 0x9D14, 0x5B2D, 0xF5F8, 0xFD16, 0x2A6A, 0x2969},
  {0x0000, 0xD164, 0x0000, 0xD985, 0x1862, 0xC964, 0x60A2, 0x9903, 0xF7BD, 0xFE8C, 0x5AEC, 0x9CD4, 0xFEF2, 0x18E9, 0x1A49, 0x0000},
  {0x0000, 0x0000, 0xFF45, 0x18E1, 0xF5A3, 0xA4A3, 0xF7BE, 0x9362, 0x62C1, 0x49A0, 0x630C, 0x665B, 0x9CD3, 0x18E9, 0x9EFC, 0x0000},
  {0x0000, 0x0000, 0xFFDF, 0xEAC9, 0x94B2, 0xA386, 0x5ACB, 0x91C5, 0x5903, 0x5A03, 0xB428, 0x9F1E, 0x326A, 0x6CD5, 0xB407, 0xC267},
  {0x0000, 0xB666, 0x0000, 0xAE46, 0xBEA6, 0x5CE6, 0x6CC5, 0x9565, 0x5B22, 0x10C0, 0x2161, 0xC706, 0x6546, 0x2A42, 0xA606, 0x0000},
  {0x0000, 0x0000, 0xFD79, 0xECD6, 0xB666, 0x5B22, 0x930D, 0x724A, 0x9D04, 0x59C9, 0xE745, 0x4987, 0xB3D1, 0xBC12, 0x3A22, 0x0000},
  {0x0000, 0xF79E, 0x0020, 0x9CF3, 0x5B0C, 0x2AAD, 0x9EDD, 0x659C, 0x21C8, 0x5515, 0x2B72, 0x73F6, 0x771F, 0x0000, 0x0000, 0x0000},
  {0x0000, 0x0000, 0x9CF3, 0x5AEC, 0xB686, 0x9EFF, 0x8D25, 0x5302, 0xD745, 0x7423, 0x3A21, 0x328B, 0x5D15, 0x0000, 0x0000, 0x0000},
  {0x0000, 0x0000, 0x96BE, 0x2A8D, 0x659C, 0x430D, 0x5390, 0x6E5F, 0xFF85, 0x6AE3, 0x3350, 0x51C2, 0x9483, 0x19A8, 0x85FB, 0x0000},
  {0x0000, 0x0000, 0x96BE, 0x8B05, 0xB428, 0x7D9A, 0xDEFB, 0x6474, 0x5AAA, 0x2A8B, 0xB407, 0x85FA, 0x53F2, 0xC468, 0x0000, 0x0000},
  {0x0000, 0x1905, 0xE4EA, 0x6286, 0xA349, 0x49C6, 0x62EB, 0x8B47, 0xB428, 0xFFFA, 0xE3AB, 0x9D11, 0x61E8, 0x0000, 0x0000, 0x0000},
  {0x0000, 0xFF45, 0x0000, 0x2942, 0xF724, 0xFFC5, 0x6302, 0xF77C, 0xA514, 0xFF8A, 0xB543, 0x5AEB, 0xC5C4, 0xFFD3, 0x83E2, 0x41E1},
  {0x0000, 0x0020, 0x8BBC, 0x6AF4, 0x8C5B, 0x6D3B, 0xF22D, 0xCD53, 0xFEAB, 0x565B, 0x760E, 0xA356, 0xD2B1, 0x4A4D, 0x294B, 0x0000},
  {0x0000, 0x0841, 0x74FD, 0xAAE9, 0xFC0C, 0x41A7, 0xEBAB, 0x086A, 0x4AD3, 0x0000, 0x0000, 0x0000, 0x0000, 0x0000, 0x0000, 0x0000},
  {0x0000, 0x5E3A, 0x1905, 0x5EBC, 0x18C4, 0x44B4, 0x2A8B, 0x3BB0, 0xFFFE, 0x96DC, 0x55D9, 0x004A, 0x3C73, 0x8576, 0x0000, 0x0000},
  {0x0000, 0x0000, 0xA3C7, 0xE384, 0x9AE4, 0x5162, 0x28E1, 0xDB64, 0xF3C4, 0xE343, 0xB407, 0x7284, 0x1040, 0x1080, 0xAC07, 0x0000},
  {0x0000, 0x0000, 0xFFFF, 0xA514, 0xDEDB, 0x39C7, 0x18C3, 0xE73C, 0xCE59, 0x4228, 0x7BCF, 0x52AA, 0x2124, 0xD6BA, 0x630C, 0x0000},
  {0x0000, 0x0000, 0xFF45, 0xED83, 0xFFC5, 0x5AA1, 0x20C1, 0xFEA4, 0xB523, 0x8B55, 0x51E0, 0x9341, 0x6A90, 0x28E8, 0x49AC, 0x9BD8},
  {0x0000, 0xFF45, 0xF5A3, 0x0000, 0xFFA5, 0xEEE3, 0x2920, 0xDD83, 0x10A0, 0x6301, 0xA4E2, 0xF644, 0x8BA2, 0x49C1, 0x0000, 0x0000},
  {0x0000, 0x2125, 0x10E5, 0x8B48, 0x0084, 0xB409, 0x1905, 0xFC2C, 0x6A28, 0x5104, 0x6207, 0x0000, 0x0000, 0x0000, 0x0000, 0x0000},
  {0x0000, 0xEAE9, 0x1881, 0x0000, 0xE71C, 0x9964, 0x7144, 0x630C, 0xBA27, 0xD164, 0xDA27, 0xB5B6, 0xC617, 0x840F, 0x39E8, 0x0000},
  {0x0000, 0x1A94, 0x0042, 0x1A73, 0x2293, 0x0000, 0x1274, 0x1A93, 0x118C, 0x08A5, 0x22B5, 0x116B, 0xED83, 0x6B8E, 0x9C4A, 0x4B30},
  {0x0000, 0x0020, 0xF6CD, 0xF2AE, 0x5E7C, 0x5598, 0xACAA, 0x8BC9, 0xB1EB, 0x5535, 0x000A, 0x0000, 0x0000, 0x0000, 0x0000, 0x0000},
  {0x0000, 0x658C, 0x0841, 0xBF1D, 0xC79F, 0xF6B3, 0x6E2E, 0x532A, 0x2A66, 0x2AC9, 0x72A6, 0x8D56, 0x7453, 0x8BAB, 0x8C8E, 0x004A},
  {0x0000, 0xF68F, 0x551A, 0x0041, 0xD7BF, 0xB71D, 0x5C53, 0xE34B, 0xFF72, 0x6986, 0x4ACB, 0x5BD1, 0x8D56, 0x938A, 0x086A, 0x0000},
  {0x0000, 0xDDAF, 0x0041, 0xB71D, 0xEE71, 0x656C, 0x532B, 0xCFBF, 0x6E2E, 0x7287, 0x94D3, 0x8B49, 0x2A89, 0xA44B, 0x3267, 0x084B},
  {0x0000, 0x0841, 0xDFBF, 0xED2C, 0xB71D, 0x4ACC, 0x6246, 0x9535, 0xE32B, 0x18C9, 0x63F0, 0x7472, 0x322A, 0x59A6, 0x71C8, 0x9A69},
  {0x0000, 0xBF3E, 0x752D, 0x0041, 0x5B4B, 0xCFBF, 0x9D33, 0x952D, 0xE696, 0x7472, 0x63F0, 0xCDD3, 0x2A29, 0x83CD, 0x086A, 0x0000},
  {0x0000, 0x0861, 0xBF1D, 0xE589, 0xC79F, 0xFE4A, 0x8D56, 0x4ACC, 0x6286, 0x324A, 0xB488, 0x10AA, 0x7472, 0x63F0, 0x95D8, 0x9B68},
  {0x0000, 0x0841, 0xD79D, 0xB71D, 0x4B4B, 0x9CF2, 0xEED6, 0x5CAB, 0x944F, 0x7452, 0x2A67, 0x3269, 0x088A, 0x768E, 0x95B8, 0x63D0},
  {0x0000, 0x0841, 0xB71D, 0xCF9E, 0xE6B6, 0x52EC, 0x9D75, 0x324A, 0x7452, 0x10AA, 0xFE6A, 0x63D0, 0xC5B2, 0x9C8D, 0x9DD8, 0xEDAA},
  {0x0000, 0xB6FD, 0x0041, 0x630C, 0x9D74, 0xC79F, 0x7452, 0xEDC9, 0xC5B3, 0x3229, 0x63D0, 0x10AA, 0xACED, 0xFE6A, 0x8DB8, 0x7B06},
  {0x0000, 0x0041, 0xB6FC, 0x630C, 0x9555, 0xC7BF, 0x7452, 0xEDC9, 0xD2EA, 0xFE4A, 0xABCA, 0xC5B3, 0x10AA, 0x3229, 0x63D0, 0xACAC},
  {0x0000, 0xB71D, 0x0841, 0xC7BF, 0x553C, 0x4AEC, 0x8D56, 0x324A, 0x6C52, 0x5BB1, 0x10CA, 0x95D8, 0xFE4A, 0x3B10, 0xE5A9, 0x0000},
  {0x0000, 0xBF3D, 0xE79E, 0x0041, 0x4A8A, 0x9D35, 0xF775, 0xC572, 0x10AA, 0x2A4A, 0x63F0, 0x7473, 0x95D8, 0xD2EA, 0xBCCF, 0x0000},
  {0x0000, 0xBF5E, 0x1946, 0xC7BF, 0x4ACC, 0x18C4, 0x1083, 0xAEBB, 0x8D56, 0xCFBF, 0x18E9, 0x7473, 0x322A, 0x63D0, 0x95D8, 0x0000},
  {0x0000, 0xE7BE, 0x1905, 0xBF3E, 0x530C, 0x9D35, 0xAEBB, 0x10C9, 0x324A, 0x7472, 0x6BF0, 0x95D8, 0x41E8, 0xC617, 0x83F0, 0x0000},
  {0x0000, 0xDD2D, 0x0841, 0x5AA9, 0xB44B, 0xCFBF, 0xAEDC, 0x41C6, 0x9BAB, 0x9555, 0x4A07, 0x7452, 0x108A, 0x2A4A, 0x63D0, 0xCE35},
  {0x0000, 0x0841, 0xE6D6, 0x5AEB, 0xDF9C, 0xB71D, 0x9D54, 0x18E9, 0x322A, 0xC5D3, 0x7452, 0x63D1, 0x83ED, 0x8C0E, 0x95D8, 0x4A07},
  {0x0000, 0xEFBE, 0x0841, 0xB71D, 0x553C, 0x52EC, 0x9514, 0x6453, 0x326B, 0x10C9, 0x63D1, 0x95D8, 0x3B72, 0x0000, 0x0000, 0x0000},
  {0x0000, 0xEFBE, 0x0841, 0xA534, 0xB71D, 0x5B0D, 0x324A, 0x7473, 0x10C9, 0x6BD0, 0x9DF8, 0x6AA5, 0xC617, 0x93A6, 0x83F0, 0x0000},
  {0x0000, 0xAE7B, 0xC75E, 0x1905, 0xBF5E, 0x7DBB, 0x95DA, 0x4ACC, 0x8D56, 0x6C32, 0xD673, 0x63D1, 0x108A, 0x2A4A, 0xBE35, 0x0000},
  {0x0000, 0xEF9F, 0xBF3D, 0x0041, 0x534C, 0x9515, 0x5D4C, 0xE32B, 0x6E6E, 0x7452, 0x324A, 0x10AA, 0x5945, 0xA269, 0xA5F8, 0x6BF0},
};

static const uint8_t SHOP_ICON_PIXELS[SHOP_TOTAL_ITEMS][512] PROGMEM = {
  {
    0x00, 0x00, 0x00, 0x00, 0x00, 0x00, 0x00, 0x00, 0x00, 0x00, 0x00, 0x00, 0x00, 0x00, 0x00, 0x00, 0x00, 0x00, 0x00, 0x00, 0x00, 0x00, 0x00, 0x00,
    0x00, 0x00, 0x00, 0x00, 0x00, 0x00, 0x00, 0x00, 0x00, 0x00, 0x00, 0x00, 0x00, 0x00, 0x02, 0x00, 0x00, 0x00, 0x00, 0x00, 0x00, 0x00, 0x00, 0x00,
    0x00, 0x00, 0x00, 0x00, 0x00, 0x00, 0x02, 0x20, 0x00, 0x00, 0x00, 0x00, 0x00, 0x00, 0x00, 0x00, 0x00, 0x00, 0x00, 0x00, 0x00, 0x00, 0x00, 0x22,
    0x00, 0x00, 0x00, 0x00, 0x00, 0x00, 0x00, 0x00, 0x00, 0x00, 0x00, 0x00, 0x00, 0x00, 0x00, 0x02, 0x00, 0x02, 0x22, 0x00, 0x00, 0x00, 0x00, 0x00,
    0x00, 0x00, 0x00, 0x00, 0x00, 0x00, 0x00, 0x02, 0x02, 0x28, 0x88, 0x22, 0x00, 0x00, 0x00, 0x00, 0x00, 0x00, 0x00, 0x00, 0x00, 0x00, 0x00, 0x02,
    0x02, 0x2B, 0x9C, 0xB8, 0x20, 0x00, 0x00, 0x00, 0x00, 0x00, 0x00, 0x22, 0x22, 0x22, 0x00, 0x02, 0x00, 0x22, 0xDC, 0x99, 0x82, 0x00, 0x00, 0x00,
    0x00, 0x00, 0x22, 0x47, 0x66, 0x54, 0x22, 0x20, 0x22, 0x75, 0x22, 0xAA, 0xA2, 0x40, 0x00, 0x00, 0x00, 0x00, 0x25, 0x11, 0x11, 0x11, 0x74, 0x22,
    0x24, 0x61, 0x15, 0x44, 0x55, 0x54, 0x00, 0x00, 0x00, 0x02, 0x41, 0x11, 0x11, 0x11, 0x11, 0x11, 0x11, 0x11, 0x11, 0x11, 0x63, 0x32, 0x20, 0x00,
    0x00, 0x02, 0x61, 0x11, 0x11, 0x11, 0x11, 0x11, 0x11, 0x11, 0x11, 0x11, 0x13, 0x35, 0x20, 0x00, 0x00, 0x24, 0x11, 0x11, 0x11, 0x11, 0x11, 0x11,
    0x11, 0x11, 0x11, 0x11, 0x16, 0x33, 0x22, 0x00, 0x00, 0x24, 0x11, 0x11, 0x11, 0x11, 0x11, 0x11, 0x11, 0x11, 0x11, 0x11, 0x16, 0x33, 0x42, 0x00,
    0x00, 0x25, 0x11, 0x11, 0x11, 0x11, 0x11, 0x11, 0x11, 0x11, 0x11, 0x11, 0x11, 0x33, 0x42, 0x00, 0x00, 0x27, 0x11, 0x11, 0x11, 0x11, 0x11, 0x11,
    0x11, 0x11, 0x11, 0x11, 0x11, 0x33, 0x42, 0x00, 0x00, 0x27, 0x11, 0x11, 0x11, 0x11, 0x11, 0x11, 0x11, 0x11, 0x11, 0x11, 0x11, 0x33, 0x42, 0x00,
    0x00, 0x25, 0x11, 0x11, 0x11, 0x11, 0x11, 0x11, 0x11, 0x11, 0x11, 0x11, 0x16, 0x33, 0x42, 0x00, 0x00, 0x24, 0x11, 0x11, 0x11, 0x11, 0x11, 0x11,
    0x11, 0x11, 0x11, 0x11, 0x16, 0x33, 0x22, 0x00, 0x00, 0x24, 0x11, 0x11, 0x11, 0x11, 0x11, 0x11, 0x11, 0x11, 0x11, 0x11, 0x13, 0x35, 0x22, 0x00,
    0x00, 0x02, 0x11, 0x11, 0x11, 0x11, 0x11, 0x11, 0x11, 0x11, 0x11, 0x11, 0x63, 0x35, 0x20, 0x00, 0x00, 0x02, 0x51, 0x11, 0x11, 0x11, 0x11, 0x11,
    0x11, 0x11, 0x11, 0x11, 0x33, 0x34, 0x20, 0x00, 0x00, 0x02, 0x21, 0x11, 0x11, 0x11, 0x11, 0x11, 0x11, 0x11, 0x11, 0x13, 0x33, 0x52, 0x00, 0x00,
    0x00, 0x00, 0x24, 0x11, 0x11, 0x11, 0x11, 0x11, 0x11, 0x11, 0x11, 0x63, 0x33, 0x22, 0x00, 0x00, 0x00, 0x00, 0x02, 0x71, 0x11, 0x11, 0x11, 0x11,
    0x11, 0x11, 0x13, 0x33, 0x34, 0x20, 0x00, 0x00, 0x00, 0x00, 0x02, 0x27, 0x11, 0x11, 0x11, 0x11, 0x11, 0x16, 0x33, 0x33, 0x42, 0x40, 0x00, 0x00,
    0x00, 0x00, 0x00, 0x22, 0x51, 0x11, 0x11, 0x54, 0x45, 0x33, 0x33, 0x34, 0x24, 0x00, 0x00, 0x00, 0x00, 0x00, 0x00, 0x02, 0x22, 0x45, 0x42, 0x22,
    0x22, 0x44, 0x44, 0x22, 0x00, 0x00, 0x00, 0x00, 0x00, 0x00, 0x00, 0x00, 0x02, 0x22, 0x22, 0x00, 0x00, 0x22, 0x22, 0x20, 0x00, 0x00, 0x00, 0x00,
    0x00, 0x00, 0x00, 0x00, 0x00, 0x00, 0x00, 0x00, 0x00, 0x00, 0x00, 0x00, 0x00, 0x00, 0x00, 0x00, 0x00, 0x00, 0x00, 0x00, 0x00, 0x00, 0x00, 0x00,
    0x00, 0x00, 0x00, 0x00, 0x00, 0x00, 0x00, 0x00,
  },
  {
    0x00, 0x00, 0x00, 0x00, 0x00, 0x00, 0x00, 0x00, 0x00, 0x00, 0x00, 0x00, 0x00, 0x00, 0x00, 0x00, 0x00, 0x00, 0x00, 0x00, 0x00, 0x00, 0x00, 0x00,
    0x00, 0x00, 0x00, 0x00, 0x00, 0x00, 0x00, 0x00, 0x00, 0x00, 0x00, 0x00, 0x00, 0x00, 0x00, 0x00, 0x00, 0x00, 0x00, 0x00, 0x10, 0x00, 0x00, 0x00,
    0x00, 0x00, 0x00, 0x00, 0x00, 0x00, 0x00, 0x00, 0x00, 0x00, 0x00, 0x00, 0x10, 0x00, 0x00, 0x00, 0x00, 0x00, 0x00, 0x00, 0x00, 0x00, 0x00, 0x00,
    0x00, 0x00, 0x00, 0x00, 0x11, 0x00, 0x00, 0x00, 0x00, 0x00, 0x00, 0x00, 0x00, 0x00, 0x00, 0x00, 0x00, 0x00, 0x00, 0x00, 0x00, 0x00, 0x00, 0x00,
    0x00, 0x00, 0x00, 0x00, 0x00, 0x00, 0x00, 0x00, 0x00, 0x00, 0x00, 0x01, 0x11, 0x10, 0x00, 0x00, 0x00, 0x00, 0x00, 0x00, 0x00, 0x00, 0x00, 0x00,
    0x00, 0x00, 0x00, 0x01, 0x56, 0x10, 0x00, 0x00, 0x00, 0x00, 0x00, 0x00, 0x00, 0x00, 0x00, 0x00, 0x00, 0x00, 0x00, 0x09, 0x82, 0xB1, 0x00, 0x00,
    0x00, 0x00, 0x00, 0x00, 0x00, 0x00, 0x00, 0x00, 0x00, 0x00, 0x00, 0x14, 0x82, 0x41, 0x00, 0x00, 0x00, 0x00, 0x00, 0x00, 0x00, 0x00, 0x00, 0x00,
    0x00, 0x00, 0x00, 0x14, 0x72, 0x61, 0x00, 0x00, 0x00, 0x00, 0x00, 0x00, 0x00, 0x00, 0x00, 0x00, 0x00, 0x00, 0x00, 0x15, 0x83, 0x31, 0x00, 0x00,
    0x00, 0x00, 0x00, 0x00, 0x00, 0x00, 0x00, 0x00, 0x00, 0x00, 0x00, 0x98, 0x46, 0x31, 0x00, 0x00, 0x00, 0x00, 0x00, 0x00, 0x00, 0x00, 0x00, 0x00,
    0x00, 0x00, 0x01, 0x47, 0xB6, 0x39, 0x00, 0x00, 0x00, 0x00, 0x00, 0x00, 0x00, 0x00, 0x00, 0x00, 0x00, 0x00, 0x01, 0x22, 0x93, 0x39, 0x00, 0x00,
    0x00, 0x00, 0x00, 0x00, 0x00, 0x00, 0x00, 0x00, 0x00, 0x00, 0x14, 0x75, 0xC3, 0x31, 0x00, 0x00, 0x00, 0x00, 0x00, 0x00, 0x00, 0x00, 0x00, 0x00,
    0x00, 0x00, 0x12, 0x74, 0xE2, 0x31, 0x00, 0x00, 0x00, 0x00, 0x00, 0x00, 0x00, 0x00, 0x00, 0x00, 0x00, 0x01, 0x47, 0x8B, 0x62, 0x61, 0x00, 0x00,
    0x00, 0x00, 0x00, 0x00, 0x00, 0x00, 0x00, 0x00, 0x00, 0x1E, 0x87, 0x5C, 0x32, 0x41, 0x00, 0x00, 0x00, 0x00, 0x00, 0x00, 0x00, 0x00, 0x00, 0x00,
    0x01, 0xC2, 0x78, 0xB6, 0x23, 0xC0, 0x00, 0x00, 0x00, 0x00, 0x00, 0x00, 0x00, 0x00, 0x00, 0x00, 0x19, 0x28, 0x76, 0xC3, 0x26, 0x10, 0x00, 0x00,
    0x00, 0x00, 0x00, 0x00, 0x00, 0x00, 0x00, 0x01, 0xB2, 0x77, 0x51, 0x5A, 0x3C, 0x10, 0x00, 0x00, 0x00, 0x00, 0x00, 0x00, 0x00, 0x00, 0x01, 0x14,
    0x27, 0x75, 0x16, 0xAA, 0x41, 0x00, 0x00, 0x00, 0x00, 0x00, 0x00, 0x00, 0x00, 0x00, 0x19, 0x57, 0x78, 0x51, 0x6A, 0xA6, 0x10, 0x00, 0x00, 0x00,
    0x00, 0x00, 0x00, 0x00, 0x01, 0x19, 0x42, 0x28, 0x5B, 0xC5, 0xAA, 0x5D, 0x10, 0x00, 0x00, 0x00, 0x00, 0x00, 0x01, 0x11, 0x94, 0x58, 0x72, 0x5B,
    0x94, 0x3A, 0xA5, 0xD1, 0x00, 0x00, 0x00, 0x00, 0x00, 0x00, 0x14, 0x55, 0x28, 0x54, 0xB9, 0xB6, 0x32, 0x23, 0x41, 0x10, 0x00, 0x00, 0x00, 0x00,
    0x00, 0x00, 0x1E, 0x32, 0x2A, 0xE4, 0x63, 0x22, 0xA3, 0x6C, 0x10, 0x00, 0x00, 0x00, 0x00, 0x00, 0x00, 0x00, 0x01, 0x1B, 0x46, 0x33, 0x33, 0x66,
    0xED, 0x11, 0x00, 0x00, 0x00, 0x00, 0x00, 0x00, 0x00, 0x00, 0x00, 0x01, 0x11, 0x1D, 0xDD, 0x11, 0x10, 0x00, 0x00, 0x00, 0x00, 0x00, 0x00, 0x00,
    0x00, 0x00, 0x00, 0x00, 0x00, 0x00, 0x00, 0x00, 0x00, 0x00, 0x00, 0x00, 0x00, 0x00, 0x00, 0x00, 0x00, 0x00, 0x00, 0x00, 0x00, 0x00, 0x00, 0x00,
    0x00, 0x00, 0x00, 0x00, 0x00, 0x00, 0x00, 0x00,
  },
  {
    0x00, 0x00, 0x00, 0x00, 0x00, 0x00, 0x00, 0x00, 0x00, 0x00, 0x00, 0x00, 0x00, 0x00, 0x00, 0x00, 0x00, 0x00, 0x00, 0x00, 0x00, 0x00, 0x00, 0x00,
    0x00, 0x00, 0x00, 0x00, 0x00, 0x00, 0x00, 0x00, 0x00, 0x00, 0x00, 0x00, 0x00, 0x00, 0x44, 0x00, 0x00, 0x04, 0x44, 0x40, 0x00, 0x00, 0x00, 0x00,
    0x00, 0x00, 0x00, 0x00, 0x00, 0x00, 0x04, 0x40, 0x04, 0x46, 0x66, 0x24, 0x00, 0x00, 0x00, 0x00, 0x00, 0x00, 0x00, 0x00, 0x00, 0x00, 0x00, 0x24,
    0x42, 0x89, 0x9A, 0x86, 0x44, 0x00, 0x00, 0x00, 0x00, 0x00, 0x00, 0x00, 0x00, 0x02, 0x45, 0x12, 0x28, 0x99, 0x99, 0xA8, 0x40, 0x00, 0x00, 0x00,
    0x00, 0x00, 0x00, 0x00, 0x02, 0x42, 0x68, 0x12, 0x28, 0x99, 0x99, 0x82, 0x40, 0x00, 0x00, 0x00, 0x00, 0x00, 0x00, 0x00, 0x22, 0x71, 0xA1, 0x15,
    0x22, 0x2B, 0xB6, 0x25, 0x00, 0x00, 0x00, 0x00, 0x00, 0x00, 0x00, 0x04, 0x51, 0x11, 0x11, 0x11, 0x18, 0x62, 0x25, 0x75, 0x20, 0x00, 0x00, 0x00,
    0x00, 0x00, 0x00, 0x46, 0x11, 0x11, 0x11, 0x11, 0x11, 0x11, 0x11, 0x37, 0x45, 0x00, 0x00, 0x00, 0x00, 0x00, 0x02, 0x21, 0x11, 0x11, 0x11, 0x11,
    0x11, 0x11, 0x11, 0x33, 0x72, 0x70, 0x00, 0x00, 0x00, 0x00, 0x22, 0x11, 0x11, 0x11, 0x11, 0x11, 0x11, 0x11, 0x11, 0x13, 0x35, 0x20, 0x00, 0x00,
    0x00, 0x00, 0x26, 0x11, 0x11, 0x11, 0x11, 0x11, 0x11, 0x11, 0x11, 0x13, 0x37, 0x26, 0x00, 0x00, 0x00, 0x00, 0x41, 0x11, 0x11, 0x11, 0x11, 0x11,
    0x11, 0x11, 0x11, 0x11, 0x33, 0x22, 0x00, 0x00, 0x00, 0x02, 0x21, 0x11, 0x11, 0x11, 0x11, 0x11, 0x11, 0x11, 0x11, 0x11, 0x33, 0x52, 0x00, 0x00,
    0x00, 0x02, 0x61, 0x11, 0x11, 0x11, 0x11, 0x11, 0x11, 0x11, 0x11, 0x11, 0x33, 0x72, 0x00, 0x00, 0x00, 0x04, 0x6A, 0x11, 0x11, 0x11, 0x11, 0x11,
    0x11, 0x11, 0x11, 0x11, 0x33, 0x74, 0x00, 0x00, 0x00, 0x04, 0x6A, 0x11, 0x11, 0x11, 0x11, 0x11, 0x11, 0x11, 0x11, 0x11, 0x33, 0x34, 0x00, 0x00,
    0x00, 0x04, 0x61, 0x11, 0x11, 0x11, 0x11, 0x11, 0x11, 0x11, 0x11, 0x11, 0x33, 0x72, 0x00, 0x00, 0x00, 0x02, 0x51, 0x11, 0x11, 0x11, 0x11, 0x11,
    0x11, 0x11, 0x11, 0x11, 0x33, 0x72, 0x00, 0x00, 0x00, 0x05, 0x21, 0x11, 0x11, 0x11, 0x11, 0x11, 0x11, 0x11, 0x11, 0x13, 0x33, 0x52, 0x00, 0x00,
    0x00, 0x00, 0x47, 0x11, 0x16, 0x88, 0x81, 0x11, 0x11, 0x11, 0x11, 0x13, 0x33, 0x22, 0x00, 0x00, 0x00, 0x00, 0x22, 0x11, 0x11, 0x17, 0x81, 0x11,
    0x11, 0x11, 0x11, 0x13, 0x35, 0x20, 0x00, 0x00, 0x00, 0x00, 0x04, 0x6A, 0x11, 0x61, 0x11, 0x11, 0x11, 0x11, 0x11, 0x33, 0x32, 0x50, 0x00, 0x00,
    0x00, 0x00, 0x02, 0x48, 0xA1, 0x11, 0x11, 0x11, 0x11, 0x11, 0x13, 0x33, 0x22, 0x00, 0x00, 0x00, 0x00, 0x00, 0x00, 0x22, 0x7A, 0x11, 0x11, 0x11,
    0x11, 0x11, 0x33, 0x32, 0x20, 0x00, 0x00, 0x00, 0x00, 0x00, 0x00, 0x02, 0x46, 0x11, 0x11, 0x11, 0x11, 0x13, 0x37, 0x22, 0x00, 0x00, 0x00, 0x00,
    0x00, 0x00, 0x00, 0x00, 0x54, 0x27, 0x11, 0xAA, 0x11, 0x37, 0x52, 0x20, 0x00, 0x00, 0x00, 0x00, 0x00, 0x00, 0x00, 0x00, 0x00, 0x22, 0x25, 0x66,
    0x55, 0x24, 0x25, 0x00, 0x00, 0x00, 0x00, 0x00, 0x00, 0x00, 0x00, 0x00, 0x00, 0x00, 0x52, 0x44, 0x42, 0x50, 0x00, 0x00, 0x00, 0x00, 0x00, 0x00,
    0x00, 0x00, 0x00, 0x00, 0x00, 0x00, 0x00, 0x00, 0x00, 0x00, 0x00, 0x00, 0x00, 0x00, 0x00, 0x00, 0x00, 0x00, 0x00, 0x00, 0x00, 0x00, 0x00, 0x00,
    0x00, 0x00, 0x00, 0x00, 0x00, 0x00, 0x00, 0x00,
  },
  {
    0x00, 0x00, 0x00, 0x00, 0x00, 0x00, 0x00, 0x00, 0x00, 0x00, 0x00, 0x00, 0x00, 0x00, 0x00, 0x00, 0x00, 0x00, 0x00, 0x00, 0x00, 0x00, 0x00, 0x00,
    0x00, 0x00, 0x00, 0x00, 0x00, 0x00, 0x00, 0x00, 0x00, 0x00, 0x00, 0x00, 0x01, 0x11, 0x10, 0x00, 0x00, 0x00, 0x00, 0x00, 0x00, 0x00, 0x00, 0x00,
    0x00, 0x00, 0x00, 0x01, 0x11, 0x11, 0x11, 0x10, 0x00, 0x00, 0x00, 0x10, 0x00, 0x00, 0x00, 0x00, 0x00, 0x00, 0x00, 0x11, 0x10, 0x00, 0x00, 0x10,
    0x00, 0x00, 0x01, 0x10, 0x00, 0x00, 0x00, 0x00, 0x00, 0x00, 0x01, 0x10, 0x00, 0x00, 0x00, 0x11, 0x11, 0x11, 0x11, 0x00, 0x00, 0x00, 0x00, 0x00,
    0x00, 0x00, 0x00, 0x00, 0x00, 0x00, 0x00, 0x01, 0x11, 0x11, 0x00, 0x00, 0x00, 0x00, 0x00, 0x00, 0x00, 0x00, 0x00, 0x00, 0x00, 0x00, 0x00, 0x01,
    0x10, 0x00, 0x00, 0x00, 0x00, 0x00, 0x00, 0x00, 0x00, 0x00, 0x00, 0x01, 0x11, 0x10, 0x11, 0x11, 0x11, 0x11, 0x01, 0x11, 0x10, 0x00, 0x00, 0x00,
    0x00, 0x00, 0x00, 0x14, 0x22, 0x31, 0x4B, 0x23, 0x38, 0x89, 0x13, 0x88, 0xA1, 0x00, 0x00, 0x00, 0x00, 0x00, 0x01, 0x47, 0x67, 0x34, 0x75, 0x63,
    0xB7, 0x22, 0x43, 0x22, 0x2A, 0x10, 0x00, 0x00, 0x00, 0x00, 0x01, 0x26, 0x6B, 0x35, 0x66, 0x83, 0x66, 0x22, 0x23, 0x82, 0x28, 0x10, 0x00, 0x00,
    0x00, 0x00, 0x01, 0x85, 0x65, 0x32, 0x57, 0x23, 0x66, 0x22, 0x83, 0x82, 0x24, 0x10, 0x00, 0x00, 0x00, 0x00, 0x01, 0x36, 0xB3, 0x33, 0x38, 0x31,
    0x47, 0x58, 0x33, 0x33, 0x43, 0x10, 0x00, 0x00, 0x00, 0x00, 0x00, 0x13, 0x34, 0x55, 0x41, 0x42, 0x33, 0x93, 0x45, 0x29, 0x11, 0x00, 0x00, 0x00,
    0x00, 0x00, 0x00, 0x01, 0x47, 0x67, 0x8A, 0x75, 0x29, 0x3A, 0x76, 0x22, 0x91, 0x00, 0x00, 0x00, 0x00, 0x00, 0x00, 0x01, 0x85, 0x55, 0x44, 0x75,
    0x2C, 0x94, 0x75, 0x22, 0x41, 0x00, 0x00, 0x00, 0x00, 0x00, 0x00, 0x01, 0x47, 0x67, 0x43, 0x26, 0x28, 0x33, 0x65, 0x22, 0x91, 0x00, 0x00, 0x00,
    0x00, 0x00, 0x00, 0x00, 0x12, 0x69, 0x39, 0x33, 0x43, 0xA3, 0x32, 0x24, 0x30, 0x00, 0x00, 0x00, 0x00, 0x00, 0x00, 0x00, 0x01, 0x33, 0x65, 0x59,
    0x1B, 0x62, 0x43, 0x31, 0x00, 0x00, 0x00, 0x00, 0x00, 0x00, 0x00, 0x00, 0x00, 0x1B, 0x55, 0x59, 0x47, 0xB2, 0x2A, 0x10, 0x00, 0x00, 0x00, 0x00,
    0x00, 0x00, 0x00, 0x00, 0x00, 0x3B, 0x66, 0x7A, 0x27, 0x52, 0x29, 0x10, 0x00, 0x00, 0x00, 0x00, 0x00, 0x00, 0x00, 0x00, 0x00, 0x12, 0x75, 0x23,
    0x38, 0x52, 0x23, 0x10, 0x00, 0x00, 0x00, 0x00, 0x00, 0x00, 0x00, 0x00, 0x00, 0x13, 0x24, 0x14, 0x93, 0x38, 0xA1, 0x00, 0x00, 0x00, 0x00, 0x00,
    0x00, 0x00, 0x00, 0x00, 0x00, 0x00, 0x11, 0x87, 0x22, 0xA1, 0x10, 0x00, 0x00, 0x00, 0x00, 0x00, 0x00, 0x00, 0x00, 0x00, 0x00, 0x00, 0x1A, 0x76,
    0x22, 0x81, 0x00, 0x00, 0x00, 0x00, 0x00, 0x00, 0x00, 0x00, 0x00, 0x00, 0x00, 0x00, 0x19, 0x75, 0x22, 0x81, 0x00, 0x00, 0x00, 0x00, 0x00, 0x00,
    0x00, 0x00, 0x00, 0x00, 0x00, 0x00, 0x01, 0xB7, 0x22, 0x91, 0x00, 0x00, 0x00, 0x00, 0x00, 0x00, 0x00, 0x00, 0x00, 0x00, 0x00, 0x00, 0x01, 0x34,
    0x8A, 0x10, 0x00, 0x00, 0x00, 0x00, 0x00, 0x00, 0x00, 0x00, 0x00, 0x00, 0x00, 0x00, 0x00, 0x11, 0x11, 0x00, 0x00, 0x00, 0x00, 0x00, 0x00, 0x00,
    0x00, 0x00, 0x00, 0x00, 0x00, 0x00, 0x00, 0x00, 0x00, 0x00, 0x00, 0x00, 0x00, 0x00, 0x00, 0x00, 0x00, 0x00, 0x00, 0x00, 0x00, 0x00, 0x00, 0x00,
    0x00, 0x00, 0x00, 0x00, 0x00, 0x00, 0x00, 0x00,
  },
  {
    0x00, 0x00, 0x00, 0x00, 0x00, 0x00, 0x00, 0x00, 0x00, 0x00, 0x00, 0x00, 0x00, 0x00, 0x00, 0x00, 0x00, 0x00, 0x00, 0x00, 0x00, 0x00, 0x00, 0x00,
    0x00, 0x00, 0x00, 0x00, 0x00, 0x00, 0x00, 0x00, 0x00, 0x00, 0x00, 0x22, 0x00, 0x00, 0x00, 0x00, 0x00, 0x00, 0x00, 0x00, 0x00, 0x00, 0x00, 0x00,
    0x00, 0x00, 0x02, 0x33, 0x20, 0x00, 0x00, 0x00, 0x00, 0x00, 0x00, 0x00, 0x00, 0x00, 0x00, 0x00, 0x00, 0x00, 0x02, 0x58, 0x23, 0x00, 0x00, 0x00,
    0x00, 0x00, 0x00, 0x00, 0x00, 0x00, 0x00, 0x00, 0x00, 0x00, 0x28, 0x82, 0x97, 0x20, 0x00, 0x00, 0x00, 0x00, 0x00, 0x00, 0x00, 0x00, 0x00, 0x00,
    0x00, 0x02, 0x35, 0x2A, 0x61, 0x72, 0x00, 0x00, 0x00, 0x00, 0x00, 0x00, 0x00, 0x00, 0x00, 0x00, 0x00, 0x02, 0xC8, 0x34, 0x11, 0x17, 0x20, 0x00,
    0x00, 0x00, 0x00, 0x00, 0x00, 0x00, 0x00, 0x00, 0x00, 0x03, 0x52, 0xA6, 0x97, 0x11, 0x72, 0x00, 0x00, 0x00, 0x00, 0x00, 0x00, 0x00, 0x00, 0x00,
    0x00, 0x28, 0x83, 0x64, 0x99, 0x11, 0x17, 0x20, 0x00, 0x00, 0x00, 0x00, 0x00, 0x00, 0x00, 0x00, 0x00, 0x28, 0x37, 0x61, 0x44, 0x11, 0x11, 0x73,
    0x00, 0x00, 0x00, 0x00, 0x00, 0x00, 0x00, 0x00, 0x00, 0x25, 0x3B, 0x61, 0x11, 0x11, 0x11, 0x17, 0x30, 0x00, 0x00, 0x00, 0x00, 0x00, 0x00, 0x00,
    0x00, 0x25, 0x3A, 0x41, 0x11, 0x11, 0x11, 0x11, 0x73, 0x00, 0x00, 0x00, 0x00, 0x00, 0x00, 0x00, 0x00, 0x35, 0x39, 0x41, 0x11, 0x11, 0x11, 0x11,
    0x17, 0x30, 0x00, 0x00, 0x00, 0x00, 0x00, 0x00, 0x00, 0x35, 0x39, 0x41, 0x41, 0x11, 0x41, 0x11, 0x11, 0x73, 0x00, 0x00, 0x00, 0x00, 0x00, 0x00,
    0x00, 0x25, 0x3A, 0x66, 0xBE, 0x14, 0xBA, 0x61, 0x11, 0x17, 0x30, 0x00, 0x00, 0x00, 0x00, 0x00, 0x00, 0x2C, 0x3B, 0x69, 0xA1, 0x11, 0xAE, 0x41,
    0x11, 0x11, 0x73, 0x00, 0x00, 0x00, 0x00, 0x00, 0x00, 0x28, 0x83, 0x11, 0x61, 0x11, 0x44, 0x11, 0x41, 0x11, 0x17, 0x30, 0x00, 0x00, 0x00, 0x00,
    0x00, 0x23, 0x52, 0x94, 0x11, 0x11, 0x11, 0x16, 0xA1, 0x11, 0x11, 0x73, 0x00, 0x00, 0x00, 0x00, 0x00, 0x02, 0x53, 0x76, 0x11, 0x44, 0x11, 0x4A,
    0xB4, 0x11, 0x14, 0x17, 0x30, 0x00, 0x00, 0x00, 0x00, 0x02, 0xD5, 0x29, 0x44, 0xAA, 0x41, 0x11, 0x41, 0x11, 0x11, 0x11, 0x73, 0x00, 0x00, 0x00,
    0x00, 0x00, 0x25, 0x83, 0x14, 0xB9, 0x41, 0x11, 0x11, 0x11, 0x11, 0x11, 0x17, 0x20, 0x00, 0x00, 0x00, 0x00, 0x23, 0x53, 0x31, 0x61, 0x11, 0x14,
    0x61, 0x11, 0x14, 0x97, 0x11, 0x73, 0x00, 0x00, 0x00, 0x00, 0x02, 0xD5, 0x33, 0x66, 0x11, 0x4A, 0x71, 0x11, 0x14, 0x99, 0x46, 0xB2, 0x20, 0x00,
    0x00, 0x00, 0x00, 0x28, 0x53, 0x3A, 0x46, 0x49, 0xE1, 0x11, 0x11, 0x66, 0x93, 0x35, 0x32, 0x00, 0x00, 0x00, 0x00, 0x02, 0x35, 0x82, 0x3A, 0x66,
    0x66, 0x66, 0x61, 0x97, 0x23, 0x58, 0x20, 0x00, 0x00, 0x00, 0x00, 0x00, 0x23, 0xC5, 0x82, 0x23, 0xBB, 0xBB, 0x73, 0x23, 0x55, 0x32, 0x00, 0x00,
    0x00, 0x00, 0x00, 0x00, 0x02, 0x23, 0xC5, 0x88, 0xD3, 0x3D, 0x88, 0x55, 0x82, 0x20, 0x00, 0x00, 0x00, 0x00, 0x00, 0x00, 0x00, 0x02, 0x23, 0xD8,
    0xC5, 0x55, 0x88, 0x32, 0x20, 0x00, 0x00, 0x00, 0x00, 0x00, 0x00, 0x00, 0x00, 0x00, 0x00, 0x22, 0x22, 0x22, 0x22, 0x00, 0x00, 0x00, 0x00, 0x00,
    0x00, 0x00, 0x00, 0x00, 0x00, 0x00, 0x00, 0x00, 0x00, 0x00, 0x00, 0x00, 0x00, 0x00, 0x00, 0x00, 0x00, 0x00, 0x00, 0x00, 0x00, 0x00, 0x00, 0x00,
    0x00, 0x00, 0x00, 0x00, 0x00, 0x00, 0x00, 0x00,
  },
  {
    0x00, 0x00, 0x00, 0x00, 0x00, 0x00, 0x00, 0x00, 0x00, 0x00, 0x00, 0x00, 0x00, 0x00, 0x00, 0x00, 0x00, 0x00, 0x00, 0x00, 0x00, 0x00, 0x00, 0x00,
    0x00, 0x00, 0x00, 0x00, 0x00, 0x00, 0x00, 0x00, 0x00, 0x00, 0x00, 0x00, 0x00, 0x00, 0x00, 0x00, 0x00, 0x00, 0x00, 0x00, 0x00, 0x00, 0x00, 0x00,
    0x00, 0x00, 0x00, 0x00, 0x00, 0x00, 0x11, 0x11, 0x11, 0x11, 0x00, 0x00, 0x00, 0x00, 0x00, 0x00, 0x00, 0x00, 0x00, 0x00, 0x01, 0x11, 0x17, 0x44,
    0x44, 0x71, 0x11, 0x10, 0x00, 0x00, 0x00, 0x00, 0x00, 0x00, 0x00, 0x01, 0x17, 0x29, 0x93, 0x33, 0x33, 0x39, 0x52, 0x71, 0x10, 0x00, 0x00, 0x00,
    0x00, 0x00, 0x01, 0x17, 0x63, 0x33, 0x33, 0x33, 0x33, 0x33, 0x35, 0x52, 0x71, 0x10, 0x00, 0x00, 0x00, 0x00, 0x11, 0x23, 0x33, 0x33, 0x33, 0x33,
    0x33, 0x33, 0x39, 0x55, 0x52, 0x11, 0x00, 0x00, 0x00, 0x01, 0x16, 0x33, 0x33, 0x33, 0x33, 0x33, 0x33, 0x33, 0x39, 0x55, 0x55, 0x21, 0x10, 0x00,
    0x00, 0x01, 0x23, 0x93, 0x33, 0x33, 0x33, 0x33, 0x33, 0x33, 0x33, 0x55, 0x55, 0x52, 0x10, 0x00, 0x00, 0x11, 0x33, 0x33, 0x33, 0x33, 0x33, 0x33,
    0x33, 0x33, 0x33, 0x95, 0x55, 0x55, 0x11, 0x00, 0x00, 0x11, 0x22, 0x22, 0x22, 0x22, 0x22, 0x22, 0x22, 0x22, 0x22, 0x24, 0x44, 0x42, 0x11, 0x00,
    0x00, 0x01, 0x11, 0x11, 0x11, 0x11, 0x11, 0x11, 0x11, 0x11, 0x11, 0x11, 0x11, 0x11, 0x10, 0x00, 0x00, 0x00, 0x88, 0x88, 0x85, 0x55, 0x88, 0x88,
    0x88, 0x88, 0x55, 0x5A, 0xAA, 0xAA, 0x00, 0x00, 0x00, 0x11, 0x58, 0x5D, 0x11, 0x11, 0x17, 0x25, 0x52, 0x71, 0x11, 0x11, 0xDD, 0xAD, 0x11, 0x00,
    0x00, 0x41, 0x11, 0x11, 0x46, 0x66, 0x6B, 0x11, 0x11, 0xB6, 0x61, 0x6B, 0x11, 0x11, 0x1B, 0x00, 0x00, 0x01, 0x64, 0xC6, 0x66, 0x66, 0x66, 0xC4,
    0x4C, 0x66, 0x66, 0x6C, 0x4B, 0xB4, 0xC0, 0x00, 0x00, 0x01, 0x11, 0x11, 0x11, 0x11, 0x11, 0x11, 0x11, 0x11, 0x11, 0x11, 0x11, 0x11, 0x10, 0x00,
    0x00, 0x01, 0x42, 0x22, 0x22, 0x22, 0x11, 0x96, 0x69, 0x11, 0x22, 0x27, 0x77, 0x77, 0x10, 0x00, 0x00, 0x01, 0x26, 0x22, 0x22, 0x26, 0x21, 0x4E,
    0xE4, 0x12, 0x62, 0x24, 0x44, 0x44, 0x10, 0x00, 0x00, 0x01, 0x22, 0x22, 0x22, 0x22, 0x22, 0x14, 0x41, 0x22, 0x22, 0x24, 0x44, 0x47, 0x10, 0x00,
    0x00, 0x01, 0x26, 0x22, 0x22, 0x22, 0x26, 0x21, 0x12, 0x62, 0x26, 0x24, 0x44, 0x44, 0x10, 0x00, 0x00, 0x01, 0x42, 0x22, 0x22, 0x22, 0x22, 0x24,
    0x42, 0x22, 0x22, 0x27, 0x77, 0x77, 0x10, 0x00, 0x00, 0x01, 0x11, 0x11, 0x11, 0x11, 0x11, 0x11, 0x11, 0x11, 0x11, 0x11, 0x11, 0x11, 0x10, 0x00,
    0x00, 0x17, 0x62, 0x22, 0x22, 0x22, 0x22, 0x22, 0x22, 0x22, 0x22, 0x22, 0x22, 0x22, 0x71, 0x00, 0x00, 0x14, 0xF3, 0x33, 0x33, 0x33, 0x33, 0x33,
    0x33, 0x33, 0x33, 0x95, 0x55, 0x55, 0x71, 0x00, 0x00, 0x14, 0xF3, 0x33, 0x33, 0x33, 0x33, 0x33, 0x33, 0x33, 0x33, 0x95, 0x55, 0x59, 0x71, 0x00,
    0x00, 0x11, 0x44, 0x44, 0x44, 0x44, 0x44, 0x44, 0x44, 0x44, 0x44, 0x47, 0x77, 0x77, 0x11, 0x00, 0x00, 0x01, 0x11, 0x11, 0x11, 0x11, 0x11, 0x11,
    0x11, 0x11, 0x11, 0x11, 0x11, 0x11, 0x10, 0x00, 0x00, 0x00, 0x00, 0x00, 0x00, 0x00, 0x00, 0x00, 0x00, 0x00, 0x00, 0x00, 0x00, 0x00, 0x00, 0x00,
    0x00, 0x00, 0x00, 0x00, 0x00, 0x00, 0x00, 0x00, 0x00, 0x00, 0x00, 0x00, 0x00, 0x00, 0x00, 0x00, 0x00, 0x00, 0x00, 0x00, 0x00, 0x00, 0x00, 0x00,
    0x00, 0x00, 0x00, 0x00, 0x00, 0x00, 0x00, 0x00,
  },
  {
    0x00, 0x00, 0x00, 0x00, 0x00, 0x00, 0x00, 0x00, 0x00, 0x00, 0x00, 0x00, 0x00, 0x00, 0x00, 0x00, 0x00, 0x00, 0x00, 0x00, 0x00, 0x00, 0x00, 0x00,
    0x00, 0x00, 0x00, 0x00, 0x00, 0x00, 0x00, 0x00, 0x00, 0x05, 0x22, 0x55, 0x22, 0x50, 0x00, 0x00, 0x00, 0x00, 0x00, 0x00, 0x00, 0x00, 0x00, 0x00,
    0x00, 0x5C, 0x98, 0x11, 0x97, 0x25, 0x00, 0x00, 0x00, 0x00, 0x00, 0x00, 0x00, 0x00, 0x00, 0x00, 0x00, 0x57, 0x81, 0x21, 0x98, 0xB5, 0x00, 0x00,
    0x00, 0x00, 0x00, 0x00, 0x00, 0x00, 0x00, 0x00, 0x00, 0x51, 0x72, 0x62, 0x18, 0x72, 0x50, 0x00, 0x00, 0x00, 0x00, 0x00, 0x00, 0x00, 0x00, 0x00,
    0x00, 0x5B, 0xB1, 0xD6, 0x21, 0x99, 0xC5, 0x00, 0x00, 0x00, 0x00, 0x00, 0x00, 0x00, 0x00, 0x00, 0x00, 0x28, 0x11, 0x34, 0x32, 0x18, 0x71, 0x25,
    0x00, 0x00, 0x00, 0x00, 0x00, 0x00, 0x00, 0x00, 0x00, 0x29, 0x11, 0x36, 0x46, 0x21, 0x89, 0x91, 0x00, 0x00, 0x00, 0x00, 0x00, 0x00, 0x00, 0x00,
    0x00, 0x51, 0x11, 0x34, 0x44, 0x62, 0x18, 0x71, 0x25, 0x00, 0x00, 0x00, 0x00, 0x00, 0x00, 0x00, 0x00, 0x51, 0xB1, 0x34, 0x44, 0x46, 0x21, 0x71,
    0x81, 0x50, 0x00, 0x00, 0x00, 0x00, 0x00, 0x00, 0x00, 0x5B, 0xB1, 0x34, 0x44, 0x64, 0x32, 0x18, 0x88, 0x50, 0x00, 0x00, 0x00, 0x00, 0x00, 0x00,
    0x00, 0x52, 0x11, 0x34, 0x44, 0x34, 0x46, 0x21, 0x88, 0xE5, 0x00, 0x00, 0x00, 0x00, 0x00, 0x00, 0x00, 0xC9, 0xB1, 0x33, 0x44, 0xA6, 0x44, 0x62,
    0x18, 0x75, 0x00, 0x00, 0x00, 0x00, 0x00, 0x00, 0x00, 0x91, 0x11, 0x34, 0x3E, 0x23, 0x44, 0x46, 0x21, 0x82, 0xBC, 0x00, 0x00, 0x00, 0x00, 0x00,
    0x00, 0x21, 0x71, 0x33, 0xE2, 0x43, 0x34, 0x44, 0x62, 0xAA, 0x11, 0x50, 0x00, 0x00, 0x00, 0x00, 0x00, 0x02, 0xA1, 0x3E, 0x24, 0x36, 0x16, 0x43,
    0x43, 0x21, 0x87, 0xC2, 0x50, 0x00, 0x00, 0x00, 0x00, 0x01, 0x11, 0x41, 0x63, 0x62, 0xA4, 0x34, 0x44, 0x62, 0x18, 0x99, 0x20, 0x00, 0x00, 0x00,
    0x00, 0x09, 0x71, 0x33, 0x36, 0x2A, 0x33, 0xA6, 0x36, 0x46, 0x21, 0x99, 0x15, 0x00, 0x00, 0x00, 0x00, 0x57, 0x71, 0x34, 0x62, 0xA3, 0x3A, 0x26,
    0x44, 0x44, 0x32, 0x18, 0x71, 0x50, 0x00, 0x00, 0x00, 0x28, 0x11, 0x36, 0x2A, 0x33, 0xA2, 0x63, 0x46, 0x64, 0x43, 0x21, 0x89, 0x25, 0x50, 0x00,
    0x00, 0x29, 0x11, 0xDA, 0xA3, 0x3A, 0x26, 0x33, 0xA2, 0x64, 0x44, 0x32, 0x19, 0x7B, 0x25, 0x00, 0x00, 0x51, 0x11, 0x34, 0x33, 0xA2, 0x63, 0x3A,
    0x27, 0x34, 0x44, 0x43, 0x21, 0x88, 0x72, 0x00, 0x00, 0x51, 0x11, 0x36, 0x46, 0x26, 0x34, 0xA2, 0x73, 0x44, 0x44, 0x44, 0x62, 0x19, 0x92, 0x00,
    0x00, 0x57, 0xB1, 0x36, 0x46, 0x64, 0x46, 0x2A, 0x36, 0x44, 0x44, 0x46, 0x46, 0x21, 0x15, 0x00, 0x00, 0x5C, 0x11, 0xD3, 0x33, 0x33, 0x33, 0x3D,
    0x33, 0x33, 0x33, 0x33, 0x3D, 0x62, 0x15, 0x00, 0x00, 0x27, 0x72, 0x11, 0x11, 0x11, 0x11, 0x11, 0x11, 0x11, 0x11, 0x11, 0x11, 0x21, 0x82, 0x00,
    0x00, 0x29, 0x97, 0x1B, 0x77, 0x77, 0xA7, 0x71, 0xB1, 0x11, 0xBB, 0x11, 0x1B, 0x78, 0x92, 0x00, 0x00, 0x57, 0x97, 0x1B, 0x18, 0x7E, 0x78, 0x7C,
    0x78, 0x9C, 0xB1, 0x19, 0x8B, 0x17, 0xC5, 0x00, 0x00, 0x05, 0x22, 0x57, 0x25, 0x50, 0x02, 0x55, 0x52, 0x25, 0x55, 0x52, 0x25, 0x55, 0x50, 0x00,
    0x00, 0x00, 0x00, 0x00, 0x00, 0x00, 0x00, 0x00, 0x00, 0x00, 0x00, 0x00, 0x00, 0x00, 0x00, 0x00, 0x00, 0x00, 0x00, 0x00, 0x00, 0x00, 0x00, 0x00,
    0x00, 0x00, 0x00, 0x00, 0x00, 0x00, 0x00, 0x00,
  },
  {
    0x00, 0x00, 0x00, 0x00, 0x00, 0x00, 0x00, 0x00, 0x00, 0x00, 0x00, 0x00, 0x00, 0x00, 0x00, 0x00, 0x00, 0x00, 0x00, 0x00, 0x00, 0x00, 0x00, 0x00,
    0x00, 0x00, 0x00, 0x00, 0x00, 0x00, 0x00, 0x00, 0x00, 0x00, 0x00, 0x00, 0x00, 0x00, 0x00, 0x00, 0x00, 0x00, 0x00, 0x00, 0x00, 0x00, 0x00, 0x00,
    0x00, 0x00, 0x00, 0x00, 0x00, 0x00, 0x00, 0x00, 0x00, 0x00, 0x00, 0x00, 0x00, 0x00, 0x00, 0x00, 0x00, 0x00, 0x00, 0x00, 0x00, 0x00, 0x00, 0x00,
    0x00, 0x00, 0x00, 0x00, 0x00, 0x00, 0x00, 0x00, 0x00, 0x00, 0x00, 0x00, 0x00, 0x00, 0x00, 0x00, 0x00, 0x00, 0x00, 0x00, 0x00, 0x00, 0x00, 0x00,
    0x00, 0x00, 0x00, 0x00, 0x00, 0x00, 0x00, 0x00, 0x00, 0x00, 0x00, 0x00, 0x00, 0x00, 0x00, 0x00, 0x00, 0x08, 0x66, 0x66, 0x66, 0x66, 0x66, 0x68,
    0x86, 0x55, 0x55, 0x55, 0x55, 0x55, 0x80, 0x00, 0x00, 0x8D, 0x44, 0x44, 0x44, 0x44, 0x44, 0x4D, 0xCA, 0x33, 0x33, 0x33, 0x33, 0x33, 0xE8, 0x00,
    0x00, 0xB7, 0x27, 0x77, 0x77, 0x77, 0x77, 0x24, 0xBE, 0x41, 0x11, 0x11, 0x11, 0x11, 0x49, 0x00, 0x00, 0xC2, 0x22, 0x22, 0x22, 0x22, 0x22, 0x27,
    0xBE, 0x1A, 0x11, 0x11, 0x11, 0xA1, 0xAC, 0x00, 0x00, 0x8B, 0x22, 0x22, 0x22, 0x22, 0x22, 0x7B, 0x91, 0x11, 0x11, 0x11, 0x11, 0x11, 0xB8, 0x00,
    0x00, 0x08, 0x47, 0x22, 0x22, 0x22, 0x22, 0x2C, 0x31, 0xA1, 0x11, 0x11, 0x11, 0x13, 0x80, 0x00, 0x00, 0x06, 0x47, 0x22, 0x22, 0x22, 0x22, 0x29,
    0x31, 0x11, 0x11, 0x11, 0x11, 0x13, 0x50, 0x00, 0x00, 0x06, 0x47, 0x22, 0x22, 0x22, 0x22, 0x29, 0x31, 0x11, 0x11, 0x11, 0x11, 0x13, 0x50, 0x00,
    0x00, 0x06, 0x47, 0x22, 0x22, 0x22, 0x22, 0x29, 0x31, 0x11, 0x11, 0x11, 0x11, 0x13, 0x50, 0x00, 0x00, 0x06, 0x47, 0x22, 0x22, 0x22, 0x22, 0x29,
    0x31, 0x11, 0x11, 0x11, 0x11, 0x13, 0x50, 0x00, 0x00, 0x06, 0x47, 0x22, 0x22, 0x22, 0x22, 0x29, 0x31, 0x11, 0x11, 0x11, 0x11, 0x13, 0x50, 0x00,
    0x00, 0x06, 0x47, 0x22, 0x22, 0x22, 0x22, 0x29, 0x31, 0x11, 0x11, 0x11, 0x11, 0x13, 0x50, 0x00, 0x00, 0x06, 0x47, 0x22, 0x22, 0x22, 0x22, 0x29,
    0x31, 0x11, 0x11, 0x11, 0x11, 0x13, 0x50, 0x00, 0x00, 0x06, 0x47, 0x22, 0x22, 0x22, 0x22, 0x29, 0x31, 0x11, 0x11, 0x11, 0x11, 0x13, 0x50, 0x00,
    0x00, 0x06, 0x42, 0x22, 0x22, 0x22, 0x22, 0x29, 0x31, 0xA1, 0x11, 0x11, 0x1A, 0x13, 0x50, 0x00, 0x00, 0x06, 0x47, 0x27, 0x77, 0x77, 0x77, 0x29,
    0x31, 0x11, 0x11, 0x11, 0x11, 0x13, 0x50, 0x00, 0x00, 0x08, 0xA4, 0x44, 0x44, 0x44, 0x44, 0x4C, 0xA3, 0x33, 0x33, 0x33, 0x33, 0x3D, 0x80, 0x00,
    0x00, 0x08, 0x86, 0x66, 0x66, 0x66, 0x66, 0x58, 0x55, 0x55, 0x55, 0x55, 0x55, 0x58, 0x80, 0x00, 0x00, 0x00, 0x00, 0x00, 0x00, 0x00, 0x00, 0x00,
    0x00, 0x00, 0x00, 0x00, 0x00, 0x00, 0x00, 0x00, 0x00, 0x00, 0x00, 0x00, 0x00, 0x00, 0x00, 0x00, 0x00, 0x00, 0x00, 0x00, 0x00, 0x00, 0x00, 0x00,
    0x00, 0x00, 0x00, 0x00, 0x00, 0x00, 0x00, 0x00, 0x00, 0x00, 0x00, 0x00, 0x00, 0x00, 0x00, 0x00, 0x00, 0x00, 0x00, 0x00, 0x00, 0x00, 0x00, 0x00,
    0x00, 0x00, 0x00, 0x00, 0x00, 0x00, 0x00, 0x00, 0x00, 0x00, 0x00, 0x00, 0x00, 0x00, 0x00, 0x00, 0x00, 0x00, 0x00, 0x00, 0x00, 0x00, 0x00, 0x00,
    0x00, 0x00, 0x00, 0x00, 0x00, 0x00, 0x00, 0x00, 0x00, 0x00, 0x00, 0x00, 0x00, 0x00, 0x00, 0x00, 0x00, 0x00, 0x00, 0x00, 0x00, 0x00, 0x00, 0x00,
    0x00, 0x00, 0x00, 0x00, 0x00, 0x00, 0x00, 0x00,
  },
  {
    0x00, 0x00, 0x00, 0x00, 0x00, 0x00, 0x00, 0x00, 0x00, 0x00, 0x00, 0x00, 0x00, 0x00, 0x00, 0x00, 0x00, 0x00, 0x00, 0x00, 0x00, 0x00, 0x00, 0x00,
    0x00, 0x00, 0x00, 0x00, 0x00, 0x00, 0x00, 0x00, 0x00, 0x00, 0x00, 0x00, 0x00, 0x00, 0x00, 0x00, 0x00, 0x00, 0x00, 0x00, 0x00, 0x00, 0x00, 0x00,
    0x00, 0x00, 0x00, 0x00, 0x00, 0x00, 0x00, 0x00, 0x00, 0x00, 0x00, 0x00, 0x55, 0x50, 0x00, 0x00, 0x00, 0x00, 0x00, 0x00, 0x00, 0x00, 0x00, 0x00,
    0x00, 0x00, 0x00, 0x05, 0x55, 0x00, 0x00, 0x00, 0x00, 0x00, 0x00, 0x00, 0x00, 0x00, 0x00, 0x00, 0x00, 0x00, 0x00, 0x55, 0x00, 0x00, 0x00, 0x00,
    0x00, 0x00, 0x00, 0x00, 0x00, 0x00, 0x00, 0x00, 0x00, 0x00, 0x05, 0x50, 0x00, 0x00, 0x00, 0x00, 0x00, 0x00, 0x00, 0x00, 0x00, 0x00, 0x00, 0x00,
    0x00, 0x00, 0x6E, 0x66, 0x00, 0x00, 0x00, 0x00, 0x00, 0x00, 0x00, 0x00, 0x00, 0x00, 0x00, 0x00, 0x00, 0x05, 0xBB, 0xBA, 0x50, 0x50, 0x00, 0x00,
    0x00, 0x00, 0x00, 0x00, 0x00, 0x00, 0x00, 0x00, 0x00, 0x05, 0xAC, 0xCA, 0x79, 0x75, 0x00, 0x00, 0x00, 0x00, 0x00, 0x00, 0x00, 0x00, 0x55, 0x55,
    0x66, 0x99, 0x6A, 0xA6, 0x22, 0x29, 0x60, 0x00, 0x00, 0x00, 0x00, 0x55, 0x56, 0x67, 0x79, 0x92, 0x22, 0x22, 0x97, 0x7F, 0x22, 0x22, 0x95, 0x00,
    0x00, 0x56, 0x67, 0x79, 0x22, 0x22, 0x22, 0x22, 0x22, 0x22, 0x22, 0x22, 0x22, 0x22, 0x26, 0x00, 0x00, 0x62, 0x22, 0x22, 0x22, 0x22, 0x22, 0x22,
    0x22, 0x22, 0x22, 0x22, 0x22, 0x22, 0x27, 0x00, 0x00, 0x72, 0x29, 0x66, 0x72, 0x22, 0x22, 0x76, 0x67, 0x22, 0x22, 0x27, 0x66, 0x92, 0x27, 0x00,
    0x00, 0x72, 0x96, 0x11, 0x37, 0x22, 0x29, 0x31, 0x13, 0x92, 0x22, 0x73, 0x11, 0x69, 0x27, 0x00, 0x00, 0x72, 0x74, 0x11, 0x16, 0x22, 0x27, 0x41,
    0x14, 0x72, 0x22, 0x61, 0x11, 0x47, 0x27, 0x00, 0x00, 0x72, 0x64, 0x11, 0x16, 0xD2, 0x26, 0x11, 0x11, 0x62, 0x2D, 0x61, 0x11, 0x46, 0x27, 0x00,
    0x00, 0x66, 0x31, 0x11, 0x14, 0x67, 0x64, 0x11, 0x11, 0x46, 0x76, 0x41, 0x11, 0x13, 0x66, 0x00, 0x00, 0x61, 0x11, 0x11, 0x11, 0x14, 0x11, 0x11,
    0x11, 0x11, 0x41, 0x11, 0x11, 0x11, 0x16, 0x00, 0x00, 0x31, 0x11, 0x11, 0x11, 0x11, 0x11, 0x11, 0x11, 0x11, 0x11, 0x11, 0x11, 0x11, 0x13, 0x00,
    0x00, 0x68, 0x88, 0x88, 0x88, 0x88, 0x88, 0x88, 0x88, 0x88, 0x88, 0x88, 0x88, 0x88, 0x86, 0x00, 0x00, 0x63, 0x33, 0x33, 0x33, 0x33, 0x33, 0x33,
    0x33, 0x33, 0x33, 0x33, 0x33, 0x33, 0x36, 0x00, 0x00, 0x64, 0x44, 0x44, 0x44, 0x44, 0x44, 0x44, 0x44, 0x44, 0x44, 0x44, 0x44, 0x44, 0x46, 0x00,
    0x00, 0x63, 0x33, 0x33, 0x33, 0x33, 0x33, 0x33, 0x33, 0x33, 0x33, 0x33, 0x33, 0x33, 0x36, 0x00, 0x00, 0x31, 0x11, 0x11, 0x11, 0x11, 0x11, 0x11,
    0x11, 0x11, 0x11, 0x11, 0x11, 0x11, 0x13, 0x00, 0x00, 0x31, 0x11, 0x11, 0x11, 0x11, 0x11, 0x11, 0x11, 0x11, 0x11, 0x11, 0x11, 0x11, 0x13, 0x00,
    0x00, 0x64, 0x44, 0x44, 0x44, 0x44, 0x44, 0x44, 0x44, 0x44, 0x44, 0x44, 0x44, 0x44, 0x46, 0x00, 0x00, 0x55, 0x55, 0x55, 0x55, 0x55, 0x55, 0x55,
    0x55, 0x55, 0x55, 0x55, 0x55, 0x55, 0x50, 0x00, 0x00, 0x00, 0x00, 0x00, 0x00, 0x00, 0x00, 0x00, 0x00, 0x00, 0x00, 0x00, 0x00, 0x00, 0x00, 0x00,
    0x00, 0x00, 0x00, 0x00, 0x00, 0x00, 0x00, 0x00, 0x00, 0x00, 0x00, 0x00, 0x00, 0x00, 0x00, 0x00, 0x00, 0x00, 0x00, 0x00, 0x00, 0x00, 0x00, 0x00,
    0x00, 0x00, 0x00, 0x00, 0x00, 0x00, 0x00, 0x00,
  },
  {
    0x00, 0x00, 0x00, 0x00, 0x00, 0x00, 0x00, 0x00, 0x00, 0x00, 0x00, 0x00, 0x00, 0x00, 0x00, 0x00, 0x00, 0x00, 0x00, 0x00, 0x00, 0x00, 0x00, 0x00,
    0x00, 0x00, 0x00, 0x00, 0x00, 0x00, 0x00, 0x00, 0x00, 0x00, 0x00, 0x00, 0x00, 0x00, 0x00, 0x00, 0x00, 0x00, 0x00, 0x00, 0x00, 0x00, 0x00, 0x00,
    0x00, 0x00, 0x00, 0x00, 0x00, 0x00, 0x00, 0x00, 0x00, 0x00, 0x00, 0x00, 0x00, 0x00, 0x00, 0x00, 0x00, 0x00, 0x00, 0x00, 0x00, 0x00, 0x00, 0x00,
    0x00, 0x00, 0x00, 0x00, 0x00, 0x00, 0x00, 0x00, 0x00, 0x00, 0x00, 0x00, 0x00, 0x00, 0x00, 0x00, 0x00, 0x00, 0x00, 0x00, 0x00, 0x00, 0x00, 0x00,
    0x00, 0x00, 0x00, 0x00, 0x00, 0x22, 0x22, 0x22, 0x22, 0x22, 0x22, 0x00, 0x00, 0x00, 0x00, 0x00, 0x00, 0x00, 0x00, 0x00, 0x22, 0x2A, 0x55, 0x53,
    0x35, 0x55, 0xA2, 0x22, 0x00, 0x00, 0x00, 0x00, 0x00, 0x00, 0x00, 0x02, 0x23, 0x44, 0x44, 0x33, 0x33, 0x44, 0x44, 0x32, 0x20, 0x00, 0x00, 0x00,
    0x00, 0x00, 0x00, 0x02, 0x23, 0x33, 0x33, 0x33, 0x33, 0x33, 0x35, 0xA2, 0x20, 0x00, 0x00, 0x00, 0x00, 0x00, 0x00, 0x02, 0x25, 0x55, 0x53, 0x33,
    0x33, 0x52, 0x22, 0x22, 0x20, 0x00, 0x00, 0x00, 0x00, 0x00, 0x00, 0x02, 0x22, 0x2A, 0xA5, 0x55, 0x55, 0xA2, 0x22, 0x22, 0x20, 0x00, 0x00, 0x00,
    0x00, 0x00, 0x00, 0x02, 0x43, 0xA2, 0x22, 0x22, 0x22, 0x22, 0x22, 0x57, 0x20, 0x00, 0x00, 0x00, 0x00, 0x00, 0x00, 0x02, 0x11, 0x11, 0x74, 0x44,
    0x44, 0x44, 0x11, 0x11, 0x22, 0x00, 0x00, 0x00, 0x00, 0x00, 0x00, 0x2A, 0x11, 0x11, 0x11, 0x11, 0x11, 0x11, 0x11, 0x11, 0x52, 0x00, 0x00, 0x00,
    0x00, 0x00, 0x00, 0x25, 0x11, 0x11, 0x11, 0x11, 0x11, 0x11, 0x11, 0x11, 0x42, 0x00, 0x00, 0x00, 0x00, 0x00, 0x00, 0x24, 0x11, 0x11, 0x11, 0x11,
    0x11, 0x11, 0x11, 0x11, 0x42, 0x00, 0x00, 0x00, 0x00, 0x00, 0x22, 0x24, 0x11, 0x11, 0x11, 0x11, 0x11, 0x11, 0x11, 0x11, 0x42, 0x2F, 0x00, 0x00,
    0x00, 0x02, 0x22, 0x27, 0x11, 0x11, 0x11, 0x11, 0x11, 0x11, 0x11, 0x11, 0x12, 0x22, 0x20, 0x00, 0x00, 0x2B, 0x93, 0x51, 0x11, 0x11, 0x11, 0x11,
    0x11, 0x11, 0x11, 0x11, 0x15, 0x39, 0xB2, 0x00, 0x00, 0x28, 0xC3, 0x71, 0x11, 0x11, 0x11, 0x11, 0x11, 0x11, 0x11, 0x11, 0x11, 0x3D, 0x82, 0x00,
    0x00, 0x26, 0x8D, 0x34, 0x71, 0x11, 0x11, 0x11, 0x11, 0x11, 0x11, 0x17, 0x43, 0x98, 0x62, 0x00, 0x00, 0x22, 0x68, 0x8C, 0x93, 0x34, 0x47, 0x77,
    0x77, 0x74, 0x44, 0x39, 0xC8, 0x86, 0x22, 0x00, 0x00, 0x0B, 0x22, 0xB6, 0x88, 0xEC, 0xCD, 0x99, 0x99, 0xDC, 0xCE, 0x88, 0x6B, 0x22, 0xB0, 0x00,
    0x00, 0x00, 0x02, 0x22, 0x22, 0xB6, 0x66, 0x66, 0x66, 0x66, 0x6B, 0x22, 0x22, 0x20, 0x00, 0x00, 0x00, 0x00, 0x00, 0x00, 0x02, 0x22, 0x22, 0x22,
    0x22, 0x22, 0x22, 0x20, 0x00, 0x00, 0x00, 0x00, 0x00, 0x00, 0x00, 0x00, 0x00, 0x00, 0x00, 0x00, 0x00, 0x00, 0x00, 0x00, 0x00, 0x00, 0x00, 0x00,
    0x00, 0x00, 0x00, 0x00, 0x00, 0x00, 0x00, 0x00, 0x00, 0x00, 0x00, 0x00, 0x00, 0x00, 0x00, 0x00, 0x00, 0x00, 0x00, 0x00, 0x00, 0x00, 0x00, 0x00,
    0x00, 0x00, 0x00, 0x00, 0x00, 0x00, 0x00, 0x00, 0x00, 0x00, 0x00, 0x00, 0x00, 0x00, 0x00, 0x00, 0x00, 0x00, 0x00, 0x00, 0x00, 0x00, 0x00, 0x00,
    0x00, 0x00, 0x00, 0x00, 0x00, 0x00, 0x00, 0x00, 0x00, 0x00, 0x00, 0x00, 0x00, 0x00, 0x00, 0x00, 0x00, 0x00, 0x00, 0x00, 0x00, 0x00, 0x00, 0x00,
    0x00, 0x00, 0x00, 0x00, 0x00, 0x00, 0x00, 0x00,
  },
  {
    0x00, 0x00, 0x00, 0x00, 0x00, 0x00, 0x00, 0x00, 0x00, 0x00, 0x00, 0x00, 0x00, 0x00, 0x00, 0x00, 0x00, 0x00, 0x00, 0x00, 0x00, 0x00, 0x00, 0x00,
    0x00, 0x00, 0x00, 0x00, 0x00, 0x00, 0x00, 0x00, 0x00, 0x00, 0x00, 0x00, 0x00, 0x00, 0x00, 0x22, 0x20, 0x00, 0x00, 0x00, 0x00, 0x00, 0x00, 0x00,
    0x00, 0x00, 0x00, 0x00, 0x00, 0x22, 0x28, 0x22, 0x22, 0x22, 0x22, 0x00, 0x00, 0x00, 0x00, 0x00, 0x00, 0x00, 0x00, 0x02, 0x22, 0x22, 0x22, 0x28,
    0x22, 0x22, 0x22, 0x22, 0x20, 0x00, 0x00, 0x00, 0x00, 0x00, 0x02, 0x22, 0x8A, 0x44, 0x4A, 0x84, 0xA8, 0x44, 0x44, 0x82, 0x22, 0x00, 0x00, 0x00,
    0x00, 0x00, 0x22, 0x84, 0x44, 0x44, 0x44, 0x44, 0x44, 0x44, 0x44, 0x44, 0x42, 0x20, 0x00, 0x00, 0x00, 0x00, 0x22, 0x22, 0x22, 0x84, 0x44, 0x4A,
    0xA4, 0x44, 0x42, 0x22, 0x22, 0x20, 0x00, 0x00, 0x00, 0x00, 0x03, 0x73, 0x32, 0x24, 0x48, 0x22, 0x22, 0xA4, 0x82, 0x33, 0x73, 0x00, 0x00, 0x00,
    0x00, 0x00, 0x02, 0x71, 0x19, 0x22, 0x22, 0x36, 0x93, 0x22, 0x22, 0x65, 0x53, 0x20, 0x00, 0x00, 0x00, 0x00, 0x22, 0x11, 0x11, 0x37, 0x61, 0x11,
    0x11, 0x69, 0x39, 0x15, 0x57, 0x23, 0x00, 0x00, 0x00, 0x00, 0x29, 0x11, 0x11, 0x11, 0x11, 0x11, 0x11, 0x11, 0x11, 0x16, 0x55, 0x32, 0x00, 0x00,
    0x00, 0x02, 0x21, 0x11, 0x11, 0x11, 0x11, 0x11, 0x11, 0x11, 0x11, 0x11, 0x55, 0x72, 0x00, 0x00, 0x00, 0x02, 0x31, 0x11, 0x72, 0x61, 0x13, 0x31,
    0x13, 0x31, 0x17, 0x26, 0x55, 0x72, 0x00, 0x00, 0x00, 0x02, 0x31, 0x11, 0x72, 0x61, 0x13, 0x31, 0x13, 0x31, 0x17, 0x26, 0x55, 0x72, 0x30, 0x00,
    0x00, 0x02, 0x31, 0x11, 0x16, 0x11, 0x16, 0x61, 0x16, 0x61, 0x16, 0x61, 0x55, 0x72, 0x00, 0x00, 0x00, 0x02, 0x21, 0x11, 0x11, 0x11, 0x11, 0x11,
    0x11, 0x11, 0x11, 0x11, 0x55, 0x72, 0x00, 0x00, 0x00, 0x00, 0x27, 0x11, 0x11, 0x11, 0x11, 0x16, 0x11, 0x11, 0x61, 0x16, 0x55, 0x32, 0x00, 0x00,
    0x00, 0x00, 0x23, 0x11, 0x11, 0x33, 0x11, 0x12, 0x71, 0x17, 0x26, 0x15, 0x57, 0x23, 0x00, 0x00, 0x00, 0x00, 0x02, 0x91, 0x11, 0x33, 0x11, 0x12,
    0x71, 0x17, 0x26, 0x15, 0x53, 0x20, 0x00, 0x00, 0x00, 0x00, 0x02, 0x21, 0x11, 0x16, 0x11, 0x16, 0x11, 0x11, 0x61, 0x55, 0x72, 0x30, 0x00, 0x00,
    0x00, 0x00, 0x00, 0x27, 0x11, 0x11, 0x11, 0x11, 0x11, 0x11, 0x16, 0x55, 0x22, 0x00, 0x00, 0x00, 0x00, 0x00, 0x00, 0x22, 0x61, 0x11, 0x11, 0x11,
    0x11, 0x11, 0x15, 0x53, 0x20, 0x00, 0x00, 0x00, 0x00, 0x00, 0x00, 0x02, 0x21, 0x11, 0x67, 0x11, 0x19, 0x71, 0x55, 0x72, 0x30, 0x00, 0x00, 0x00,
    0x00, 0x00, 0x00, 0x00, 0x23, 0x11, 0x72, 0x61, 0x13, 0x25, 0x57, 0x22, 0x00, 0x00, 0x00, 0x00, 0x00, 0x00, 0x00, 0x00, 0x02, 0x31, 0x93, 0x61,
    0x17, 0x35, 0x72, 0x20, 0x00, 0x00, 0x00, 0x00, 0x00, 0x00, 0x00, 0x00, 0x03, 0x23, 0x11, 0x11, 0x16, 0x57, 0x22, 0x00, 0x00, 0x00, 0x00, 0x00,
    0x00, 0x00, 0x00, 0x00, 0x00, 0x02, 0x29, 0x11, 0x65, 0x32, 0x20, 0x00, 0x00, 0x00, 0x00, 0x00, 0x00, 0x00, 0x00, 0x00, 0x00, 0x00, 0x22, 0x33,
    0x32, 0x22, 0x00, 0x00, 0x00, 0x00, 0x00, 0x00, 0x00, 0x00, 0x00, 0x00, 0x00, 0x00, 0x00, 0x22, 0x22, 0x00, 0x00, 0x00, 0x00, 0x00, 0x00, 0x00,
    0x00, 0x00, 0x00, 0x00, 0x00, 0x00, 0x00, 0x00, 0x00, 0x00, 0x00, 0x00, 0x00, 0x00, 0x00, 0x00, 0x00, 0x00, 0x00, 0x00, 0x00, 0x00, 0x00, 0x00,
    0x00, 0x00, 0x00, 0x00, 0x00, 0x00, 0x00, 0x00,
  },
  {
    0x00, 0x00, 0x00, 0x00, 0x00, 0x00, 0x00, 0x00, 0x00, 0x00, 0x00, 0x00, 0x00, 0x00, 0x00, 0x00, 0x00, 0x00, 0x00, 0x00, 0x00, 0x00, 0x00, 0x00,
    0x00, 0x00, 0x00, 0x00, 0x00, 0x00, 0x00, 0x00, 0x00, 0x00, 0x00, 0x00, 0x00, 0x00, 0x00, 0x30, 0x00, 0x00, 0x00, 0x00, 0x00, 0x00, 0x00, 0x00,
    0x00, 0x00, 0x00, 0x00, 0x00, 0x00, 0x00, 0x33, 0x00, 0x00, 0x00, 0x00, 0x00, 0x00, 0x00, 0x00, 0x00, 0x00, 0x00, 0x00, 0x00, 0x00, 0x00, 0x03,
    0x00, 0x00, 0x00, 0x00, 0x00, 0x00, 0x00, 0x00, 0x00, 0x00, 0x03, 0x33, 0x33, 0x33, 0x30, 0x03, 0x30, 0x00, 0x33, 0x33, 0x33, 0x30, 0x00, 0x00,
    0x00, 0x00, 0x03, 0x34, 0x44, 0x49, 0x33, 0x03, 0x00, 0x33, 0x93, 0x44, 0x4E, 0x30, 0x00, 0x00, 0x00, 0x00, 0x00, 0x34, 0x77, 0x7A, 0x73, 0x70,
    0x07, 0x94, 0xAA, 0x77, 0x43, 0x00, 0x00, 0x00, 0x00, 0x00, 0x00, 0x04, 0xA7, 0x44, 0x47, 0xA7, 0x7A, 0x74, 0x44, 0x7A, 0x43, 0x00, 0x00, 0x00,
    0x00, 0x00, 0x00, 0x04, 0x93, 0x33, 0x33, 0x94, 0x9E, 0x33, 0x33, 0x39, 0x30, 0x00, 0x00, 0x00, 0x00, 0x00, 0x00, 0x33, 0xB2, 0x22, 0x22, 0xB5,
    0x56, 0x22, 0x22, 0x65, 0x30, 0x00, 0x00, 0x00, 0x00, 0x00, 0x03, 0x33, 0x11, 0x11, 0x11, 0x12, 0x11, 0x11, 0x11, 0x12, 0x63, 0x00, 0x00, 0x00,
    0x00, 0x00, 0x03, 0xC1, 0x22, 0x11, 0x12, 0x12, 0x52, 0x12, 0x22, 0x22, 0x2D, 0x30, 0x00, 0x00, 0x00, 0x00, 0x35, 0x12, 0x11, 0x11, 0x11, 0x22,
    0xB5, 0x12, 0x11, 0x21, 0x28, 0x35, 0x00, 0x00, 0x00, 0x00, 0x36, 0x12, 0x11, 0x11, 0x11, 0x28, 0x23, 0xC1, 0x21, 0x11, 0x22, 0xD3, 0x00, 0x00,
    0x00, 0x00, 0x32, 0x12, 0x11, 0x11, 0x12, 0x12, 0x26, 0x51, 0x21, 0x11, 0x12, 0x63, 0x00, 0x00, 0x00, 0x00, 0x32, 0x12, 0x11, 0x11, 0x11, 0x12,
    0x22, 0x32, 0x12, 0x12, 0x12, 0x33, 0x00, 0x00, 0x00, 0x03, 0x52, 0x11, 0x11, 0x11, 0x11, 0x11, 0x21, 0x32, 0x12, 0x11, 0x12, 0x83, 0x00, 0x00,
    0x00, 0x00, 0x32, 0x12, 0x11, 0x11, 0x11, 0x11, 0x21, 0x56, 0x12, 0x11, 0x22, 0x83, 0x00, 0x00, 0x00, 0x00, 0x32, 0x12, 0x11, 0x11, 0x11, 0x11,
    0x21, 0x56, 0x12, 0x11, 0x28, 0x63, 0x00, 0x00, 0x00, 0x00, 0x36, 0x12, 0x11, 0x11, 0x11, 0x11, 0x21, 0x5C, 0x12, 0x21, 0x28, 0x63, 0x00, 0x00,
    0x00, 0x00, 0x33, 0x11, 0x11, 0x11, 0x11, 0x11, 0x11, 0x32, 0x12, 0x12, 0x82, 0x53, 0x00, 0x00, 0x00, 0x00, 0x03, 0x61, 0x21, 0x11, 0x11, 0x12,
    0x12, 0x32, 0x12, 0x12, 0x83, 0x30, 0x00, 0x00, 0x00, 0x00, 0x00, 0x32, 0x12, 0x11, 0x11, 0x12, 0x1C, 0x31, 0x11, 0x28, 0x25, 0x30, 0x00, 0x00,
    0x00, 0x00, 0x00, 0x33, 0x21, 0x21, 0x11, 0x12, 0x1C, 0x61, 0x21, 0x22, 0xB3, 0x00, 0x00, 0x00, 0x00, 0x00, 0x00, 0x03, 0x52, 0x12, 0x21, 0x11,
    0x21, 0x12, 0x12, 0x26, 0x30, 0x00, 0x00, 0x00, 0x00, 0x00, 0x00, 0x00, 0x33, 0x21, 0x12, 0x21, 0x22, 0x21, 0x28, 0xD3, 0x00, 0x00, 0x00, 0x00,
    0x00, 0x00, 0x00, 0x00, 0x03, 0x3B, 0x21, 0x11, 0x11, 0x12, 0x63, 0x30, 0x00, 0x00, 0x00, 0x00, 0x00, 0x00, 0x00, 0x00, 0x00, 0x03, 0x3B, 0x21,
    0x22, 0x65, 0x33, 0x00, 0x00, 0x00, 0x00, 0x00, 0x00, 0x00, 0x00, 0x00, 0x00, 0x00, 0x03, 0x33, 0x33, 0x33, 0x00, 0x00, 0x00, 0x00, 0x00, 0x00,
    0x00, 0x00, 0x00, 0x00, 0x00, 0x00, 0x00, 0x00, 0x00, 0x00, 0x00, 0x00, 0x00, 0x00, 0x00, 0x00, 0x00, 0x00, 0x00, 0x00, 0x00, 0x00, 0x00, 0x00,
    0x00, 0x00, 0x00, 0x00, 0x00, 0x00, 0x00, 0x00,
  },
  {
    0x00, 0x00, 0x00, 0x00, 0x00, 0x00, 0x00, 0x00, 0x00, 0x00, 0x00, 0x00, 0x00, 0x00, 0x00, 0x00, 0x00, 0x00, 0x00, 0x00, 0x00, 0x00, 0x00, 0x00,
    0x00, 0x00, 0x00, 0x00, 0x00, 0x00, 0x00, 0x00, 0x00, 0x00, 0x00, 0x01, 0x01, 0x10, 0x00, 0x00, 0x00, 0x00, 0x00, 0x00, 0x00, 0x00, 0x00, 0x00,
    0x00, 0x00, 0x00, 0x01, 0x11, 0x11, 0x11, 0x00, 0x00, 0x00, 0x00, 0x00, 0x00, 0x00, 0x00, 0x00, 0x00, 0x00, 0x00, 0x01, 0x11, 0x94, 0x89, 0x11,
    0x00, 0x00, 0x00, 0x00, 0x00, 0x00, 0x00, 0x00, 0x00, 0x00, 0x00, 0x01, 0x11, 0x14, 0x4A, 0x81, 0x10, 0x00, 0x00, 0x00, 0x00, 0x00, 0x00, 0x00,
    0x00, 0x00, 0x00, 0x01, 0x10, 0x18, 0x44, 0x44, 0x11, 0x00, 0x00, 0x00, 0x00, 0x00, 0x00, 0x00, 0x00, 0x00, 0x00, 0x01, 0x10, 0x11, 0x44, 0x44,
    0x81, 0x00, 0x00, 0x00, 0x00, 0x00, 0x00, 0x00, 0x00, 0x00, 0x00, 0x01, 0x10, 0x01, 0x94, 0x44, 0x49, 0x10, 0x00, 0x00, 0x00, 0x00, 0x00, 0x00,
    0x00, 0x00, 0x00, 0x01, 0x11, 0x00, 0x11, 0x84, 0xA8, 0x10, 0x00, 0x00, 0x00, 0x00, 0x00, 0x00, 0x00, 0x00, 0x00, 0x01, 0x11, 0x00, 0x01, 0x11,
    0x9B, 0x10, 0x00, 0x00, 0x00, 0x00, 0x00, 0x00, 0x00, 0x00, 0x00, 0x01, 0x11, 0x10, 0x00, 0x01, 0x11, 0x11, 0x00, 0x00, 0x00, 0x00, 0x00, 0x00,
    0x00, 0x00, 0x00, 0x00, 0x10, 0x10, 0x00, 0x00, 0x00, 0x00, 0x00, 0x00, 0x00, 0x00, 0x00, 0x00, 0x00, 0x00, 0x00, 0x00, 0x10, 0x11, 0x00, 0x00,
    0x00, 0x00, 0x00, 0x00, 0x00, 0x00, 0x00, 0x00, 0x00, 0x00, 0x00, 0x00, 0x10, 0x01, 0x10, 0x00, 0x00, 0x00, 0x00, 0x00, 0x00, 0x00, 0x00, 0x00,
    0x00, 0x00, 0x00, 0x00, 0x11, 0x00, 0x11, 0x00, 0x00, 0x00, 0x00, 0x00, 0x00, 0x00, 0x00, 0x00, 0x00, 0x00, 0x00, 0x00, 0x11, 0x00, 0x01, 0x10,
    0x00, 0x00, 0x00, 0x00, 0x00, 0x00, 0x00, 0x00, 0x00, 0x00, 0x00, 0x00, 0x11, 0x00, 0x00, 0x11, 0x00, 0x00, 0x00, 0x00, 0x00, 0x00, 0x00, 0x00,
    0x00, 0x00, 0x00, 0x00, 0x01, 0x11, 0x11, 0x01, 0x11, 0x11, 0x11, 0x00, 0x00, 0x00, 0x00, 0x00, 0x00, 0x00, 0x00, 0x00, 0x01, 0x13, 0x33, 0x11,
    0x53, 0x33, 0x33, 0x11, 0x00, 0x00, 0x00, 0x00, 0x00, 0x00, 0x00, 0x00, 0x13, 0x22, 0x22, 0x71, 0x12, 0x22, 0x26, 0x51, 0x10, 0x00, 0x00, 0x00,
    0x00, 0x00, 0x00, 0x01, 0x32, 0x22, 0x22, 0x27, 0x13, 0x22, 0x22, 0x65, 0x10, 0x00, 0x00, 0x00, 0x00, 0x00, 0x00, 0x01, 0x62, 0x22, 0x22, 0x27,
    0x31, 0x22, 0x22, 0x67, 0x31, 0x00, 0x00, 0x00, 0x00, 0x00, 0x00, 0x11, 0x22, 0x22, 0x22, 0x26, 0x51, 0x62, 0x22, 0x27, 0x31, 0x00, 0x00, 0x00,
    0x00, 0x00, 0x00, 0x11, 0x22, 0x22, 0x22, 0x26, 0x51, 0x62, 0x22, 0x27, 0x31, 0x00, 0x00, 0x00, 0x00, 0x00, 0x00, 0x01, 0x22, 0x22, 0x22, 0x26,
    0x51, 0x22, 0x22, 0x27, 0x31, 0x00, 0x00, 0x00, 0x00, 0x00, 0x00, 0x01, 0x32, 0x22, 0x22, 0x27, 0x13, 0x22, 0x22, 0x65, 0x10, 0x00, 0x00, 0x00,
    0x00, 0x00, 0x00, 0x01, 0x15, 0x22, 0x22, 0x73, 0x12, 0x22, 0x22, 0x51, 0x10, 0x00, 0x00, 0x00, 0x00, 0x00, 0x00, 0x00, 0x11, 0x35, 0x53, 0x11,
    0xC3, 0x35, 0x53, 0x11, 0x00, 0x00, 0x00, 0x00, 0x00, 0x00, 0x00, 0x00, 0x00, 0x11, 0x11, 0x10, 0x01, 0x11, 0x11, 0x10, 0x00, 0x00, 0x00, 0x00,
    0x00, 0x00, 0x00, 0x00, 0x00, 0x00, 0x00, 0x00, 0x00, 0x00, 0x00, 0x00, 0x00, 0x00, 0x00, 0x00, 0x00, 0x00, 0x00, 0x00, 0x00, 0x00, 0x00, 0x00,
    0x00, 0x00, 0x00, 0x00, 0x00, 0x00, 0x00, 0x00,
  },
  {
    0x00, 0x00, 0x00, 0x00, 0x00, 0x00, 0x00, 0x00, 0x00, 0x00, 0x00, 0x00, 0x00, 0x00, 0x00, 0x00, 0x00, 0x00, 0x00, 0x00, 0x00, 0x00, 0x00, 0x00,
    0x00, 0x00, 0x00, 0x00, 0x00, 0x00, 0x00, 0x00, 0x00, 0x00, 0x00, 0x00, 0x00, 0x22, 0x22, 0x20, 0x00, 0x22, 0x22, 0x00, 0x00, 0x00, 0x00, 0x00,
    0x00, 0x00, 0x00, 0x00, 0x00, 0x25, 0x49, 0x52, 0x25, 0x34, 0x32, 0x00, 0x00, 0x00, 0x00, 0x00, 0x00, 0x00, 0x00, 0x00, 0x00, 0x02, 0x9B, 0x75,
    0x24, 0xB4, 0x80, 0x00, 0x00, 0x00, 0x00, 0x00, 0x00, 0x00, 0x00, 0x00, 0x00, 0x22, 0x2C, 0x74, 0x97, 0x38, 0x22, 0x00, 0x00, 0x00, 0x00, 0x00,
    0x00, 0x00, 0x00, 0x00, 0x00, 0x28, 0x43, 0x57, 0xB3, 0x54, 0x52, 0x00, 0x00, 0x00, 0x00, 0x00, 0x00, 0x00, 0x00, 0x00, 0x00, 0x02, 0x57, 0x34,
    0x75, 0x73, 0x20, 0x00, 0x00, 0x00, 0x00, 0x00, 0x00, 0x00, 0x00, 0x00, 0x00, 0x02, 0x85, 0x47, 0x77, 0x58, 0x22, 0x00, 0x00, 0x00, 0x00, 0x00,
    0x00, 0x00, 0x00, 0x00, 0x00, 0x02, 0x39, 0x84, 0x75, 0x39, 0x20, 0x00, 0x00, 0x00, 0x00, 0x00, 0x00, 0x00, 0x00, 0x00, 0x00, 0x00, 0x29, 0x34,
    0x43, 0x42, 0x00, 0x00, 0x00, 0x00, 0x00, 0x00, 0x00, 0x00, 0x00, 0x00, 0x00, 0x00, 0x02, 0x4B, 0x77, 0x50, 0x00, 0x00, 0x00, 0x00, 0x00, 0x00,
    0x00, 0x00, 0x00, 0x00, 0x00, 0x00, 0x06, 0x54, 0x4C, 0x80, 0x00, 0x00, 0x00, 0x00, 0x00, 0x00, 0x00, 0x00, 0x00, 0x00, 0x00, 0x05, 0x54, 0x35,
    0x55, 0x36, 0x20, 0x00, 0x00, 0x00, 0x00, 0x00, 0x00, 0x00, 0x00, 0x00, 0x00, 0x05, 0x31, 0x41, 0xA1, 0x36, 0x82, 0x00, 0x00, 0x00, 0x00, 0x00,
    0x00, 0x00, 0x00, 0x00, 0x00, 0x23, 0x41, 0x11, 0x11, 0xA3, 0x62, 0x00, 0x00, 0x00, 0x00, 0x00, 0x00, 0x00, 0x00, 0x00, 0x00, 0x51, 0x11, 0x11,
    0x11, 0x13, 0x35, 0x20, 0x00, 0x00, 0x00, 0x00, 0x00, 0x00, 0x00, 0x00, 0x02, 0x64, 0x11, 0x11, 0x11, 0x13, 0x36, 0x20, 0x00, 0x00, 0x00, 0x00,
    0x00, 0x00, 0x00, 0x00, 0x02, 0x64, 0x11, 0x11, 0x11, 0x13, 0x36, 0x20, 0x00, 0x00, 0x00, 0x00, 0x00, 0x00, 0x00, 0x00, 0x02, 0x64, 0x11, 0x11,
    0x11, 0x13, 0x36, 0x20, 0x00, 0x00, 0x00, 0x00, 0x00, 0x00, 0x00, 0x00, 0x02, 0x64, 0x11, 0x11, 0x11, 0x13, 0x36, 0x20, 0x00, 0x00, 0x00, 0x00,
    0x00, 0x00, 0x00, 0x00, 0x02, 0x64, 0x11, 0x11, 0x11, 0x13, 0x36, 0x20, 0x00, 0x00, 0x00, 0x00, 0x00, 0x00, 0x00, 0x00, 0x02, 0x64, 0x11, 0x11,
    0x11, 0x13, 0x36, 0x20, 0x00, 0x00, 0x00, 0x00, 0x00, 0x00, 0x00, 0x00, 0x02, 0x64, 0x11, 0x11, 0x11, 0x13, 0x36, 0x20, 0x00, 0x00, 0x00, 0x00,
    0x00, 0x00, 0x00, 0x00, 0x02, 0x64, 0x11, 0x11, 0x11, 0x13, 0x36, 0x20, 0x00, 0x00, 0x00, 0x00, 0x00, 0x00, 0x00, 0x00, 0x00, 0x51, 0x11, 0x11,
    0x11, 0x13, 0x35, 0x20, 0x00, 0x00, 0x00, 0x00, 0x00, 0x00, 0x00, 0x00, 0x00, 0x23, 0x41, 0x11, 0x11, 0x13, 0x62, 0x00, 0x00, 0x00, 0x00, 0x00,
    0x00, 0x00, 0x00, 0x00, 0x00, 0x02, 0x34, 0x41, 0x14, 0xA6, 0x52, 0x00, 0x00, 0x00, 0x00, 0x00, 0x00, 0x00, 0x00, 0x00, 0x00, 0x00, 0x26, 0x3A,
    0xA3, 0x52, 0x20, 0x00, 0x00, 0x00, 0x00, 0x00, 0x00, 0x00, 0x00, 0x00, 0x00, 0x00, 0x02, 0x25, 0x52, 0x20, 0x00, 0x00, 0x00, 0x00, 0x00, 0x00,
    0x00, 0x00, 0x00, 0x00, 0x00, 0x00, 0x00, 0x00, 0x00, 0x00, 0x00, 0x00, 0x00, 0x00, 0x00, 0x00, 0x00, 0x00, 0x00, 0x00, 0x00, 0x00, 0x00, 0x00,
    0x00, 0x00, 0x00, 0x00, 0x00, 0x00, 0x00, 0x00,
  },
  {
    0x00, 0x00, 0x00, 0x00, 0x00, 0x00, 0x00, 0x00, 0x00, 0x00, 0x00, 0x00, 0x00, 0x00, 0x00, 0x00, 0x00, 0x00, 0x00, 0x00, 0x00, 0x00, 0x00, 0x00,
    0x00, 0x00, 0x00, 0x00, 0x00, 0x00, 0x00, 0x00, 0x00, 0x00, 0x00, 0x00, 0x00, 0x00, 0x00, 0x03, 0x53, 0x33, 0x35, 0x30, 0x00, 0x00, 0x00, 0x00,
    0x00, 0x00, 0x00, 0x00, 0x00, 0x00, 0x03, 0x53, 0x64, 0x44, 0x44, 0x35, 0x00, 0x00, 0x00, 0x00, 0x00, 0x00, 0x00, 0x00, 0x00, 0x00, 0x53, 0x47,
    0x43, 0x33, 0x34, 0x13, 0x50, 0x00, 0x00, 0x00, 0x00, 0x00, 0x00, 0x00, 0x00, 0x05, 0x31, 0xB2, 0x88, 0x22, 0x83, 0x41, 0x35, 0x00, 0x00, 0x00,
    0x00, 0x00, 0x00, 0x00, 0x03, 0x56, 0x7B, 0x22, 0x22, 0x22, 0x2A, 0x31, 0x43, 0x50, 0x00, 0x00, 0x00, 0x00, 0x00, 0x00, 0x35, 0x47, 0xC2, 0x22,
    0x22, 0x22, 0x2A, 0x67, 0x44, 0x33, 0x00, 0x00, 0x00, 0x00, 0x00, 0x03, 0x54, 0x72, 0x22, 0x22, 0x22, 0x22, 0x2A, 0x67, 0x14, 0x65, 0x00, 0x00,
    0x00, 0x00, 0x00, 0x35, 0x47, 0x22, 0x22, 0x22, 0x22, 0x22, 0x23, 0x49, 0x14, 0x43, 0x30, 0x00, 0x00, 0x00, 0x00, 0x54, 0x72, 0x22, 0x22, 0x22,
    0x22, 0x22, 0x83, 0x19, 0x14, 0x46, 0x50, 0x00, 0x00, 0x00, 0x05, 0x67, 0xB2, 0x22, 0x22, 0x22, 0x22, 0x2A, 0x36, 0x11, 0x14, 0x44, 0x33, 0x00,
    0x00, 0x00, 0x53, 0x1B, 0x22, 0x22, 0x22, 0x22, 0x22, 0x23, 0x19, 0x11, 0x14, 0x44, 0x35, 0x00, 0x00, 0x03, 0x31, 0x72, 0x22, 0x22, 0x22, 0x22,
    0x22, 0x83, 0x91, 0x11, 0x14, 0x44, 0x65, 0x00, 0x00, 0x05, 0x67, 0x22, 0x22, 0x22, 0x22, 0x22, 0x22, 0x34, 0x91, 0x11, 0x14, 0x44, 0x65, 0x00,
    0x00, 0x03, 0x1B, 0x22, 0x22, 0x22, 0x22, 0x22, 0xA3, 0x31, 0x11, 0x11, 0x14, 0x44, 0x65, 0x00, 0x00, 0x53, 0x72, 0x22, 0x22, 0x22, 0x22, 0x23,
    0x31, 0x11, 0x11, 0x11, 0x14, 0x44, 0x65, 0x00, 0x00, 0x54, 0x82, 0x22, 0x22, 0x22, 0x28, 0x36, 0x71, 0x11, 0x11, 0x11, 0x14, 0x44, 0x35, 0x00,
    0x00, 0x34, 0x38, 0x22, 0x22, 0x22, 0x23, 0x47, 0x11, 0x11, 0x11, 0x11, 0x14, 0x44, 0x33, 0x00, 0x00, 0x34, 0x38, 0x22, 0x22, 0x28, 0x33, 0x11,
    0x11, 0x11, 0x11, 0x11, 0x44, 0x44, 0x33, 0x00, 0x00, 0x54, 0x38, 0x88, 0x28, 0xA3, 0x61, 0x11, 0x11, 0x11, 0x11, 0x11, 0x44, 0x46, 0x50, 0x00,
    0x00, 0x53, 0x45, 0x33, 0x33, 0x61, 0x91, 0x11, 0x11, 0x11, 0x11, 0x14, 0x44, 0x43, 0x30, 0x00, 0x00, 0x05, 0x41, 0x11, 0x11, 0x91, 0x11, 0x11,
    0x11, 0x11, 0x11, 0x14, 0x44, 0x35, 0x00, 0x00, 0x00, 0x03, 0x31, 0x11, 0x11, 0x11, 0x11, 0x11, 0x11, 0x11, 0x11, 0x44, 0x46, 0x53, 0x00, 0x00,
    0x00, 0x00, 0x53, 0x11, 0x11, 0x11, 0x11, 0x11, 0x11, 0x11, 0x14, 0x44, 0x63, 0x30, 0x00, 0x00, 0x00, 0x00, 0x05, 0x31, 0x91, 0x11, 0x11, 0x11,
    0x11, 0x11, 0x44, 0x46, 0x33, 0x00, 0x00, 0x00, 0x00, 0x00, 0x00, 0x53, 0x41, 0x91, 0x11, 0x11, 0x11, 0x14, 0x44, 0x35, 0x30, 0x00, 0x00, 0x00,
    0x00, 0x00, 0x00, 0x03, 0x53, 0x41, 0x99, 0x99, 0x11, 0x46, 0x63, 0x53, 0x00, 0x00, 0x00, 0x00, 0x00, 0x00, 0x00, 0x00, 0x03, 0x53, 0x36, 0x44,
    0x63, 0x33, 0x53, 0x00, 0x00, 0x00, 0x00, 0x00, 0x00, 0x00, 0x00, 0x00, 0x00, 0x00, 0x53, 0x55, 0x53, 0x50, 0x00, 0x00, 0x00, 0x00, 0x00, 0x00,
    0x00, 0x00, 0x00, 0x00, 0x00, 0x00, 0x00, 0x00, 0x00, 0x00, 0x00, 0x00, 0x00, 0x00, 0x00, 0x00, 0x00, 0x00, 0x00, 0x00, 0x00, 0x00, 0x00, 0x00,
    0x00, 0x00, 0x00, 0x00, 0x00, 0x00, 0x00, 0x00,
  },
  {
    0x00, 0x00, 0x00, 0x00, 0x00, 0x00, 0x00, 0x00, 0x00, 0x00, 0x00, 0x00, 0x00, 0x00, 0x00, 0x00, 0x00, 0x00, 0x00, 0x00, 0x00, 0x00, 0x00, 0x00,
    0x00, 0x00, 0x00, 0x00, 0x00, 0x00, 0x00, 0x00, 0x00, 0x00, 0x00, 0x00, 0x00, 0x00, 0x00, 0x22, 0x22, 0x00, 0x00, 0x00, 0x00, 0x00, 0x00, 0x00,
    0x00, 0x00, 0x00, 0x00, 0x00, 0x2A, 0x77, 0x44, 0x4C, 0x87, 0x22, 0x00, 0x00, 0x00, 0x00, 0x00, 0x00, 0x00, 0x00, 0x00, 0x02, 0x4B, 0x51, 0x3D,
    0x3D, 0x15, 0xBC, 0x20, 0x00, 0x00, 0x00, 0x00, 0x00, 0x00, 0x00, 0x02, 0xA4, 0x31, 0x11, 0x11, 0x11, 0x11, 0x13, 0x42, 0x20, 0x00, 0x00, 0x00,
    0x00, 0x00, 0x00, 0x24, 0x51, 0x11, 0x11, 0x11, 0x11, 0x11, 0x1D, 0x3B, 0xC2, 0x00, 0x00, 0x00, 0x00, 0x00, 0x02, 0x43, 0x11, 0x11, 0x11, 0x11,
    0x11, 0x11, 0x54, 0x61, 0x3C, 0x20, 0x00, 0x00, 0x00, 0x00, 0x07, 0x11, 0x11, 0x11, 0xB9, 0x9B, 0x11, 0x1D, 0xC8, 0x7B, 0x15, 0x20, 0x00, 0x00,
    0x00, 0x00, 0x24, 0x11, 0x11, 0x13, 0x4A, 0xA4, 0x31, 0x1D, 0x98, 0x8B, 0x11, 0x42, 0x00, 0x00, 0x00, 0x02, 0x43, 0x11, 0x11, 0x11, 0xB8, 0x8B,
    0x11, 0x11, 0x54, 0x61, 0x11, 0x3E, 0x20, 0x00, 0x00, 0x07, 0x11, 0x11, 0x11, 0x11, 0x11, 0x11, 0x11, 0x11, 0x13, 0x11, 0x11, 0x15, 0x20, 0x00,
    0x00, 0x2E, 0x11, 0x11, 0x11, 0x11, 0x11, 0x11, 0x11, 0x11, 0x11, 0x11, 0x11, 0x11, 0x70, 0x00, 0x00, 0x29, 0x11, 0x13, 0x11, 0x11, 0x11, 0x11,
    0x11, 0x11, 0x11, 0x11, 0x11, 0x11, 0x70, 0x00, 0x00, 0x24, 0xD1, 0xB9, 0x41, 0x11, 0x11, 0x11, 0x11, 0x11, 0x11, 0x16, 0x51, 0x13, 0xE2, 0x00,
    0x00, 0xA5, 0x13, 0x98, 0xA6, 0x11, 0x11, 0x11, 0x11, 0x11, 0x11, 0xCA, 0x91, 0x11, 0x62, 0x00, 0x00, 0x85, 0x11, 0x4A, 0x85, 0x11, 0x11, 0x11,
    0x11, 0x11, 0x11, 0x78, 0x85, 0x11, 0x62, 0x00, 0x00, 0x26, 0x11, 0x16, 0x51, 0x11, 0x59, 0x95, 0x11, 0x11, 0x11, 0x69, 0x41, 0x13, 0x42, 0x00,
    0x00, 0x2C, 0x11, 0x11, 0x11, 0x13, 0x4A, 0xA4, 0x31, 0x11, 0x11, 0x13, 0x11, 0x11, 0x80, 0x00, 0x00, 0x29, 0x11, 0x11, 0x11, 0x11, 0x67, 0x76,
    0x11, 0x11, 0x11, 0x11, 0x11, 0x11, 0x70, 0x00, 0x00, 0x09, 0x11, 0x11, 0x11, 0x11, 0x15, 0x51, 0x11, 0x11, 0x11, 0x11, 0x11, 0x11, 0x80, 0x00,
    0x00, 0x02, 0x6D, 0x11, 0x11, 0x11, 0x11, 0x11, 0x11, 0x11, 0x51, 0x11, 0x11, 0x34, 0x20, 0x00, 0x00, 0x02, 0x75, 0x11, 0x11, 0x1B, 0x87, 0x61,
    0x11, 0x14, 0x8C, 0x11, 0x11, 0x6A, 0x00, 0x00, 0x00, 0x00, 0x29, 0xD1, 0x11, 0x34, 0xA8, 0x43, 0x11, 0x39, 0x8A, 0x61, 0x11, 0x72, 0x00, 0x00,
    0x00, 0x00, 0x02, 0x63, 0x11, 0x15, 0x99, 0xB1, 0x11, 0x14, 0x7E, 0x11, 0x34, 0x20, 0x00, 0x00, 0x00, 0x00, 0x02, 0x86, 0x31, 0x11, 0x11, 0x11,
    0x11, 0x11, 0x11, 0x13, 0x4A, 0x00, 0x00, 0x00, 0x00, 0x00, 0x00, 0x22, 0xC5, 0xD1, 0x11, 0x11, 0x11, 0x11, 0x13, 0x69, 0x20, 0x00, 0x00, 0x00,
    0x00, 0x00, 0x00, 0x00, 0x27, 0xB3, 0xD3, 0x11, 0x11, 0x3D, 0xD6, 0x82, 0x00, 0x00, 0x00, 0x00, 0x00, 0x00, 0x00, 0x00, 0x02, 0x29, 0xCE, 0x61,
    0x16, 0xCC, 0x92, 0x20, 0x00, 0x00, 0x00, 0x00, 0x00, 0x00, 0x00, 0x00, 0x00, 0x02, 0x22, 0x27, 0x72, 0x22, 0x20, 0x00, 0x00, 0x00, 0x00, 0x00,
    0x00, 0x00, 0x00, 0x00, 0x00, 0x00, 0x00, 0x00, 0x00, 0x00, 0x00, 0x00, 0x00, 0x00, 0x00, 0x00, 0x00, 0x00, 0x00, 0x00, 0x00, 0x00, 0x00, 0x00,
    0x00, 0x00, 0x00, 0x00, 0x00, 0x00, 0x00, 0x00,
  },
  {
    0x00, 0x00, 0x00, 0x00, 0x00, 0x00, 0x00, 0x00, 0x00, 0x00, 0x00, 0x00, 0x00, 0x00, 0x00, 0x00, 0x00, 0x00, 0x00, 0x00, 0x00, 0x00, 0x00, 0x00,
    0x00, 0x00, 0x00, 0x00, 0x00, 0x00, 0x00, 0x00, 0x00, 0x00, 0x00, 0x00, 0x00, 0x05, 0x53, 0x33, 0x33, 0x35, 0x50, 0x00, 0x00, 0x00, 0x00, 0x00,
    0x00, 0x00, 0x00, 0x00, 0x05, 0x36, 0x92, 0x21, 0x11, 0x29, 0x63, 0x50, 0x00, 0x00, 0x00, 0x00, 0x00, 0x00, 0x00, 0x05, 0x56, 0x24, 0x11, 0x12,
    0x12, 0xA6, 0x12, 0x65, 0x50, 0x00, 0x00, 0x00, 0x00, 0x00, 0x00, 0x53, 0x24, 0x12, 0x22, 0x12, 0x46, 0xB3, 0x84, 0x42, 0x35, 0x00, 0x00, 0x00,
    0x00, 0x00, 0x05, 0x32, 0x12, 0x11, 0x11, 0x21, 0x19, 0x3A, 0x21, 0x21, 0x23, 0x50, 0x00, 0x00, 0x00, 0x00, 0x53, 0x22, 0x3A, 0x21, 0x18, 0x36,
    0x11, 0x22, 0x12, 0x22, 0x12, 0x35, 0x00, 0x00, 0x00, 0x00, 0x52, 0x46, 0xBE, 0x82, 0x13, 0xC3, 0x21, 0x11, 0x21, 0x41, 0x21, 0x25, 0x00, 0x00,
    0x00, 0x05, 0x64, 0x12, 0xA6, 0x21, 0x18, 0x38, 0x41, 0x22, 0x12, 0x69, 0x12, 0x46, 0x50, 0x00, 0x00, 0x03, 0x21, 0x21, 0x11, 0x12, 0x14, 0x22,
    0x22, 0x11, 0x1A, 0xB3, 0x21, 0x12, 0x30, 0x00, 0x00, 0x56, 0x41, 0x11, 0x11, 0x21, 0x26, 0x35, 0x53, 0x62, 0x16, 0x36, 0x21, 0x24, 0x65, 0x00,
    0x00, 0x59, 0x2A, 0x81, 0x21, 0x12, 0xA5, 0x00, 0x00, 0x5A, 0x21, 0x92, 0x12, 0x81, 0x95, 0x00, 0x00, 0x32, 0x3C, 0x32, 0x12, 0x16, 0x50, 0x00,
    0x00, 0x05, 0x61, 0x11, 0x2A, 0xD6, 0x23, 0x00, 0x00, 0x31, 0x83, 0x61, 0x11, 0x23, 0x00, 0x00, 0x00, 0x00, 0x32, 0x22, 0x23, 0xBA, 0x13, 0x00,
    0x00, 0x31, 0x12, 0x11, 0x24, 0x25, 0x00, 0x00, 0x00, 0x00, 0x52, 0x44, 0x19, 0x62, 0x13, 0x00, 0x00, 0x34, 0x11, 0x16, 0x38, 0x25, 0x00, 0x00,
    0x00, 0x00, 0x52, 0x26, 0x21, 0x41, 0x13, 0x00, 0x00, 0x32, 0x21, 0x23, 0xC3, 0x23, 0x00, 0x00, 0x00, 0x00, 0x32, 0xAB, 0x32, 0x21, 0x23, 0x00,
    0x00, 0x53, 0x38, 0x18, 0x38, 0x46, 0x50, 0x00, 0x00, 0x05, 0x64, 0x6D, 0xA1, 0x11, 0x23, 0x00, 0x00, 0x59, 0x43, 0x84, 0x11, 0x93, 0x35, 0x00,
    0x00, 0x5A, 0x21, 0x28, 0x21, 0x21, 0x95, 0x00, 0x00, 0x56, 0x48, 0x64, 0x24, 0xA9, 0x46, 0x35, 0x55, 0x62, 0x12, 0x14, 0x11, 0x24, 0x65, 0x00,
    0x00, 0x03, 0x79, 0x31, 0x42, 0x32, 0x44, 0x44, 0x93, 0x81, 0x21, 0x18, 0x38, 0x12, 0x30, 0x00, 0x00, 0x05, 0x64, 0x6A, 0x83, 0x64, 0x77, 0x74,
    0x49, 0x31, 0x21, 0x83, 0x93, 0x98, 0x50, 0x00, 0x00, 0x00, 0x54, 0x49, 0x69, 0x77, 0x77, 0x77, 0x74, 0x31, 0x14, 0x66, 0x48, 0x33, 0x00, 0x00,
    0x00, 0x00, 0x53, 0x44, 0x44, 0x77, 0x77, 0x77, 0x74, 0x6A, 0x28, 0x32, 0x44, 0x55, 0x00, 0x00, 0x00, 0x00, 0x05, 0x34, 0x47, 0x77, 0x77, 0x77,
    0x77, 0x46, 0x33, 0x94, 0x4A, 0x50, 0x00, 0x00, 0x00, 0x00, 0x00, 0x53, 0x44, 0x77, 0x77, 0x77, 0x77, 0x74, 0x44, 0x44, 0x35, 0x00, 0x00, 0x00,
    0x00, 0x00, 0x00, 0x05, 0x56, 0x44, 0x44, 0x77, 0x77, 0x74, 0x44, 0x65, 0x50, 0x00, 0x00, 0x00, 0x00, 0x00, 0x00, 0x00, 0x05, 0x36, 0x94, 0x74,
    0x47, 0x49, 0x63, 0x50, 0x00, 0x00, 0x00, 0x00, 0x00, 0x00, 0x00, 0x00, 0x00, 0x05, 0x53, 0x33, 0x33, 0x35, 0x50, 0x00, 0x00, 0x00, 0x00, 0x00,
    0x00, 0x00, 0x00, 0x00, 0x00, 0x00, 0x00, 0x00, 0x00, 0x00, 0x00, 0x00, 0x00, 0x00, 0x00, 0x00, 0x00, 0x00, 0x00, 0x00, 0x00, 0x00, 0x00, 0x00,
    0x00, 0x00, 0x00, 0x00, 0x00, 0x00, 0x00, 0x00,
  },
  {
    0x00, 0x00, 0x00, 0x00, 0x00, 0x00, 0x00, 0x00, 0x00, 0x00, 0x00, 0x00, 0x00, 0x00, 0x00, 0x00, 0x00, 0x00, 0x00, 0x00, 0x00, 0x00, 0x00, 0x00,
    0x00, 0x00, 0x00, 0x00, 0x00, 0x00, 0x00, 0x00, 0x00, 0x00, 0x00, 0x00, 0x00, 0x00, 0x03, 0x35, 0x53, 0x30, 0x00, 0x00, 0x00, 0x00, 0x00, 0x00,
    0x00, 0x00, 0x00, 0x00, 0x00, 0x00, 0x36, 0x84, 0x4C, 0x63, 0x00, 0x00, 0x00, 0x00, 0x00, 0x00, 0x00, 0x00, 0x00, 0x00, 0x00, 0x03, 0xC7, 0x72,
    0x74, 0x4E, 0x30, 0x00, 0x00, 0x00, 0x00, 0x00, 0x00, 0x00, 0x00, 0x00, 0x00, 0x36, 0x72, 0x22, 0x22, 0x88, 0xD3, 0x00, 0x00, 0x00, 0x00, 0x00,
    0x00, 0x00, 0x00, 0x00, 0x00, 0x34, 0x42, 0x22, 0x22, 0x44, 0x83, 0x00, 0x00, 0x00, 0x00, 0x00, 0x00, 0x00, 0x00, 0x00, 0x03, 0x36, 0xC4, 0x72,
    0x27, 0x46, 0xD3, 0x30, 0x00, 0x00, 0x00, 0x00, 0x00, 0x00, 0x00, 0x03, 0x36, 0x66, 0x55, 0x67, 0x76, 0x5D, 0x66, 0xD3, 0x30, 0x00, 0x00, 0x00,
    0x00, 0x00, 0x00, 0x35, 0xC7, 0x77, 0x4C, 0x56, 0x65, 0xC7, 0x72, 0x4C, 0x53, 0x00, 0x00, 0x00, 0x00, 0x00, 0x03, 0x54, 0x72, 0x22, 0x44, 0x83,
    0x54, 0x72, 0x22, 0x44, 0x85, 0x30, 0x00, 0x00, 0x00, 0x00, 0x03, 0xC7, 0x22, 0x22, 0x24, 0x46, 0xD7, 0x22, 0x22, 0x24, 0x4E, 0x30, 0x00, 0x00,
    0x00, 0x00, 0x03, 0x47, 0x22, 0x22, 0x24, 0x88, 0x54, 0x72, 0x22, 0x24, 0x88, 0x30, 0x00, 0x00, 0x00, 0x00, 0x05, 0x42, 0x22, 0x22, 0x24, 0x88,
    0x54, 0x72, 0x22, 0x24, 0x88, 0x50, 0x00, 0x00, 0x00, 0x00, 0x03, 0x47, 0x22, 0x22, 0x24, 0x88, 0x54, 0x72, 0x22, 0x24, 0x88, 0x30, 0x00, 0x00,
    0x00, 0x00, 0x03, 0xC7, 0x22, 0x22, 0x24, 0x46, 0x52, 0x22, 0x22, 0x24, 0x4E, 0x30, 0x00, 0x00, 0x00, 0x00, 0x00, 0x54, 0x44, 0x44, 0x74, 0x85,
    0x84, 0x44, 0x44, 0x74, 0x85, 0x00, 0x00, 0x00, 0x00, 0x00, 0x03, 0x35, 0x66, 0x66, 0x66, 0x53, 0x66, 0x66, 0x66, 0x6D, 0x53, 0x30, 0x00, 0x00,
    0x00, 0x00, 0x35, 0xA9, 0x99, 0x99, 0x99, 0x99, 0x99, 0x99, 0x99, 0x99, 0x9A, 0x53, 0x00, 0x00, 0x00, 0x00, 0x3A, 0x11, 0x11, 0x11, 0x11, 0x11,
    0x11, 0x11, 0x11, 0x11, 0x11, 0xA3, 0x00, 0x00, 0x00, 0x00, 0x3A, 0x11, 0x11, 0x11, 0x11, 0x11, 0x11, 0x11, 0x11, 0x11, 0x11, 0xA3, 0x00, 0x00,
    0x00, 0x00, 0x39, 0x11, 0x11, 0x11, 0x11, 0x11, 0x11, 0x11, 0x11, 0x11, 0x11, 0x93, 0x00, 0x00, 0x00, 0x00, 0x03, 0xAB, 0xBB, 0xBB, 0x11, 0x11,
    0x11, 0x11, 0xBB, 0xBB, 0xBA, 0x30, 0x00, 0x00, 0x00, 0x00, 0x00, 0x35, 0x55, 0x55, 0x5A, 0x11, 0x11, 0xA5, 0x55, 0x55, 0x53, 0x00, 0x00, 0x00,
    0x00, 0x00, 0x00, 0x00, 0x00, 0x00, 0x33, 0xA1, 0x1A, 0x33, 0x00, 0x00, 0x00, 0x00, 0x00, 0x00, 0x00, 0x00, 0x00, 0x00, 0x00, 0x00, 0x03, 0x51,
    0x15, 0x30, 0x00, 0x00, 0x00, 0x00, 0x00, 0x00, 0x00, 0x00, 0x00, 0x00, 0x00, 0x00, 0x00, 0x51, 0x15, 0x00, 0x00, 0x00, 0x00, 0x00, 0x00, 0x00,
    0x00, 0x00, 0x00, 0x00, 0x00, 0x00, 0x00, 0x51, 0x15, 0x00, 0x00, 0x00, 0x00, 0x00, 0x00, 0x00, 0x00, 0x00, 0x00, 0x00, 0x00, 0x00, 0x00, 0x5B,
    0xB5, 0x00, 0x00, 0x00, 0x00, 0x00, 0x00, 0x00, 0x00, 0x00, 0x00, 0x00, 0x00, 0x03, 0x33, 0x35, 0x53, 0x33, 0x30, 0x00, 0x00, 0x00, 0x00, 0x00,
    0x00, 0x00, 0x00, 0x00, 0x00, 0x00, 0x00, 0x00, 0x00, 0x00, 0x00, 0x00, 0x00, 0x00, 0x00, 0x00, 0x00, 0x00, 0x00, 0x00, 0x00, 0x00, 0x00, 0x00,
    0x00, 0x00, 0x00, 0x00, 0x00, 0x00, 0x00, 0x00,
  },
  {
    0x00, 0x00, 0x00, 0x00, 0x00, 0x00, 0x00, 0x00, 0x00, 0x00, 0x00, 0x00, 0x00, 0x00, 0x00, 0x00, 0x00, 0x00, 0x00, 0x00, 0x00, 0x00, 0x00, 0x00,
    0x00, 0x00, 0x00, 0x00, 0x00, 0x00, 0x00, 0x00, 0x00, 0x00, 0x02, 0x00, 0x00, 0x00, 0x00, 0x00, 0x00, 0x00, 0x00, 0x00, 0x02, 0x20, 0x00, 0x00,
    0x00, 0x00, 0x02, 0x20, 0x00, 0x00, 0x00, 0x00, 0x00, 0x00, 0x00, 0x00, 0x02, 0x20, 0x00, 0x00, 0x00, 0x00, 0x02, 0x20, 0x00, 0x00, 0x00, 0x00,
    0x00, 0x00, 0x00, 0x00, 0x02, 0x20, 0x00, 0x00, 0x00, 0x00, 0x02, 0x20, 0x00, 0x00, 0x00, 0x00, 0x00, 0x00, 0x00, 0x00, 0x02, 0x20, 0x00, 0x00,
    0x00, 0x00, 0x02, 0x20, 0x00, 0x00, 0x00, 0x00, 0x00, 0x00, 0x00, 0x00, 0x02, 0x20, 0x00, 0x00, 0x00, 0x00, 0x02, 0x20, 0x00, 0x00, 0x00, 0x00,
    0x00, 0x00, 0x00, 0x00, 0x02, 0x00, 0x00, 0x00, 0x00, 0x00, 0x00, 0x23, 0x11, 0x11, 0x11, 0x11, 0x11, 0x11, 0xE4, 0x45, 0xC2, 0x00, 0x00, 0x00,
    0x00, 0x00, 0x00, 0x24, 0x11, 0x11, 0x11, 0x11, 0x11, 0x11, 0x44, 0x45, 0xC2, 0x00, 0x00, 0x00, 0x00, 0x00, 0x00, 0x2C, 0x11, 0x11, 0x11, 0x11,
    0x11, 0x15, 0x33, 0x34, 0x92, 0x00, 0x00, 0x00, 0x00, 0x00, 0x00, 0x29, 0x11, 0x11, 0x11, 0x11, 0x11, 0x15, 0x3A, 0x34, 0x62, 0x00, 0x00, 0x00,
    0x00, 0x00, 0x00, 0x26, 0x11, 0x11, 0x11, 0x11, 0x11, 0x15, 0x3A, 0x34, 0x62, 0x00, 0x00, 0x00, 0x00, 0x00, 0x00, 0x26, 0x11, 0x11, 0x11, 0x11,
    0x11, 0x14, 0x37, 0x34, 0xD2, 0x00, 0x00, 0x00, 0x00, 0x00, 0x00, 0x08, 0x51, 0x11, 0x11, 0x11, 0x11, 0x14, 0x37, 0x7A, 0x80, 0x00, 0x00, 0x00,
    0x00, 0x00, 0x00, 0x02, 0x31, 0x11, 0x11, 0x11, 0x11, 0x14, 0x33, 0x49, 0xB0, 0x00, 0x00, 0x00, 0x00, 0x00, 0x00, 0x02, 0x91, 0x11, 0x11, 0x11,
    0x11, 0x14, 0x33, 0x4C, 0x20, 0x00, 0x00, 0x00, 0x00, 0x00, 0x00, 0x02, 0x91, 0x11, 0x11, 0x11, 0x11, 0x13, 0x73, 0x49, 0x20, 0x00, 0x00, 0x00,
    0x00, 0x00, 0x00, 0x02, 0x61, 0x11, 0x11, 0x11, 0x11, 0x53, 0xA3, 0xE6, 0x20, 0x00, 0x00, 0x00, 0x00, 0x00, 0x00, 0x02, 0x61, 0x11, 0x11, 0x11,
    0x11, 0x53, 0xA3, 0x46, 0x20, 0x00, 0x00, 0x00, 0x00, 0x00, 0x00, 0x00, 0xD1, 0x11, 0x11, 0x11, 0x11, 0x53, 0x73, 0x46, 0x20, 0x00, 0x00, 0x00,
    0x00, 0x00, 0x00, 0x00, 0xB5, 0x11, 0x11, 0x11, 0x11, 0x43, 0x77, 0x78, 0x20, 0x00, 0x00, 0x00, 0x00, 0x00, 0x00, 0x00, 0x23, 0x11, 0x11, 0x11,
    0x11, 0x43, 0x74, 0x3B, 0x00, 0x00, 0x00, 0x00, 0x00, 0x00, 0x00, 0x00, 0x2C, 0x11, 0x11, 0x11, 0x11, 0x43, 0x34, 0x92, 0x00, 0x00, 0x00, 0x00,
    0x00, 0x00, 0x00, 0x00, 0x29, 0x11, 0x11, 0x11, 0x11, 0xA7, 0x34, 0x92, 0x00, 0x00, 0x00, 0x00, 0x00, 0x00, 0x00, 0x00, 0x26, 0x11, 0x11, 0x11,
    0x11, 0x37, 0x34, 0x92, 0x00, 0x00, 0x00, 0x00, 0x00, 0x00, 0x00, 0x00, 0x2D, 0x11, 0x11, 0x11, 0x15, 0x37, 0x35, 0x62, 0x00, 0x00, 0x00, 0x00,
    0x00, 0x00, 0x00, 0x00, 0x08, 0x11, 0x11, 0x11, 0x15, 0x34, 0x34, 0x62, 0x00, 0x00, 0x00, 0x00, 0x00, 0x00, 0x00, 0x00, 0x0B, 0x41, 0x11, 0x11,
    0x14, 0x33, 0x3A, 0xD2, 0x00, 0x00, 0x00, 0x00, 0x00, 0x00, 0x00, 0x00, 0x02, 0xB8, 0x88, 0x88, 0x88, 0xBF, 0xFB, 0x20, 0x00, 0x00, 0x00, 0x00,
    0x00, 0x00, 0x00, 0x00, 0x00, 0x00, 0x00, 0x00, 0x00, 0x00, 0x00, 0x00, 0x00, 0x00, 0x00, 0x00, 0x00, 0x00, 0x00, 0x00, 0x00, 0x00, 0x00, 0x00,
    0x00, 0x00, 0x00, 0x00, 0x00, 0x00, 0x00, 0x00,
  },
  {
    0x00, 0x00, 0x00, 0x00, 0x00, 0x00, 0x00, 0x00, 0x00, 0x00, 0x00, 0x00, 0x00, 0x00, 0x00, 0x00, 0x00, 0x00, 0x00, 0x00, 0x00, 0x00, 0x00, 0x00,
    0x00, 0x00, 0x00, 0x00, 0x00, 0x00, 0x00, 0x00, 0x00, 0x00, 0x00, 0x00, 0x72, 0x33, 0x33, 0x32, 0x23, 0x33, 0x33, 0x27, 0x00, 0x00, 0x00, 0x00,
    0x00, 0x00, 0x00, 0x00, 0x25, 0x44, 0x44, 0x45, 0x54, 0x44, 0x44, 0x52, 0x00, 0x00, 0x00, 0x00, 0x00, 0x00, 0x00, 0x00, 0x24, 0x23, 0x33, 0x23,
    0x32, 0x33, 0x32, 0x42, 0x00, 0x00, 0x00, 0x00, 0x00, 0x00, 0x00, 0x00, 0x24, 0x26, 0x56, 0x44, 0x44, 0x65, 0x62, 0x42, 0x00, 0x00, 0x00, 0x00,
    0x00, 0x00, 0x00, 0x00, 0x24, 0x26, 0x56, 0x44, 0x44, 0x65, 0x62, 0x42, 0x00, 0x00, 0x00, 0x00, 0x00, 0x00, 0x00, 0x00, 0x24, 0x24, 0x34, 0x23,
    0x32, 0x43, 0x42, 0x42, 0x00, 0x00, 0x00, 0x00, 0x00, 0x00, 0x00, 0x00, 0x25, 0x44, 0x44, 0x45, 0x54, 0x44, 0x44, 0x52, 0x00, 0x00, 0x00, 0x00,
    0x00, 0x00, 0x00, 0x00, 0x25, 0x33, 0x33, 0x34, 0x43, 0x33, 0x34, 0x92, 0x00, 0x00, 0x00, 0x00, 0x00, 0x00, 0x00, 0x00, 0x24, 0x24, 0x44, 0x23,
    0x33, 0x55, 0x45, 0x54, 0x00, 0x00, 0x00, 0x00, 0x00, 0x00, 0x00, 0x00, 0x24, 0x26, 0x9A, 0x55, 0x55, 0x44, 0x32, 0x22, 0x70, 0x00, 0x00, 0x00,
    0x00, 0x00, 0x00, 0x00, 0x35, 0x45, 0x54, 0x32, 0x22, 0x33, 0x85, 0x11, 0x20, 0x00, 0x00, 0x00, 0x00, 0x00, 0x00, 0x00, 0x33, 0x22, 0x23, 0x88,
    0xB1, 0x11, 0x11, 0x11, 0x20, 0x00, 0x00, 0x00, 0x00, 0x00, 0x00, 0x07, 0x38, 0x51, 0x11, 0x11, 0x11, 0x11, 0x11, 0x11, 0x20, 0x00, 0x00, 0x00,
    0x00, 0x00, 0x00, 0x02, 0x11, 0x11, 0x11, 0x11, 0x11, 0x11, 0x11, 0x11, 0x20, 0x00, 0x00, 0x00, 0x00, 0x00, 0x00, 0x02, 0x11, 0x11, 0x11, 0x11,
    0x11, 0x11, 0x11, 0x11, 0x20, 0x00, 0x00, 0x00, 0x00, 0x00, 0x00, 0x02, 0x11, 0x11, 0x11, 0x11, 0x11, 0x11, 0x11, 0x11, 0x20, 0x00, 0x00, 0x00,
    0x00, 0x00, 0x00, 0x02, 0x11, 0x11, 0x11, 0x11, 0x11, 0x11, 0x11, 0x11, 0x20, 0x00, 0x00, 0x00, 0x00, 0x00, 0x00, 0x02, 0x11, 0x11, 0x11, 0x11,
    0x11, 0x11, 0x11, 0x11, 0x20, 0x00, 0x00, 0x00, 0x00, 0x00, 0x00, 0x02, 0x11, 0x11, 0x11, 0x11, 0x11, 0x11, 0x11, 0x11, 0x20, 0x00, 0x00, 0x00,
    0x00, 0x00, 0x00, 0x02, 0x11, 0x11, 0x11, 0x11, 0x11, 0x11, 0x11, 0x11, 0x20, 0x00, 0x00, 0x00, 0x00, 0x00, 0x00, 0x02, 0x11, 0x11, 0x11, 0x11,
    0x11, 0x11, 0x11, 0x11, 0x20, 0x00, 0x00, 0x00, 0x00, 0x00, 0x00, 0x02, 0x11, 0x11, 0x11, 0x11, 0x11, 0x11, 0x11, 0x11, 0x20, 0x00, 0x00, 0x00,
    0x00, 0x00, 0x00, 0x02, 0x11, 0x11, 0x11, 0x11, 0x11, 0x11, 0x11, 0x11, 0x20, 0x00, 0x00, 0x00, 0x00, 0x00, 0x00, 0x02, 0x11, 0x11, 0x11, 0x11,
    0x11, 0x11, 0x11, 0x11, 0x20, 0x00, 0x00, 0x00, 0x00, 0x00, 0x00, 0x02, 0x11, 0x11, 0x11, 0x11, 0x11, 0x11, 0x11, 0x11, 0x20, 0x00, 0x00, 0x00,
    0x00, 0x00, 0x00, 0x02, 0x11, 0x11, 0x11, 0x11, 0x11, 0x11, 0x11, 0x11, 0x20, 0x00, 0x00, 0x00, 0x00, 0x00, 0x00, 0x02, 0x11, 0x11, 0x11, 0x11,
    0x11, 0x11, 0x11, 0x11, 0x20, 0x00, 0x00, 0x00, 0x00, 0x00, 0x00, 0x07, 0x33, 0x33, 0x33, 0x33, 0x33, 0x33, 0x33, 0x33, 0x70, 0x00, 0x00, 0x00,
    0x00, 0x00, 0x00, 0x00, 0x00, 0x00, 0x00, 0x00, 0x00, 0x00, 0x00, 0x00, 0x00, 0x00, 0x00, 0x00, 0x00, 0x00, 0x00, 0x00, 0x00, 0x00, 0x00, 0x00,
    0x00, 0x00, 0x00, 0x00, 0x00, 0x00, 0x00, 0x00,
  },
  {
    0x00, 0x00, 0x00, 0x00, 0x00, 0x00, 0x00, 0x00, 0x00, 0x00, 0x00, 0x00, 0x00, 0x00, 0x00, 0x00, 0x00, 0x00, 0x00, 0x00, 0x00, 0x00, 0x00, 0x00,
    0x00, 0x00, 0x00, 0x00, 0x00, 0x00, 0x00, 0x00, 0x00, 0x00, 0x00, 0x00, 0x00, 0x03, 0x3B, 0x88, 0x88, 0xB3, 0x30, 0x00, 0x00, 0x00, 0x00, 0x00,
    0x00, 0x00, 0x00, 0x00, 0x03, 0xBC, 0xD4, 0x19, 0x91, 0x4D, 0xCB, 0x30, 0x00, 0x00, 0x00, 0x00, 0x00, 0x00, 0x00, 0x03, 0x3F, 0x49, 0x99, 0x11,
    0x11, 0x99, 0x94, 0xC3, 0x30, 0x00, 0x00, 0x00, 0x00, 0x00, 0x00, 0x38, 0x49, 0x11, 0x11, 0x11, 0x11, 0x11, 0x11, 0x94, 0x83, 0x00, 0x00, 0x00,
    0x00, 0x00, 0x03, 0x84, 0x91, 0x11, 0x11, 0x11, 0x11, 0x11, 0x11, 0x19, 0x48, 0x30, 0x00, 0x00, 0x00, 0x00, 0x38, 0x49, 0x11, 0x11, 0x11, 0x11,
    0x11, 0x11, 0x11, 0x11, 0x92, 0x83, 0x00, 0x00, 0x00, 0x00, 0x34, 0x91, 0x11, 0x11, 0x11, 0x11, 0x11, 0x11, 0x11, 0x11, 0x14, 0x23, 0x00, 0x00,
    0x00, 0x03, 0xC9, 0x11, 0x11, 0x11, 0x55, 0x14, 0x41, 0x55, 0x11, 0x11, 0x11, 0x4C, 0x30, 0x00, 0x00, 0x0B, 0x41, 0x11, 0x11, 0x51, 0x7A, 0x66,
    0x66, 0xA7, 0x15, 0x11, 0x11, 0x42, 0xB0, 0x00, 0x00, 0x3C, 0x91, 0x11, 0x15, 0x76, 0x67, 0x77, 0x77, 0x76, 0x67, 0x51, 0x11, 0x42, 0xC3, 0x00,
    0x00, 0x3D, 0x91, 0x11, 0x5A, 0x67, 0x55, 0x11, 0x11, 0x55, 0x76, 0xA5, 0x11, 0x42, 0xD3, 0x00, 0x00, 0xB4, 0x91, 0x15, 0xA6, 0x45, 0x11, 0x11,
    0x11, 0x11, 0x54, 0x6A, 0x51, 0x42, 0x2B, 0x00, 0x00, 0x81, 0x11, 0x17, 0x67, 0x14, 0x11, 0x11, 0x11, 0x11, 0x41, 0x76, 0x71, 0x42, 0x28, 0x00,
    0x00, 0x89, 0x11, 0x5A, 0xA5, 0x41, 0x11, 0x11, 0x11, 0x11, 0x14, 0x5A, 0xA5, 0x42, 0x28, 0x00, 0x00, 0x89, 0x11, 0x46, 0x71, 0x11, 0x11, 0x11,
    0x11, 0x11, 0x11, 0x17, 0x64, 0x42, 0x28, 0x00, 0x00, 0x81, 0x11, 0x76, 0x11, 0x11, 0x11, 0x11, 0x11, 0x11, 0x11, 0x11, 0x67, 0x22, 0x28, 0x00,
    0x00, 0xB4, 0x95, 0x7A, 0x11, 0x11, 0x11, 0x11, 0x11, 0x11, 0x11, 0x11, 0x67, 0x22, 0x2B, 0x00, 0x00, 0x3D, 0x95, 0x76, 0x11, 0x11, 0x11, 0x11,
    0x11, 0x11, 0x11, 0x11, 0x67, 0x22, 0xD3, 0x00, 0x00, 0x3C, 0x91, 0x76, 0x41, 0x11, 0x11, 0x11, 0x11, 0x11, 0x11, 0x14, 0x62, 0x24, 0xC3, 0x00,
    0x00, 0x0B, 0x41, 0x16, 0x75, 0x11, 0x11, 0x11, 0x11, 0x11, 0x11, 0x57, 0xA2, 0x22, 0xB0, 0x00, 0x00, 0x03, 0xC4, 0x57, 0x61, 0x11, 0x11, 0x11,
    0x11, 0x11, 0x11, 0x16, 0x72, 0x4C, 0x30, 0x00, 0x00, 0x00, 0x34, 0x95, 0xAA, 0x51, 0x11, 0x11, 0x11, 0x11, 0x15, 0xAA, 0x22, 0x23, 0x00, 0x00,
    0x00, 0x00, 0x38, 0x49, 0x16, 0xA5, 0x11, 0x11, 0x11, 0x11, 0x4A, 0x62, 0x22, 0x83, 0x00, 0x00, 0x00, 0x00, 0x03, 0x84, 0x91, 0x6A, 0x51, 0x11,
    0x11, 0x14, 0xA6, 0x22, 0x28, 0x30, 0x00, 0x00, 0x00, 0x00, 0x00, 0x38, 0x21, 0x46, 0x71, 0x11, 0x44, 0x22, 0x62, 0x22, 0x83, 0x00, 0x00, 0x00,
    0x00, 0x00, 0x00, 0x03, 0x3C, 0x2A, 0xA4, 0x22, 0x22, 0x2A, 0xA2, 0xC3, 0x30, 0x00, 0x00, 0x00, 0x00, 0x00, 0x00, 0x00, 0x03, 0xBC, 0xE2, 0x22,
    0x22, 0x2E, 0xCB, 0x30, 0x00, 0x00, 0x00, 0x00, 0x00, 0x00, 0x00, 0x00, 0x00, 0x03, 0x3B, 0x88, 0x88, 0xB3, 0x30, 0x00, 0x00, 0x00, 0x00, 0x00,
    0x00, 0x00, 0x00, 0x00, 0x00, 0x00, 0x00, 0x00, 0x00, 0x00, 0x00, 0x00, 0x00, 0x00, 0x00, 0x00, 0x00, 0x00, 0x00, 0x00, 0x00, 0x00, 0x00, 0x00,
    0x00, 0x00, 0x00, 0x00, 0x00, 0x00, 0x00, 0x00,
  },
  {
    0x00, 0x00, 0x00, 0x00, 0x00, 0x00, 0x00, 0x00, 0x00, 0x00, 0x00, 0x00, 0x00, 0x00, 0x00, 0x00, 0x00, 0x00, 0x00, 0x00, 0x00, 0x00, 0x00, 0x00,
    0x00, 0x00, 0x00, 0x00, 0x00, 0x00, 0x00, 0x00, 0x00, 0x00, 0x00, 0x02, 0x26, 0x62, 0x00, 0x00, 0x00, 0x00, 0x26, 0x62, 0x20, 0x00, 0x00, 0x00,
    0x00, 0x00, 0x00, 0x26, 0x54, 0x45, 0x20, 0x00, 0x00, 0x02, 0x54, 0x45, 0x62, 0x00, 0x00, 0x00, 0x00, 0x00, 0x00, 0x25, 0x34, 0x33, 0xB2, 0xCC,
    0xC8, 0x2B, 0x33, 0x43, 0x52, 0x00, 0x00, 0x00, 0x00, 0x00, 0x00, 0x83, 0x43, 0x48, 0xC3, 0x71, 0x17, 0x3C, 0x84, 0x34, 0x38, 0x00, 0x00, 0x00,
    0x00, 0x00, 0x00, 0x83, 0x44, 0x85, 0x1A, 0x11, 0x11, 0xA1, 0x56, 0x44, 0x38, 0x00, 0x00, 0x00, 0x00, 0x00, 0x00, 0x25, 0x3B, 0x9A, 0x11, 0x11,
    0x11, 0x11, 0xA9, 0xB3, 0x52, 0x00, 0x00, 0x00, 0x00, 0x00, 0x00, 0x28, 0x58, 0x71, 0x11, 0x11, 0x11, 0x11, 0x17, 0x85, 0x82, 0x00, 0x00, 0x00,
    0x00, 0x00, 0x00, 0x02, 0x25, 0xA1, 0x17, 0x71, 0x17, 0x71, 0x1A, 0x52, 0x20, 0x00, 0x00, 0x00, 0x00, 0x00, 0x00, 0x00, 0x23, 0xA1, 0x16, 0x21,
    0x12, 0x61, 0x1A, 0x32, 0x00, 0x00, 0x00, 0x00, 0x00, 0x00, 0x00, 0x00, 0x27, 0x11, 0x14, 0x4A, 0xA4, 0x41, 0x11, 0x72, 0x00, 0x00, 0x00, 0x00,
    0x00, 0x00, 0x00, 0x00, 0x23, 0xA1, 0x1A, 0x35, 0x53, 0xA1, 0x1A, 0x32, 0x00, 0x00, 0x00, 0x00, 0x00, 0x00, 0x00, 0x00, 0x23, 0xA1, 0x7C, 0x2D,
    0xD2, 0xC7, 0x1A, 0x52, 0x00, 0x00, 0x00, 0x00, 0x00, 0x00, 0x00, 0x00, 0x2C, 0x11, 0xDB, 0x6D, 0xD6, 0xBD, 0x11, 0xC6, 0x00, 0x00, 0x00, 0x00,
    0x00, 0x00, 0x00, 0x00, 0x02, 0x47, 0x64, 0x56, 0x65, 0x46, 0x74, 0x20, 0x00, 0x00, 0x00, 0x00, 0x00, 0x00, 0x00, 0x00, 0x00, 0x65, 0xC5, 0xB6,
    0x6B, 0x5C, 0x56, 0x00, 0x00, 0x00, 0x00, 0x00, 0x00, 0x00, 0x00, 0x00, 0x00, 0x22, 0x2B, 0x59, 0x95, 0xB2, 0x62, 0x00, 0x00, 0x00, 0x00, 0x00,
    0x00, 0x00, 0x00, 0x00, 0x02, 0x47, 0x52, 0x2B, 0xB2, 0x25, 0x74, 0x20, 0x00, 0x00, 0x00, 0x00, 0x00, 0x00, 0x00, 0x00, 0x25, 0x11, 0x17, 0x33,
    0x33, 0x71, 0x11, 0x52, 0x00, 0x00, 0x00, 0x00, 0x00, 0x00, 0x00, 0x22, 0x27, 0x93, 0xA1, 0x41, 0x14, 0x11, 0x7C, 0x72, 0x26, 0x00, 0x00, 0x00,
    0x00, 0x00, 0x02, 0x8B, 0x6D, 0x3C, 0x11, 0xD3, 0x4C, 0x11, 0x95, 0xD6, 0xB8, 0x20, 0x00, 0x00, 0x00, 0x00, 0x29, 0x33, 0x3B, 0xDD, 0x5E, 0x39,
    0x94, 0xE4, 0xCC, 0xB3, 0x33, 0x92, 0x00, 0x00, 0x00, 0x02, 0x83, 0x44, 0x43, 0x85, 0x83, 0xC3, 0x48, 0x38, 0x58, 0x34, 0x44, 0x38, 0x20, 0x00,
    0x00, 0x02, 0x53, 0x44, 0x43, 0xD5, 0x79, 0x31, 0x13, 0x97, 0x59, 0x34, 0x44, 0x35, 0x20, 0x00, 0x00, 0x02, 0x55, 0x44, 0x43, 0x99, 0xF1, 0xA1,
    0x1A, 0x1F, 0x99, 0x34, 0x43, 0x59, 0x20, 0x00, 0x00, 0x02, 0x96, 0x53, 0x43, 0xB5, 0xA7, 0x11, 0x11, 0x7A, 0x5B, 0x34, 0x34, 0x6B, 0x20, 0x00,
    0x00, 0x00, 0x89, 0x69, 0x34, 0x27, 0xA1, 0x11, 0x11, 0x1A, 0x72, 0x43, 0x56, 0xB6, 0x00, 0x00, 0x00, 0x00, 0x2B, 0x99, 0x58, 0x29, 0x37, 0x11,
    0x17, 0x74, 0xD2, 0x85, 0x59, 0xC2, 0x00, 0x00, 0x00, 0x00, 0x02, 0x68, 0x22, 0x02, 0x22, 0x8C, 0xC8, 0x22, 0x20, 0x22, 0x86, 0x20, 0x00, 0x00,
    0x00, 0x00, 0x00, 0x00, 0x00, 0x00, 0x00, 0x00, 0x00, 0x00, 0x00, 0x00, 0x00, 0x00, 0x00, 0x00, 0x00, 0x00, 0x00, 0x00, 0x00, 0x00, 0x00, 0x00,
    0x00, 0x00, 0x00, 0x00, 0x00, 0x00, 0x00, 0x00,
  },
  {
    0x00, 0x00, 0x00, 0x00, 0x00, 0x00, 0x00, 0x00, 0x00, 0x00, 0x00, 0x00, 0x00, 0x00, 0x00, 0x00, 0x00, 0x00, 0x00, 0x00, 0x00, 0x00, 0x00, 0x00,
    0x00, 0x00, 0x00, 0x00, 0x00, 0x00, 0x00, 0x00, 0x00, 0x00, 0x00, 0x00, 0x00, 0x00, 0x00, 0x00, 0x00, 0x00, 0x00, 0x00, 0x00, 0x01, 0x00, 0x00,
    0x00, 0x00, 0x00, 0x00, 0x00, 0x00, 0x00, 0x00, 0x00, 0x00, 0x00, 0x00, 0x11, 0x11, 0x11, 0x00, 0x00, 0x00, 0x00, 0x00, 0x00, 0x00, 0x00, 0x00,
    0x00, 0x00, 0x00, 0x01, 0x11, 0x00, 0x11, 0x00, 0x00, 0x00, 0x00, 0x00, 0x00, 0x00, 0x00, 0x00, 0x00, 0x00, 0x00, 0x11, 0x11, 0x11, 0x11, 0x00,
    0x00, 0x00, 0x00, 0x00, 0x00, 0x00, 0x00, 0x00, 0x00, 0x00, 0x01, 0x10, 0x00, 0x11, 0x10, 0x00, 0x00, 0x00, 0x00, 0x00, 0x00, 0x00, 0x00, 0x00,
    0x00, 0x00, 0x01, 0x00, 0x00, 0x00, 0x00, 0x00, 0x00, 0x00, 0x00, 0x00, 0x00, 0x00, 0x00, 0x00, 0x00, 0x00, 0x11, 0x00, 0x00, 0x00, 0x00, 0x00,
    0x00, 0x00, 0x00, 0x00, 0x00, 0x00, 0x00, 0x00, 0x00, 0x00, 0x11, 0x00, 0x00, 0x00, 0x00, 0x00, 0x00, 0x00, 0x00, 0x00, 0x00, 0x00, 0x00, 0x00,
    0x00, 0x00, 0x11, 0x00, 0x00, 0x00, 0x00, 0x00, 0x00, 0x00, 0x00, 0x00, 0x00, 0x01, 0x10, 0x00, 0x00, 0x00, 0x10, 0x00, 0x00, 0x00, 0x00, 0x00,
    0x00, 0x00, 0x00, 0x00, 0x11, 0x12, 0x22, 0x11, 0x00, 0x01, 0x10, 0x00, 0x00, 0x00, 0x00, 0x00, 0x00, 0x00, 0x00, 0x01, 0x12, 0x26, 0x27, 0xBA,
    0x10, 0x01, 0x10, 0x00, 0x00, 0x00, 0x00, 0x00, 0x00, 0x00, 0x00, 0x11, 0x11, 0x12, 0x22, 0x64, 0x21, 0x11, 0x00, 0x00, 0x00, 0x00, 0x00, 0x00,
    0x00, 0x00, 0x01, 0x64, 0x4B, 0x4A, 0x6A, 0xA2, 0x26, 0x10, 0x00, 0x00, 0x00, 0x00, 0x00, 0x00, 0x00, 0x00, 0x14, 0x53, 0x33, 0x99, 0xC2, 0x24,
    0x7B, 0x20, 0x00, 0x00, 0x00, 0x00, 0x00, 0x00, 0x00, 0x01, 0x43, 0x33, 0x39, 0xC4, 0x33, 0x2A, 0x7B, 0xA1, 0x00, 0x00, 0x00, 0x00, 0x00, 0x00,
    0x00, 0x12, 0x94, 0x64, 0xC4, 0x16, 0x53, 0x52, 0x77, 0x71, 0x00, 0x00, 0x00, 0x00, 0x00, 0x00, 0x00, 0x1B, 0x9B, 0x2D, 0x2D, 0xE2, 0x33, 0x37,
    0x27, 0x71, 0x00, 0x00, 0x00, 0x00, 0x00, 0x00, 0x00, 0x65, 0x35, 0x28, 0x88, 0xE2, 0x33, 0x34, 0x27, 0xA1, 0x00, 0x00, 0x00, 0x00, 0x00, 0x00,
    0x00, 0x23, 0x33, 0x2E, 0x88, 0x8D, 0x25, 0x9C, 0x2A, 0x61, 0x00, 0x00, 0x00, 0x00, 0x00, 0x00, 0x00, 0x65, 0x3A, 0xD8, 0x88, 0x88, 0x21, 0x5C,
    0x22, 0x10, 0x00, 0x00, 0x00, 0x00, 0x00, 0x00, 0x00, 0x15, 0x41, 0xDD, 0xE8, 0xD6, 0x74, 0x34, 0x11, 0x10, 0x00, 0x00, 0x00, 0x00, 0x00, 0x00,
    0x00, 0x14, 0x54, 0x4A, 0x2E, 0x6C, 0x33, 0x32, 0x11, 0x00, 0x00, 0x00, 0x00, 0x00, 0x00, 0x00, 0x00, 0x01, 0x59, 0x39, 0x71, 0x73, 0x39, 0x41,
    0x10, 0x00, 0x00, 0x00, 0x00, 0x00, 0x00, 0x00, 0x00, 0x01, 0x25, 0x33, 0x56, 0xC9, 0x9B, 0x10, 0x00, 0x00, 0x00, 0x00, 0x00, 0x00, 0x00, 0x00,
    0x00, 0x00, 0x12, 0x45, 0x33, 0x35, 0x41, 0x10, 0x00, 0x00, 0x00, 0x00, 0x00, 0x00, 0x00, 0x00, 0x00, 0x00, 0x00, 0x12, 0x22, 0x21, 0x10, 0x00,
    0x00, 0x00, 0x00, 0x00, 0x00, 0x00, 0x00, 0x00, 0x00, 0x00, 0x00, 0x00, 0x11, 0x00, 0x00, 0x00, 0x00, 0x00, 0x00, 0x00, 0x00, 0x00, 0x00, 0x00,
    0x00, 0x00, 0x00, 0x00, 0x00, 0x00, 0x00, 0x00, 0x00, 0x00, 0x00, 0x00, 0x00, 0x00, 0x00, 0x00, 0x00, 0x00, 0x00, 0x00, 0x00, 0x00, 0x00, 0x00,
    0x00, 0x00, 0x00, 0x00, 0x00, 0x00, 0x00, 0x00,
  },
  {
    0x00, 0x00, 0x00, 0x00, 0x00, 0x00, 0x00, 0x00, 0x00, 0x00, 0x00, 0x00, 0x00, 0x00, 0x00, 0x00, 0x00, 0x00, 0x00, 0x00, 0x00, 0x00, 0x00, 0x00,
    0x00, 0x00, 0x00, 0x00, 0x00, 0x00, 0x00, 0x00, 0x00, 0x00, 0x00, 0x00, 0x00, 0x00, 0x00, 0x22, 0x22, 0x00, 0x00, 0x00, 0x00, 0x00, 0x00, 0x00,
    0x00, 0x00, 0x00, 0x00, 0x00, 0x00, 0x02, 0x20, 0x02, 0x20, 0x00, 0x00, 0x00, 0x00, 0x00, 0x00, 0x00, 0x00, 0x00, 0x00, 0x00, 0x00, 0x02, 0x22,
    0x22, 0x20, 0x00, 0x00, 0x00, 0x00, 0x00, 0x00, 0x00, 0x00, 0x00, 0x00, 0x00, 0x00, 0x24, 0x78, 0x87, 0x45, 0x20, 0x00, 0x00, 0x00, 0x00, 0x00,
    0x00, 0x00, 0x00, 0x00, 0x00, 0x25, 0x83, 0x33, 0x33, 0x36, 0x42, 0x00, 0x00, 0x00, 0x00, 0x00, 0x00, 0x00, 0x00, 0x00, 0x00, 0x56, 0x31, 0x11,
    0x11, 0x13, 0x14, 0x20, 0x00, 0x00, 0x00, 0x00, 0x00, 0x00, 0x00, 0x00, 0x02, 0x73, 0x11, 0x11, 0x11, 0x11, 0x36, 0x50, 0x00, 0x00, 0x00, 0x00,
    0x00, 0x00, 0x00, 0x00, 0x24, 0x31, 0x11, 0x11, 0x11, 0x11, 0x13, 0x42, 0x00, 0x00, 0x00, 0x00, 0x00, 0x00, 0x00, 0x00, 0x27, 0x31, 0x11, 0x11,
    0x11, 0x11, 0x13, 0x62, 0x00, 0x00, 0x00, 0x00, 0x00, 0x00, 0x00, 0x00, 0x56, 0x31, 0x11, 0x11, 0x11, 0x11, 0x11, 0x65, 0x00, 0x00, 0x00, 0x00,
    0x00, 0x00, 0x00, 0x00, 0x56, 0x11, 0x11, 0x11, 0x11, 0x11, 0x11, 0x14, 0x00, 0x00, 0x00, 0x00, 0x00, 0x00, 0x00, 0x00, 0x51, 0x11, 0x11, 0x11,
    0x11, 0x11, 0x11, 0x34, 0x00, 0x00, 0x00, 0x00, 0x00, 0x00, 0x00, 0x00, 0xB1, 0x11, 0x11, 0x11, 0x11, 0x11, 0x11, 0x34, 0x20, 0x00, 0x00, 0x00,
    0x00, 0x00, 0x00, 0x00, 0x43, 0x11, 0x11, 0x11, 0x11, 0x11, 0x11, 0x34, 0x20, 0x00, 0x00, 0x00, 0x00, 0x00, 0x00, 0x02, 0x43, 0x11, 0x11, 0x11,
    0x11, 0x11, 0x11, 0x37, 0x20, 0x00, 0x00, 0x00, 0x00, 0x00, 0x00, 0x02, 0xC3, 0x11, 0x11, 0x11, 0x11, 0x11, 0x11, 0x37, 0x20, 0x00, 0x00, 0x00,
    0x00, 0x00, 0x00, 0x02, 0x73, 0x11, 0x11, 0x11, 0x11, 0x11, 0x11, 0x38, 0x20, 0x00, 0x00, 0x00, 0x00, 0x00, 0x00, 0x02, 0x73, 0x11, 0x11, 0x11,
    0x11, 0x11, 0x11, 0x36, 0x20, 0x00, 0x00, 0x00, 0x00, 0x00, 0x00, 0x05, 0x63, 0x11, 0x11, 0x11, 0x11, 0x11, 0x11, 0x16, 0x90, 0x00, 0x00, 0x00,
    0x00, 0x00, 0x00, 0x05, 0x61, 0x11, 0x11, 0x11, 0x11, 0x11, 0x11, 0x13, 0x40, 0x00, 0x00, 0x00, 0x00, 0x00, 0x00, 0x04, 0x31, 0x11, 0x11, 0x11,
    0x11, 0x11, 0x11, 0x13, 0x42, 0x00, 0x00, 0x00, 0x00, 0x00, 0x00, 0x27, 0x31, 0x11, 0x11, 0x11, 0x11, 0x11, 0x11, 0x13, 0x72, 0x00, 0x00, 0x00,
    0x00, 0x00, 0x00, 0x26, 0x31, 0x11, 0x11, 0x11, 0x11, 0x11, 0x11, 0x11, 0x65, 0x00, 0x00, 0x00, 0x00, 0x00, 0x00, 0x41, 0x11, 0x11, 0x11, 0x11,
    0x11, 0x11, 0x11, 0x11, 0x34, 0x20, 0x00, 0x00, 0x00, 0x00, 0x02, 0x5A, 0x9A, 0x9A, 0x9B, 0xBA, 0xAA, 0xBA, 0x99, 0x99, 0xA5, 0x20, 0x00, 0x00,
    0x00, 0x00, 0x00, 0x00, 0x00, 0x00, 0x0C, 0x88, 0x88, 0xC4, 0x00, 0x00, 0x00, 0x00, 0x00, 0x00, 0x00, 0x00, 0x00, 0x00, 0x00, 0x00, 0x05, 0x98,
    0x84, 0x50, 0x00, 0x00, 0x00, 0x00, 0x00, 0x00, 0x00, 0x00, 0x00, 0x00, 0x00, 0x00, 0x00, 0x55, 0x52, 0x00, 0x00, 0x00, 0x00, 0x00, 0x00, 0x00,
    0x00, 0x00, 0x00, 0x00, 0x00, 0x00, 0x00, 0x00, 0x00, 0x00, 0x00, 0x00, 0x00, 0x00, 0x00, 0x00, 0x00, 0x00, 0x00, 0x00, 0x00, 0x00, 0x00, 0x00,
    0x00, 0x00, 0x00, 0x00, 0x00, 0x00, 0x00, 0x00,
  },
  {
    0x00, 0x00, 0x00, 0x00, 0x00, 0x00, 0x00, 0x00, 0x00, 0x00, 0x00, 0x00, 0x00, 0x00, 0x00, 0x00, 0x00, 0x00, 0x00, 0x00, 0x00, 0x00, 0x00, 0x00,
    0x00, 0x00, 0x00, 0x00, 0x00, 0x00, 0x00, 0x00, 0x00, 0x00, 0x00, 0x00, 0x00, 0x00, 0x00, 0x00, 0x00, 0x00, 0x00, 0x00, 0x00, 0x00, 0x00, 0x00,
    0x00, 0x00, 0x00, 0x00, 0x00, 0x00, 0x00, 0x00, 0x00, 0x00, 0x00, 0x00, 0x00, 0x00, 0x00, 0x00, 0x00, 0x00, 0x04, 0x44, 0x44, 0x44, 0x44, 0x44,
    0x44, 0x44, 0x44, 0x4A, 0x13, 0x55, 0x11, 0x00, 0x00, 0x00, 0x00, 0x44, 0xAA, 0x66, 0x66, 0x66, 0xA8, 0x7A, 0x66, 0xA3, 0x11, 0x15, 0x21, 0x00,
    0x00, 0x00, 0x00, 0x04, 0x32, 0x11, 0x11, 0x11, 0xC8, 0xB2, 0x11, 0x15, 0x55, 0x55, 0x21, 0x00, 0x00, 0x00, 0x00, 0x04, 0xA5, 0x33, 0x33, 0x33,
    0x18, 0xB1, 0x33, 0x33, 0x33, 0x33, 0x21, 0x00, 0x00, 0x00, 0x00, 0x04, 0x32, 0x22, 0x22, 0x21, 0xCA, 0xB2, 0x22, 0x22, 0x22, 0x25, 0x21, 0x00,
    0x00, 0x44, 0x44, 0x44, 0x86, 0xA6, 0x66, 0x6A, 0x68, 0x76, 0x66, 0x66, 0x66, 0x6A, 0x21, 0x00, 0x00, 0xB7, 0x77, 0x77, 0x77, 0x77, 0x44, 0x77,
    0x77, 0x77, 0x77, 0x77, 0x44, 0x48, 0xC5, 0x00, 0x00, 0x53, 0x55, 0x53, 0x55, 0x32, 0x8B, 0x13, 0x55, 0x35, 0x55, 0x52, 0x50, 0x00, 0x00, 0x00,
    0x00, 0x11, 0x11, 0x11, 0x11, 0x32, 0x8B, 0x25, 0x11, 0x11, 0x11, 0x52, 0x20, 0x00, 0x00, 0x00, 0x00, 0x15, 0x33, 0x33, 0x33, 0x32, 0x8B, 0x13,
    0x33, 0x33, 0x33, 0x31, 0x50, 0x00, 0x00, 0x00, 0x00, 0x53, 0x12, 0x22, 0x22, 0x2C, 0x8B, 0xC2, 0x22, 0x22, 0x22, 0x2C, 0xC0, 0x00, 0x00, 0x00,
    0x00, 0x22, 0x68, 0x89, 0x99, 0x99, 0xB4, 0x99, 0x99, 0x89, 0x99, 0x99, 0xB4, 0x44, 0x44, 0x00, 0x00, 0x5C, 0x84, 0x49, 0x99, 0x99, 0x98, 0x99,
    0x8B, 0x49, 0x99, 0x99, 0x98, 0x88, 0x74, 0x00, 0x00, 0x00, 0x00, 0x0C, 0x22, 0x22, 0x22, 0x22, 0xCA, 0xBC, 0x22, 0x22, 0x22, 0x2C, 0x84, 0x00,
    0x00, 0x00, 0x00, 0x0A, 0x35, 0x33, 0x33, 0x33, 0x28, 0xB1, 0x33, 0x33, 0x33, 0x31, 0x94, 0x00, 0x00, 0x00, 0x00, 0x04, 0xA1, 0x11, 0x11, 0x15,
    0x28, 0xB1, 0x11, 0x11, 0x11, 0x55, 0x53, 0x00, 0x00, 0x00, 0x00, 0x04, 0xA1, 0x55, 0x53, 0x53, 0x28, 0xB1, 0x55, 0x53, 0x35, 0x53, 0x22, 0x00,
    0x00, 0x52, 0x84, 0x44, 0x77, 0x77, 0x77, 0x77, 0x74, 0x47, 0x77, 0x77, 0x77, 0xA2, 0x21, 0x00, 0x00, 0x11, 0xA6, 0x66, 0x66, 0xA6, 0x97, 0x6A,
    0x66, 0x66, 0x6A, 0x6B, 0x44, 0x62, 0x50, 0x00, 0x00, 0x13, 0x12, 0x22, 0x22, 0x1C, 0x8B, 0xC2, 0x22, 0x22, 0x21, 0xC8, 0x40, 0x00, 0x00, 0x00,
    0x00, 0x15, 0x53, 0x33, 0x33, 0x31, 0x8B, 0x13, 0x33, 0x33, 0x33, 0x1D, 0x40, 0x00, 0x00, 0x00, 0x00, 0x15, 0x55, 0x55, 0x51, 0x1C, 0x8B, 0x21,
    0x11, 0x11, 0x15, 0x18, 0x40, 0x00, 0x00, 0x00, 0x00, 0x11, 0x11, 0x11, 0x3A, 0x6A, 0x87, 0xA6, 0x66, 0x66, 0x63, 0x11, 0x30, 0x00, 0x00, 0x00,
    0x00, 0x55, 0x55, 0x31, 0xA4, 0x44, 0x44, 0x44, 0x44, 0x44, 0x46, 0x11, 0x10, 0x00, 0x00, 0x00, 0x00, 0x00, 0x00, 0x00, 0x00, 0x00, 0x00, 0x00,
    0x00, 0x00, 0x00, 0x00, 0x00, 0x00, 0x00, 0x00, 0x00, 0x00, 0x00, 0x00, 0x00, 0x00, 0x00, 0x00, 0x00, 0x00, 0x00, 0x00, 0x00, 0x00, 0x00, 0x00,
    0x00, 0x00, 0x00, 0x00, 0x00, 0x00, 0x00, 0x00, 0x00, 0x00, 0x00, 0x00, 0x00, 0x00, 0x00, 0x00, 0x00, 0x00, 0x00, 0x00, 0x00, 0x00, 0x00, 0x00,
    0x00, 0x00, 0x00, 0x00, 0x00, 0x00, 0x00, 0x00,
  },
  {
    0x00, 0x00, 0x00, 0x00, 0x00, 0x00, 0x00, 0x00, 0x00, 0x00, 0x00, 0x00, 0x00, 0x00, 0x00, 0x00, 0x00, 0x00, 0x00, 0x00, 0x00, 0x00, 0x00, 0x00,
    0x00, 0x00, 0x00, 0x00, 0x00, 0x00, 0x00, 0x00, 0x00, 0x00, 0x00, 0x01, 0x10, 0x00, 0x00, 0x00, 0x00, 0x00, 0x00, 0x00, 0x00, 0x00, 0x00, 0x00,
    0x00, 0x00, 0x00, 0x11, 0x64, 0x11, 0x00, 0x00, 0x00, 0x00, 0x00, 0x00, 0x00, 0x00, 0x00, 0x00, 0x00, 0x00, 0x00, 0x45, 0x67, 0x58, 0x41, 0x10,
    0x00, 0x00, 0x00, 0x00, 0x00, 0x00, 0x00, 0x00, 0x00, 0x00, 0x01, 0x63, 0x45, 0x22, 0xA5, 0x64, 0x10, 0x00, 0x00, 0x00, 0x00, 0x00, 0x00, 0x00,
    0x00, 0x00, 0x01, 0xB3, 0x56, 0x2A, 0x22, 0x78, 0x11, 0x00, 0x00, 0x00, 0x00, 0x00, 0x00, 0x00, 0x00, 0x00, 0x04, 0x33, 0x24, 0xA2, 0x56, 0x48,
    0x81, 0x00, 0x00, 0x00, 0x00, 0x00, 0x00, 0x00, 0x00, 0x00, 0x15, 0x33, 0x39, 0x66, 0x48, 0xC2, 0x51, 0x00, 0x00, 0x00, 0x00, 0x00, 0x00, 0x00,
    0x00, 0x00, 0x43, 0x32, 0x94, 0x15, 0x72, 0x72, 0x61, 0x00, 0x00, 0x00, 0x00, 0x00, 0x00, 0x00, 0x00, 0x01, 0x52, 0x84, 0x92, 0x85, 0x2A, 0x77,
    0x60, 0x00, 0x00, 0x00, 0x00, 0x00, 0x00, 0x00, 0x00, 0x01, 0x66, 0x52, 0x33, 0xB4, 0x77, 0x77, 0x40, 0x00, 0x00, 0x00, 0x00, 0x00, 0x00, 0x00,
    0x00, 0x01, 0x83, 0x33, 0x22, 0x34, 0x52, 0x7A, 0x40, 0x00, 0x00, 0x00, 0x00, 0x00, 0x00, 0x00, 0x00, 0x00, 0x16, 0x23, 0x22, 0x35, 0x62, 0x75,
    0x10, 0x00, 0x00, 0x00, 0x00, 0x00, 0x00, 0x00, 0x00, 0x00, 0x01, 0x4B, 0x33, 0x32, 0x4A, 0x25, 0x10, 0x00, 0x00, 0x00, 0x00, 0x00, 0x00, 0x00,
    0x00, 0x00, 0x00, 0x01, 0x92, 0x33, 0x98, 0x29, 0x10, 0x00, 0x00, 0x00, 0x00, 0x00, 0x00, 0x00, 0x00, 0x00, 0x00, 0x00, 0x14, 0x23, 0x24, 0x76,
    0x10, 0x00, 0x00, 0x00, 0x00, 0x00, 0x00, 0x00, 0x00, 0x00, 0x00, 0x00, 0x01, 0x15, 0x36, 0x56, 0x00, 0x00, 0x00, 0x00, 0x00, 0x00, 0x00, 0x00,
    0x00, 0x00, 0x00, 0x00, 0x00, 0x01, 0x95, 0x64, 0x00, 0x00, 0x00, 0x00, 0x00, 0x00, 0x00, 0x00, 0x00, 0x00, 0x00, 0x00, 0x00, 0x00, 0x14, 0x41,
    0x00, 0x00, 0x00, 0x00, 0x00, 0x00, 0x00, 0x00, 0x00, 0x00, 0x00, 0x00, 0x00, 0x00, 0x00, 0x11, 0x00, 0x00, 0x00, 0x00, 0x00, 0x00, 0x00, 0x00,
    0x00, 0x00, 0x00, 0x00, 0x00, 0x00, 0x00, 0x01, 0x10, 0x00, 0x00, 0x00, 0x00, 0x00, 0x00, 0x00, 0x00, 0x00, 0x00, 0x00, 0x00, 0x00, 0x00, 0x00,
    0x11, 0x00, 0x00, 0x00, 0x00, 0x00, 0x00, 0x00, 0x00, 0x00, 0x00, 0x00, 0x00, 0x00, 0x00, 0x00, 0x01, 0x11, 0x11, 0x11, 0x11, 0x10, 0x00, 0x00,
    0x00, 0x00, 0x00, 0x00, 0x00, 0x00, 0x00, 0x00, 0x00, 0x00, 0x00, 0x00, 0x00, 0x11, 0x00, 0x00, 0x00, 0x00, 0x00, 0x00, 0x00, 0x00, 0x00, 0x00,
    0x00, 0x00, 0x00, 0x00, 0x00, 0x01, 0x10, 0x00, 0x00, 0x00, 0x00, 0x00, 0x00, 0x00, 0x00, 0x00, 0x00, 0x00, 0x00, 0x00, 0x00, 0x00, 0x10, 0x00,
    0x00, 0x00, 0x00, 0x00, 0x00, 0x00, 0x00, 0x00, 0x00, 0x00, 0x00, 0x00, 0x00, 0x00, 0x10, 0x00, 0x00, 0x00, 0x00, 0x00, 0x00, 0x00, 0x00, 0x00,
    0x00, 0x00, 0x00, 0x00, 0x00, 0x00, 0x11, 0x00, 0x00, 0x00, 0x00, 0x00, 0x00, 0x00, 0x00, 0x00, 0x00, 0x00, 0x00, 0x00, 0x00, 0x00, 0x11, 0x00,
    0x00, 0x00, 0x00, 0x00, 0x00, 0x00, 0x00, 0x00, 0x00, 0x00, 0x00, 0x00, 0x00, 0x00, 0x00, 0x00, 0x00, 0x00, 0x00, 0x00, 0x00, 0x00, 0x00, 0x00,
    0x00, 0x00, 0x00, 0x00, 0x00, 0x00, 0x00, 0x00,
  },
  {
    0x00, 0x00, 0x00, 0x00, 0x00, 0x00, 0x00, 0x00, 0x00, 0x00, 0x00, 0x00, 0x00, 0x00, 0x00, 0x00, 0x00, 0x00, 0x00, 0x00, 0x00, 0x00, 0x00, 0x00,
    0x00, 0x00, 0x00, 0x00, 0x00, 0x00, 0x00, 0x00, 0x00, 0x00, 0x00, 0x00, 0x20, 0x00, 0x00, 0x00, 0x00, 0x00, 0x00, 0x22, 0x00, 0x00, 0x00, 0x00,
    0x00, 0x00, 0x00, 0x00, 0x22, 0x00, 0x00, 0x00, 0x00, 0x00, 0x02, 0x22, 0x00, 0x00, 0x00, 0x00, 0x00, 0x00, 0x00, 0x00, 0x02, 0x22, 0x00, 0x00,
    0x00, 0x00, 0x22, 0x00, 0x00, 0x00, 0x00, 0x00, 0x00, 0x00, 0x00, 0x00, 0x00, 0x02, 0x20, 0x00, 0x00, 0x02, 0x20, 0x00, 0x00, 0x00, 0x00, 0x00,
    0x00, 0x00, 0x00, 0x00, 0x00, 0x00, 0x22, 0x00, 0x02, 0x22, 0x00, 0x00, 0x00, 0x00, 0x00, 0x00, 0x00, 0x00, 0x00, 0x00, 0x00, 0x00, 0x02, 0x20,
    0x02, 0x00, 0x00, 0x00, 0x00, 0x00, 0x00, 0x00, 0x00, 0x00, 0x00, 0x00, 0x00, 0x00, 0x00, 0x22, 0x20, 0x00, 0x00, 0x00, 0x00, 0x00, 0x00, 0x00,
    0x00, 0x00, 0x00, 0x00, 0x00, 0x00, 0x02, 0x00, 0x22, 0x00, 0x00, 0x00, 0x00, 0x00, 0x00, 0x00, 0x00, 0x00, 0x00, 0x00, 0x00, 0x00, 0x22, 0x00,
    0x02, 0x20, 0x00, 0x00, 0x00, 0x00, 0x00, 0x00, 0x00, 0x00, 0x00, 0x00, 0x02, 0x22, 0x20, 0x00, 0x00, 0x22, 0x22, 0x00, 0x00, 0x00, 0x00, 0x00,
    0x00, 0x00, 0x00, 0x00, 0x2C, 0xF2, 0x00, 0x00, 0x00, 0x02, 0xFC, 0x20, 0x00, 0x00, 0x00, 0x00, 0x00, 0x00, 0x00, 0x00, 0x02, 0xC2, 0x00, 0x00,
    0x00, 0x02, 0xC2, 0x00, 0x00, 0x00, 0x00, 0x00, 0x00, 0x00, 0x00, 0x00, 0x00, 0x00, 0x00, 0x00, 0x00, 0x00, 0x00, 0x00, 0x00, 0x00, 0x00, 0x00,
    0x00, 0x00, 0x00, 0x00, 0x00, 0x00, 0x00, 0x00, 0x00, 0x00, 0x00, 0x00, 0x00, 0x00, 0x00, 0x00, 0x00, 0x22, 0xAA, 0xAA, 0xAA, 0xAA, 0xAA, 0xAA,
    0xAA, 0xAA, 0xAA, 0x88, 0x88, 0x88, 0x20, 0x00, 0x00, 0x2C, 0x51, 0x11, 0x11, 0x11, 0x11, 0x11, 0x11, 0x11, 0x11, 0x33, 0x33, 0x33, 0x80, 0x00,
    0x00, 0x27, 0x61, 0x11, 0x11, 0x11, 0x11, 0x11, 0x11, 0x11, 0x11, 0x34, 0x34, 0x44, 0x80, 0x00, 0x00, 0x27, 0x51, 0x11, 0x15, 0x11, 0x11, 0x15,
    0x51, 0x11, 0x11, 0xD4, 0x34, 0x43, 0x80, 0x00, 0x00, 0x27, 0x51, 0x11, 0xB9, 0x11, 0x11, 0x59, 0xE5, 0x11, 0x1B, 0x94, 0x44, 0x43, 0x80, 0x00,
    0x00, 0x27, 0x51, 0x15, 0xDA, 0xB5, 0x11, 0x67, 0x76, 0x11, 0x5E, 0xA3, 0x44, 0x43, 0x80, 0x00, 0x00, 0x27, 0x51, 0x15, 0xD8, 0xB5, 0x11, 0x67,
    0x76, 0x11, 0x5E, 0x84, 0x44, 0x43, 0x80, 0x00, 0x00, 0x27, 0x51, 0x15, 0xD8, 0xB5, 0x11, 0x67, 0x76, 0x11, 0x5E, 0x84, 0x44, 0x43, 0x80, 0x00,
    0x00, 0x27, 0x51, 0x15, 0xD8, 0xB5, 0x11, 0x67, 0x76, 0x11, 0x5E, 0x84, 0x44, 0x43, 0x80, 0x00, 0x00, 0x27, 0x51, 0x15, 0xDC, 0xB1, 0x11, 0x67,
    0x96, 0x11, 0x5E, 0xC3, 0x44, 0x43, 0x80, 0x00, 0x00, 0x27, 0x51, 0x11, 0x1D, 0x11, 0x11, 0x1B, 0xB1, 0x11, 0x11, 0x33, 0x33, 0x33, 0x80, 0x00,
    0x00, 0x27, 0xB6, 0x66, 0x66, 0x66, 0x66, 0x66, 0x66, 0x66, 0x66, 0x33, 0x33, 0x33, 0x80, 0x00, 0x00, 0x28, 0x99, 0x99, 0x99, 0x99, 0x99, 0x99,
    0x99, 0x99, 0x99, 0x77, 0x77, 0x77, 0xA0, 0x00, 0x00, 0x02, 0x22, 0x22, 0x22, 0x22, 0x22, 0x22, 0x22, 0x22, 0x22, 0x22, 0x22, 0x22, 0x20, 0x00,
    0x00, 0x00, 0x00, 0x00, 0x00, 0x00, 0x00, 0x00, 0x00, 0x00, 0x00, 0x00, 0x00, 0x00, 0x00, 0x00, 0x00, 0x00, 0x00, 0x00, 0x00, 0x00, 0x00, 0x00,
    0x00, 0x00, 0x00, 0x00, 0x00, 0x00, 0x00, 0x00,
  },
  {
    0x00, 0x00, 0x00, 0x00, 0x00, 0x00, 0x00, 0x00, 0x00, 0x00, 0x00, 0x00, 0x00, 0x00, 0x00, 0x00, 0x00, 0x00, 0x00, 0x00, 0x00, 0x00, 0x00, 0x00,
    0x00, 0x00, 0x00, 0x00, 0x00, 0x00, 0x00, 0x00, 0x00, 0x00, 0x00, 0x00, 0x00, 0x00, 0x00, 0x00, 0x00, 0x00, 0x00, 0x00, 0x00, 0x00, 0x00, 0x00,
    0x00, 0x00, 0x00, 0x00, 0x00, 0x00, 0x00, 0x00, 0x00, 0x00, 0x00, 0x00, 0x00, 0x00, 0x00, 0x00, 0x00, 0x00, 0x00, 0x00, 0x00, 0x00, 0x00, 0x00,
    0x00, 0x00, 0x00, 0x00, 0x00, 0x00, 0x00, 0x00, 0x00, 0x00, 0x00, 0x00, 0x00, 0x00, 0x00, 0x00, 0x00, 0x00, 0x00, 0x00, 0x00, 0x00, 0x00, 0x00,
    0x00, 0x00, 0x00, 0x00, 0x00, 0x00, 0x00, 0x00, 0x00, 0x00, 0x00, 0x00, 0x00, 0x00, 0x00, 0x00, 0x00, 0x00, 0x00, 0x00, 0x00, 0x00, 0x00, 0x00,
    0x00, 0x00, 0x00, 0x01, 0x21, 0x00, 0x00, 0x00, 0x00, 0x00, 0x11, 0x00, 0x00, 0x00, 0x00, 0x00, 0x00, 0x00, 0x11, 0x11, 0x21, 0x11, 0x10, 0x00,
    0x00, 0x00, 0x12, 0x10, 0x00, 0x00, 0x00, 0x00, 0x00, 0x01, 0x25, 0x22, 0x22, 0x55, 0x21, 0x00, 0x00, 0x00, 0x12, 0x10, 0x01, 0x11, 0x00, 0x00,
    0x00, 0x01, 0x25, 0x11, 0x12, 0x33, 0x21, 0x00, 0x00, 0x00, 0x12, 0x10, 0x01, 0x52, 0x10, 0x11, 0x00, 0x01, 0x25, 0x11, 0x12, 0x33, 0x21, 0x00,
    0x00, 0x00, 0x12, 0x10, 0x02, 0x35, 0x11, 0x22, 0x00, 0x01, 0x25, 0x11, 0x12, 0x33, 0x21, 0x00, 0x00, 0x01, 0x11, 0x11, 0x11, 0x22, 0x11, 0x11,
    0x11, 0x11, 0x22, 0x11, 0x12, 0x33, 0x21, 0x00, 0x00, 0x01, 0x25, 0x55, 0x55, 0x55, 0x55, 0x55, 0x55, 0x55, 0x55, 0x55, 0x55, 0x53, 0x21, 0x00,
    0x00, 0x01, 0x53, 0x33, 0x33, 0x33, 0x33, 0x33, 0x33, 0x33, 0x55, 0x33, 0x35, 0x53, 0x21, 0x00, 0x00, 0x01, 0x53, 0x33, 0x33, 0x33, 0x33, 0x33,
    0x33, 0x33, 0x33, 0x33, 0x33, 0x33, 0x21, 0x00, 0x00, 0x02, 0x27, 0x77, 0x77, 0x77, 0x77, 0x77, 0x77, 0x77, 0x77, 0x77, 0x77, 0x77, 0x22, 0x00,
    0x00, 0x26, 0x66, 0x66, 0x66, 0x66, 0x66, 0x66, 0x66, 0x66, 0x66, 0x66, 0x66, 0x66, 0x42, 0x00, 0x00, 0x24, 0x64, 0x46, 0x44, 0x44, 0x44, 0x64,
    0x44, 0x44, 0x64, 0x44, 0x44, 0x66, 0x42, 0x00, 0x00, 0x01, 0x4B, 0x9B, 0x41, 0x14, 0x99, 0x99, 0x41, 0x2A, 0xBA, 0x21, 0x29, 0xB9, 0x10, 0x00,
    0x00, 0x02, 0x64, 0x4A, 0x29, 0x86, 0xA4, 0x4A, 0x68, 0x92, 0x84, 0xA8, 0x44, 0xA4, 0x20, 0x00, 0x00, 0x00, 0x21, 0x21, 0xA8, 0x89, 0x12, 0x21,
    0xB8, 0x84, 0x26, 0x88, 0x82, 0x21, 0x00, 0x00, 0x00, 0x00, 0x00, 0x01, 0x48, 0x8A, 0x10, 0x01, 0xA8, 0x84, 0x12, 0x88, 0xB2, 0x00, 0x00, 0x00,
    0x00, 0x00, 0x00, 0x00, 0x14, 0x41, 0x00, 0x00, 0x14, 0x61, 0x01, 0x24, 0x21, 0x00, 0x00, 0x00, 0x00, 0x00, 0x00, 0x00, 0x00, 0x10, 0x00, 0x00,
    0x01, 0x00, 0x00, 0x01, 0x00, 0x00, 0x00, 0x00, 0x00, 0x00, 0x00, 0x00, 0x00, 0x00, 0x00, 0x00, 0x00, 0x00, 0x00, 0x00, 0x00, 0x00, 0x00, 0x00,
    0x00, 0x00, 0x00, 0x00, 0x00, 0x00, 0x00, 0x00, 0x00, 0x00, 0x00, 0x00, 0x00, 0x00, 0x00, 0x00, 0x00, 0x00, 0x00, 0x00, 0x00, 0x00, 0x00, 0x00,
    0x00, 0x00, 0x00, 0x00, 0x00, 0x00, 0x00, 0x00, 0x00, 0x00, 0x00, 0x00, 0x00, 0x00, 0x00, 0x00, 0x00, 0x00, 0x00, 0x00, 0x00, 0x00, 0x00, 0x00,
    0x00, 0x00, 0x00, 0x00, 0x00, 0x00, 0x00, 0x00, 0x00, 0x00, 0x00, 0x00, 0x00, 0x00, 0x00, 0x00, 0x00, 0x00, 0x00, 0x00, 0x00, 0x00, 0x00, 0x00,
    0x00, 0x00, 0x00, 0x00, 0x00, 0x00, 0x00, 0x00,
  },
  {
    0x00, 0x00, 0x00, 0x00, 0x00, 0x00, 0x00, 0x00, 0x00, 0x00, 0x00, 0x00, 0x00, 0x00, 0x00, 0x00, 0x00, 0x00, 0x00, 0x00, 0x00, 0x00, 0x00, 0x00,
    0x00, 0x00, 0x00, 0x00, 0x00, 0x00, 0x00, 0x00, 0x00, 0x00, 0x00, 0x11, 0x17, 0x71, 0x11, 0x00, 0x00, 0x00, 0x00, 0x00, 0x00, 0x00, 0x00, 0x00,
    0x00, 0x00, 0x01, 0x7D, 0x34, 0x43, 0xD9, 0x10, 0x00, 0x00, 0x00, 0x00, 0x00, 0x00, 0x00, 0x00, 0x00, 0x00, 0x1A, 0x44, 0x42, 0x22, 0x42, 0xA1,
    0x00, 0x00, 0x00, 0x00, 0x00, 0x00, 0x00, 0x00, 0x00, 0x01, 0xA4, 0x66, 0x64, 0x22, 0x42, 0x4A, 0x10, 0x00, 0x00, 0x00, 0x00, 0x00, 0x00, 0x00,
    0x00, 0x79, 0x46, 0x66, 0x64, 0x22, 0x22, 0x22, 0x71, 0x00, 0x00, 0x01, 0x11, 0x10, 0x00, 0x00, 0x00, 0x1D, 0x46, 0x64, 0x42, 0x22, 0x85, 0x52,
    0xD1, 0x00, 0x00, 0x17, 0xBB, 0x71, 0x10, 0x00, 0x00, 0x73, 0x46, 0x64, 0x22, 0x28, 0x33, 0x35, 0x31, 0x00, 0x01, 0xB4, 0x44, 0x2D, 0x10, 0x00,
    0x00, 0x74, 0x24, 0x42, 0x22, 0x25, 0x55, 0x53, 0x39, 0x00, 0x1A, 0x66, 0x44, 0x24, 0xB1, 0x00, 0x00, 0x74, 0x22, 0x22, 0x22, 0x45, 0x55, 0x53,
    0x39, 0x00, 0x1C, 0x66, 0x22, 0x38, 0x31, 0x00, 0x00, 0x73, 0x22, 0x22, 0x85, 0x55, 0x55, 0x55, 0x31, 0x00, 0x13, 0x24, 0x24, 0x33, 0x37, 0x00,
    0x00, 0x1D, 0x44, 0x28, 0x35, 0x55, 0x55, 0x38, 0xD1, 0x00, 0x1C, 0x22, 0x85, 0x35, 0x31, 0x00, 0x00, 0x79, 0x22, 0x25, 0x35, 0x55, 0x55, 0x38,
    0x91, 0x00, 0x1A, 0x42, 0x33, 0x38, 0xA1, 0x00, 0x00, 0x01, 0xA4, 0x23, 0x35, 0x55, 0x33, 0x8B, 0x10, 0x00, 0x01, 0xB4, 0x48, 0x8B, 0x10, 0x00,
    0x00, 0x00, 0x1B, 0x22, 0x53, 0x35, 0x88, 0xB1, 0x00, 0x00, 0x00, 0x19, 0xAB, 0x91, 0x00, 0x00, 0x00, 0x00, 0x01, 0x9C, 0x33, 0x33, 0xC7, 0x10,
    0x00, 0x00, 0x00, 0x01, 0x11, 0x10, 0x00, 0x00, 0x00, 0x00, 0x00, 0x11, 0x79, 0x97, 0x11, 0x00, 0x00, 0x00, 0x11, 0x00, 0x00, 0x00, 0x00, 0x00,
    0x00, 0x00, 0x00, 0x00, 0x00, 0x00, 0x00, 0x00, 0x00, 0x11, 0x99, 0x11, 0x10, 0x00, 0x00, 0x00, 0x00, 0x00, 0x00, 0x00, 0x00, 0x00, 0x00, 0x00,
    0x11, 0xAC, 0x42, 0xCB, 0x11, 0x00, 0x00, 0x00, 0x00, 0x00, 0x00, 0x00, 0x00, 0x00, 0x00, 0x00, 0x1B, 0x66, 0x44, 0x24, 0xC1, 0x10, 0x00, 0x00,
    0x00, 0x00, 0x00, 0x00, 0x00, 0x00, 0x00, 0x01, 0xE6, 0x66, 0x64, 0x22, 0x4A, 0x10, 0x00, 0x00, 0x00, 0x00, 0x00, 0x00, 0x00, 0x00, 0x00, 0x01,
    0xC6, 0x66, 0x22, 0x45, 0x83, 0x11, 0x00, 0x00, 0x00, 0x00, 0x00, 0x00, 0x00, 0x00, 0x00, 0x07, 0x34, 0x42, 0x22, 0x33, 0x33, 0x91, 0x00, 0x00,
    0x00, 0x00, 0x00, 0x00, 0x00, 0x00, 0x00, 0x01, 0x32, 0x42, 0x24, 0x55, 0x55, 0x91, 0x00, 0x00, 0x00, 0x00, 0x00, 0x00, 0x00, 0x00, 0x00, 0x01,
    0xD4, 0x44, 0x55, 0x53, 0x3C, 0x11, 0x00, 0x00, 0x00, 0x00, 0x00, 0x00, 0x00, 0x00, 0x00, 0x01, 0x72, 0x23, 0x35, 0x33, 0x8A, 0x10, 0x00, 0x00,
    0x00, 0x00, 0x00, 0x00, 0x00, 0x00, 0x00, 0x00, 0x1A, 0x24, 0x55, 0x38, 0xD1, 0x10, 0x00, 0x00, 0x00, 0x00, 0x00, 0x00, 0x00, 0x00, 0x00, 0x00,
    0x01, 0x7C, 0x33, 0xCA, 0x11, 0x00, 0x00, 0x00, 0x00, 0x00, 0x00, 0x00, 0x00, 0x00, 0x00, 0x00, 0x00, 0x11, 0x77, 0x11, 0x00, 0x00, 0x00, 0x00,
    0x00, 0x00, 0x00, 0x00, 0x00, 0x00, 0x00, 0x00, 0x00, 0x00, 0x00, 0x00, 0x00, 0x00, 0x00, 0x00, 0x00, 0x00, 0x00, 0x00, 0x00, 0x00, 0x00, 0x00,
    0x00, 0x00, 0x00, 0x00, 0x00, 0x00, 0x00, 0x00,
  },
  {
    0x00, 0x00, 0x00, 0x00, 0x00, 0x00, 0x00, 0x00, 0x00, 0x00, 0x00, 0x00, 0x00, 0x00, 0x00, 0x00, 0x00, 0x00, 0x00, 0x00, 0x00, 0x00, 0x00, 0x00,
    0x00, 0x00, 0x00, 0x00, 0x00, 0x00, 0x00, 0x00, 0x00, 0x00, 0x00, 0x00, 0x00, 0x00, 0x00, 0x00, 0x00, 0x00, 0x00, 0x00, 0x01, 0x11, 0x00, 0x00,
    0x00, 0x00, 0x00, 0x00, 0x00, 0x00, 0x00, 0x00, 0x00, 0x00, 0x00, 0x00, 0x12, 0x28, 0x10, 0x00, 0x00, 0x00, 0x00, 0x00, 0x00, 0x00, 0x00, 0x00,
    0x00, 0x00, 0x00, 0x01, 0x23, 0x32, 0x81, 0x00, 0x00, 0x00, 0x00, 0x00, 0x00, 0x00, 0x00, 0x00, 0x00, 0x00, 0x01, 0x12, 0x74, 0x43, 0x51, 0x00,
    0x00, 0x00, 0x00, 0x00, 0x00, 0x00, 0x00, 0x00, 0x00, 0x00, 0x01, 0x23, 0x43, 0x42, 0x51, 0x00, 0x00, 0x00, 0x00, 0x00, 0x00, 0x00, 0x00, 0x00,
    0x00, 0x00, 0x12, 0x34, 0x34, 0x25, 0x10, 0x00, 0x00, 0x00, 0x00, 0x00, 0x00, 0x00, 0x00, 0x00, 0x00, 0x01, 0x23, 0x43, 0x42, 0x51, 0x00, 0x00,
    0x00, 0x00, 0x00, 0x00, 0x00, 0x00, 0x00, 0x00, 0x00, 0x12, 0x34, 0x34, 0x25, 0x10, 0x00, 0x00, 0x00, 0x00, 0x00, 0x00, 0x00, 0x00, 0x00, 0x00,
    0x01, 0x23, 0x43, 0x42, 0x51, 0x00, 0x00, 0x00, 0x00, 0x00, 0x00, 0x00, 0x00, 0x00, 0x00, 0x00, 0x12, 0x34, 0x34, 0x25, 0x10, 0x00, 0x00, 0x00,
    0x00, 0x00, 0x00, 0x00, 0x00, 0x00, 0x00, 0x01, 0x23, 0x43, 0x42, 0x51, 0x00, 0x00, 0x00, 0x00, 0x00, 0x00, 0x00, 0x00, 0x00, 0x00, 0x01, 0x82,
    0x34, 0x34, 0x25, 0x10, 0x00, 0x00, 0x00, 0x00, 0x00, 0x00, 0x00, 0x00, 0x01, 0x18, 0x81, 0x94, 0x37, 0x42, 0x51, 0x00, 0x00, 0x00, 0x00, 0x00,
    0x00, 0x00, 0x00, 0x00, 0x19, 0x22, 0x22, 0x58, 0x24, 0x25, 0x10, 0x00, 0x00, 0x00, 0x00, 0x00, 0x00, 0x00, 0x00, 0x01, 0x53, 0x33, 0x33, 0x35,
    0x82, 0x51, 0x00, 0x00, 0x00, 0x00, 0x00, 0x00, 0x00, 0x00, 0x00, 0x15, 0x37, 0x44, 0x44, 0x43, 0x58, 0x10, 0x00, 0x00, 0x00, 0x00, 0x00, 0x00,
    0x00, 0x00, 0x01, 0x12, 0x34, 0x77, 0x77, 0x43, 0x21, 0x10, 0x00, 0x00, 0x00, 0x00, 0x00, 0x00, 0x00, 0x06, 0x60, 0x18, 0x23, 0x47, 0x77, 0x43,
    0x21, 0x00, 0x00, 0x00, 0x00, 0x00, 0x00, 0x00, 0x00, 0x66, 0x60, 0x01, 0x82, 0x34, 0x77, 0x77, 0x21, 0x00, 0x00, 0x00, 0x00, 0x00, 0x00, 0x00,
    0x00, 0x00, 0x00, 0x00, 0x18, 0x23, 0x44, 0x7A, 0x51, 0x00, 0x00, 0x00, 0x00, 0x00, 0x00, 0x00, 0x00, 0x00, 0x00, 0x00, 0x01, 0x82, 0x34, 0xA2,
    0x91, 0x00, 0x00, 0x00, 0x00, 0x00, 0x00, 0x00, 0x00, 0x00, 0x00, 0x06, 0x60, 0x18, 0x24, 0x2B, 0x10, 0x00, 0x00, 0x00, 0x00, 0x00, 0x00, 0x00,
    0x00, 0x00, 0x00, 0x66, 0x00, 0x01, 0x82, 0x51, 0x00, 0x00, 0x00, 0x00, 0x00, 0x00, 0x00, 0x00, 0x00, 0x00, 0x06, 0x60, 0x00, 0x00, 0x11, 0x10,
    0x00, 0x00, 0x00, 0x00, 0x00, 0x00, 0x00, 0x00, 0x00, 0x00, 0x06, 0x00, 0x00, 0x0C, 0x01, 0x00, 0x00, 0x00, 0x00, 0x00, 0x00, 0x00, 0x00, 0x00,
    0x00, 0x00, 0x00, 0x00, 0x00, 0x06, 0x60, 0x00, 0x00, 0x00, 0x00, 0x00, 0x00, 0x00, 0x00, 0x00, 0x00, 0x00, 0x00, 0x00, 0x00, 0x66, 0x00, 0x00,
    0x00, 0x00, 0x00, 0x00, 0x00, 0x00, 0x00, 0x00, 0x00, 0x00, 0x00, 0x00, 0x00, 0x66, 0x00, 0x00, 0x00, 0x00, 0x00, 0x00, 0x00, 0x00, 0x00, 0x00,
    0x00, 0x00, 0x00, 0x00, 0x00, 0x00, 0x00, 0x00, 0x00, 0x00, 0x00, 0x00, 0x00, 0x00, 0x00, 0x00, 0x00, 0x00, 0x00, 0x00, 0x00, 0x00, 0x00, 0x00,
    0x00, 0x00, 0x00, 0x00, 0x00, 0x00, 0x00, 0x00,
  },
  {
    0x00, 0x00, 0x00, 0x00, 0x00, 0x00, 0x00, 0x00, 0x00, 0x00, 0x00, 0x00, 0x00, 0x00, 0x00, 0x00, 0x00, 0x00, 0x00, 0x00, 0x00, 0x00, 0x00, 0x00,
    0x00, 0x00, 0x00, 0x00, 0x00, 0x00, 0x00, 0x00, 0x00, 0x00, 0x00, 0x00, 0x00, 0x00, 0x00, 0x00, 0x00, 0x00, 0x00, 0x00, 0x00, 0x00, 0x00, 0x00,
    0x00, 0x00, 0x00, 0x00, 0x00, 0x00, 0x00, 0x00, 0x00, 0x00, 0x00, 0x00, 0x00, 0x00, 0x00, 0x00, 0x00, 0x00, 0x00, 0x00, 0x00, 0x00, 0x00, 0x00,
    0x00, 0x00, 0x00, 0x00, 0x00, 0x00, 0x00, 0x00, 0x00, 0x00, 0x00, 0x11, 0x11, 0x11, 0x00, 0x00, 0x00, 0x00, 0x00, 0x00, 0x00, 0x00, 0x00, 0x00,
    0x00, 0x01, 0x1B, 0x93, 0x33, 0x3D, 0xB4, 0x11, 0x00, 0x00, 0x00, 0x00, 0x00, 0x00, 0x00, 0x00, 0x00, 0x1A, 0x58, 0xE3, 0x33, 0x35, 0x72, 0x59,
    0x41, 0x10, 0x00, 0x00, 0x00, 0x00, 0x00, 0x00, 0x00, 0x13, 0x7D, 0x4B, 0x66, 0x4A, 0xA6, 0x95, 0x27, 0x94, 0x10, 0x00, 0x00, 0x00, 0x00, 0x00,
    0x00, 0x15, 0xE4, 0x58, 0x22, 0x27, 0x53, 0x6A, 0x49, 0x72, 0x3A, 0x10, 0x00, 0x00, 0x00, 0x00, 0x00, 0x19, 0x8A, 0x38, 0x72, 0x22, 0x28, 0x87,
    0x36, 0x46, 0xE2, 0x91, 0x10, 0x00, 0x00, 0x00, 0x00, 0x04, 0x75, 0x13, 0x82, 0x22, 0x22, 0x22, 0x88, 0xED, 0x46, 0x77, 0xB1, 0x00, 0x00, 0x00,
    0x00, 0x01, 0xA2, 0x31, 0xD2, 0x22, 0x22, 0x22, 0x22, 0x28, 0x76, 0x43, 0x7D, 0x10, 0x00, 0x00, 0x00, 0x00, 0x1A, 0x55, 0x44, 0x32, 0x22, 0x22,
    0x22, 0x27, 0x28, 0x5A, 0x67, 0x91, 0x00, 0x00, 0x00, 0x00, 0x01, 0x19, 0xFC, 0x4B, 0x32, 0x82, 0x22, 0x22, 0x27, 0x22, 0x46, 0x76, 0x10, 0x00,
    0x00, 0x00, 0x00, 0x01, 0xB5, 0x5C, 0x44, 0x9E, 0x28, 0x22, 0x22, 0x72, 0x24, 0x32, 0x40, 0x00, 0x00, 0x00, 0x00, 0x00, 0x11, 0x65, 0x53, 0xB4,
    0xB9, 0x37, 0x28, 0x82, 0x76, 0x67, 0x61, 0x00, 0x00, 0x00, 0x00, 0x00, 0x00, 0x11, 0xB3, 0x55, 0xC6, 0xAA, 0x46, 0x66, 0x44, 0x5F, 0xB1, 0x00,
    0x00, 0x00, 0x00, 0x00, 0x00, 0x00, 0x11, 0x46, 0x35, 0x55, 0x3C, 0xCC, 0x35, 0x56, 0x10, 0x00, 0x00, 0x00, 0x00, 0x00, 0x00, 0x00, 0x00, 0x01,
    0x14, 0x46, 0xC9, 0x33, 0xC6, 0x41, 0x00, 0x00, 0x00, 0x00, 0x00, 0x00, 0x00, 0x00, 0x00, 0x00, 0x00, 0x01, 0x11, 0x11, 0x11, 0x00, 0x00, 0x00,
    0x00, 0x00, 0x00, 0x00, 0x00, 0x00, 0x00, 0x00, 0x10, 0x00, 0x00, 0x00, 0x00, 0x00, 0x00, 0x00, 0x00, 0x00, 0x00, 0x00, 0x00, 0x00, 0x00, 0x00,
    0x11, 0x11, 0x00, 0x00, 0x00, 0x00, 0x00, 0x00, 0x00, 0x00, 0x00, 0x00, 0x00, 0x00, 0x00, 0x00, 0x01, 0x11, 0x11, 0x11, 0x11, 0x10, 0x00, 0x00,
    0x00, 0x00, 0x00, 0x00, 0x00, 0x00, 0x00, 0x00, 0x01, 0x11, 0x11, 0x11, 0x11, 0x00, 0x01, 0x00, 0x00, 0x00, 0x00, 0x00, 0x00, 0x00, 0x00, 0x00,
    0x00, 0x00, 0x11, 0x11, 0x11, 0x11, 0x11, 0x00, 0x00, 0x00, 0x00, 0x00, 0x00, 0x00, 0x00, 0x00, 0x00, 0x00, 0x00, 0x00, 0x01, 0x11, 0x00, 0x00,
    0x00, 0x00, 0x00, 0x00, 0x00, 0x00, 0x00, 0x00, 0x00, 0x00, 0x00, 0x00, 0x00, 0x00, 0x00, 0x00, 0x00, 0x00, 0x00, 0x00, 0x00, 0x00, 0x00, 0x00,
    0x00, 0x00, 0x00, 0x00, 0x00, 0x00, 0x00, 0x00, 0x00, 0x00, 0x00, 0x00, 0x00, 0x00, 0x00, 0x00, 0x00, 0x00, 0x00, 0x00, 0x00, 0x00, 0x00, 0x00,
    0x00, 0x00, 0x00, 0x00, 0x00, 0x00, 0x00, 0x00, 0x00, 0x00, 0x00, 0x00, 0x00, 0x00, 0x00, 0x00, 0x00, 0x00, 0x00, 0x00, 0x00, 0x00, 0x00, 0x00,
    0x00, 0x00, 0x00, 0x00, 0x00, 0x00, 0x00, 0x00,
  },
  {
    0x00, 0x00, 0x00, 0x00, 0x00, 0x00, 0x00, 0x00, 0x00, 0x00, 0x00, 0x00, 0x00, 0x00, 0x00, 0x00, 0x00, 0x00, 0x00, 0x00, 0x00, 0x00, 0x00, 0x00,
    0x00, 0x00, 0x00, 0x00, 0x00, 0x00, 0x00, 0x00, 0x00, 0x00, 0x00, 0x00, 0x00, 0x00, 0x00, 0x00, 0x00, 0x00, 0x00, 0x00, 0x00, 0x00, 0x00, 0x00,
    0x00, 0x00, 0x00, 0x00, 0x00, 0x00, 0x00, 0x11, 0x11, 0x10, 0x00, 0x00, 0x00, 0x00, 0x00, 0x00, 0x00, 0x00, 0x00, 0x00, 0x00, 0x01, 0x11, 0x11,
    0x11, 0x11, 0x10, 0x00, 0x00, 0x00, 0x00, 0x00, 0x00, 0x00, 0x00, 0x00, 0x00, 0x11, 0x11, 0x00, 0x00, 0x11, 0x11, 0x00, 0x00, 0x00, 0x00, 0x00,
    0x00, 0x00, 0x00, 0x00, 0x01, 0x11, 0x00, 0x00, 0x00, 0x00, 0x11, 0x10, 0x00, 0x00, 0x00, 0x00, 0x00, 0x00, 0x00, 0x00, 0x11, 0x10, 0x00, 0x00,
    0x00, 0x00, 0x01, 0x11, 0x00, 0x00, 0x00, 0x00, 0x00, 0x00, 0x00, 0x01, 0x11, 0x00, 0x00, 0x00, 0x00, 0x00, 0x00, 0x11, 0x10, 0x00, 0x00, 0x00,
    0x00, 0x00, 0x00, 0x01, 0x10, 0x00, 0x00, 0x00, 0x00, 0x00, 0x00, 0x01, 0x10, 0x00, 0x00, 0x00, 0x00, 0x00, 0x00, 0x01, 0x10, 0x00, 0x00, 0x00,
    0x00, 0x00, 0x00, 0x00, 0x10, 0x00, 0x00, 0x00, 0x00, 0x00, 0x00, 0x00, 0x00, 0x00, 0x00, 0x00, 0x00, 0x00, 0x00, 0x00, 0x00, 0x00, 0x00, 0x00,
    0x00, 0x00, 0x00, 0x00, 0x00, 0x00, 0x00, 0x00, 0x00, 0x00, 0x00, 0x00, 0x00, 0x00, 0x00, 0x00, 0x00, 0x00, 0x00, 0x00, 0x00, 0x00, 0x00, 0x00,
    0x00, 0x00, 0x00, 0x00, 0x00, 0x00, 0x00, 0x00, 0x00, 0x00, 0x00, 0x00, 0x00, 0x00, 0x00, 0x00, 0x00, 0x00, 0x00, 0x00, 0x00, 0x00, 0x00, 0x00,
    0x00, 0x00, 0x00, 0x00, 0x00, 0x00, 0x00, 0x00, 0x00, 0x00, 0x00, 0x00, 0x00, 0x00, 0x00, 0x00, 0x00, 0x00, 0x00, 0x00, 0x00, 0x00, 0x00, 0x00,
    0x00, 0x00, 0x00, 0x00, 0x00, 0x00, 0x00, 0x00, 0x00, 0x00, 0x00, 0x00, 0x00, 0x00, 0x00, 0x00, 0x00, 0x00, 0x00, 0x00, 0x00, 0x00, 0x00, 0x00,
    0x00, 0x00, 0x00, 0x00, 0x00, 0x00, 0x00, 0x00, 0x00, 0x00, 0x00, 0x00, 0x00, 0x00, 0x00, 0x00, 0x00, 0x00, 0x00, 0x00, 0x00, 0x00, 0x00, 0x00,
    0x00, 0x00, 0x00, 0x00, 0x00, 0x00, 0x00, 0x00, 0x00, 0x00, 0x00, 0x02, 0x00, 0x00, 0x00, 0x00, 0x00, 0x00, 0x00, 0x00, 0x20, 0x00, 0x00, 0x00,
    0x00, 0x00, 0x00, 0x24, 0x20, 0x00, 0x00, 0x00, 0x00, 0x00, 0x00, 0x00, 0x22, 0x00, 0x00, 0x00, 0x00, 0x00, 0x00, 0x22, 0x20, 0x00, 0x00, 0x00,
    0x00, 0x00, 0x00, 0x02, 0x22, 0x00, 0x00, 0x00, 0x00, 0x00, 0x00, 0x02, 0x42, 0x00, 0x00, 0x00, 0x00, 0x00, 0x00, 0x24, 0x20, 0x00, 0x00, 0x00,
    0x00, 0x00, 0x00, 0x00, 0x56, 0x11, 0x00, 0x00, 0x00, 0x00, 0x11, 0x15, 0x20, 0x00, 0x00, 0x00, 0x00, 0x00, 0x00, 0x00, 0x13, 0x31, 0x00, 0x00,
    0x00, 0x00, 0x13, 0x31, 0x00, 0x00, 0x00, 0x00, 0x00, 0x00, 0x00, 0x00, 0x13, 0x31, 0x00, 0x00, 0x00, 0x00, 0x13, 0x36, 0x00, 0x00, 0x00, 0x00,
    0x00, 0x00, 0x00, 0x00, 0x11, 0x11, 0x00, 0x00, 0x00, 0x00, 0x11, 0x11, 0x00, 0x00, 0x00, 0x00, 0x00, 0x00, 0x00, 0x00, 0x00, 0x00, 0x00, 0x00,
    0x00, 0x00, 0x00, 0x00, 0x00, 0x00, 0x00, 0x00, 0x00, 0x00, 0x00, 0x00, 0x00, 0x00, 0x00, 0x00, 0x00, 0x00, 0x00, 0x00, 0x00, 0x00, 0x00, 0x00,
    0x00, 0x00, 0x00, 0x00, 0x00, 0x00, 0x00, 0x00, 0x00, 0x00, 0x00, 0x00, 0x00, 0x00, 0x00, 0x00, 0x00, 0x00, 0x00, 0x00, 0x00, 0x00, 0x00, 0x00,
    0x00, 0x00, 0x00, 0x00, 0x00, 0x00, 0x00, 0x00,
  },
  {
    0x00, 0x00, 0x00, 0x00, 0x00, 0x00, 0x00, 0x00, 0x00, 0x00, 0x00, 0x00, 0x00, 0x00, 0x00, 0x00, 0x00, 0x00, 0x00, 0x00, 0x00, 0x00, 0x00, 0x00,
    0x00, 0x00, 0x00, 0x00, 0x00, 0x00, 0x00, 0x00, 0x00, 0x00, 0x00, 0x01, 0x10, 0x00, 0x00, 0x00, 0x00, 0x00, 0x00, 0x00, 0x00, 0x00, 0x00, 0x00,
    0x00, 0x00, 0x00, 0x17, 0x51, 0x00, 0x00, 0x00, 0x00, 0x00, 0x11, 0x00, 0x00, 0x00, 0x00, 0x00, 0x00, 0x00, 0x01, 0x93, 0x49, 0x10, 0x00, 0x00,
    0x00, 0x00, 0x01, 0x10, 0x00, 0x00, 0x00, 0x00, 0x00, 0x00, 0x01, 0x43, 0x34, 0x11, 0x00, 0x00, 0x00, 0x00, 0x00, 0x11, 0x00, 0x00, 0x00, 0x00,
    0x00, 0x00, 0x09, 0xC3, 0x26, 0x41, 0x10, 0x00, 0x00, 0x00, 0x00, 0x01, 0x11, 0x00, 0x00, 0x00, 0x00, 0x00, 0x01, 0x73, 0xC2, 0x64, 0x11, 0x00,
    0x01, 0x10, 0x11, 0x11, 0x11, 0x00, 0x00, 0x00, 0x00, 0x00, 0x00, 0x17, 0x62, 0x26, 0x41, 0x00, 0x11, 0x11, 0x5A, 0xA5, 0x11, 0x10, 0x00, 0x00,
    0x00, 0x00, 0x00, 0x01, 0x46, 0x22, 0x67, 0x11, 0x11, 0x1B, 0x88, 0x8A, 0x10, 0x11, 0x00, 0x00, 0x00, 0x00, 0x00, 0x01, 0x94, 0x32, 0xC6, 0x71,
    0x01, 0xEF, 0x88, 0x88, 0x51, 0x01, 0x10, 0x00, 0x00, 0x00, 0x00, 0x00, 0x15, 0x23, 0x23, 0x37, 0x15, 0xB5, 0xB8, 0x8A, 0x10, 0x00, 0x11, 0x00,
    0x00, 0x00, 0x00, 0x00, 0x01, 0x73, 0x32, 0x33, 0x75, 0xBD, 0x1A, 0xA5, 0x10, 0x00, 0x00, 0x00, 0x00, 0x00, 0x00, 0x00, 0x00, 0x17, 0x32, 0xC3,
    0x25, 0x5D, 0x5B, 0x51, 0x10, 0x00, 0x00, 0x00, 0x00, 0x00, 0x00, 0x00, 0x00, 0x01, 0x46, 0x22, 0x32, 0x51, 0xB5, 0x11, 0x10, 0x00, 0x00, 0x00,
    0x00, 0x00, 0x00, 0x00, 0x00, 0x01, 0x14, 0x62, 0x23, 0x27, 0x11, 0x01, 0x10, 0x00, 0x00, 0x00, 0x00, 0x00, 0x00, 0x00, 0x00, 0x00, 0x11, 0x46,
    0x22, 0x33, 0x71, 0x10, 0x00, 0x00, 0x00, 0x00, 0x00, 0x00, 0x10, 0x00, 0x00, 0x01, 0xBB, 0x14, 0x62, 0x23, 0x37, 0x10, 0x00, 0x00, 0x00, 0x00,
    0x00, 0x01, 0x99, 0x10, 0x00, 0x15, 0x88, 0x51, 0x46, 0x22, 0xC6, 0x71, 0x00, 0x00, 0x00, 0x00, 0x00, 0x15, 0x24, 0x51, 0x01, 0x5A, 0x88, 0xA5,
    0x14, 0x63, 0x2C, 0x64, 0x11, 0x00, 0x00, 0x00, 0x00, 0x15, 0x46, 0x27, 0x11, 0xA8, 0x8A, 0x51, 0x11, 0x73, 0x32, 0xC6, 0x41, 0x10, 0x00, 0x00,
    0x00, 0x01, 0x14, 0x63, 0x71, 0xB8, 0xB1, 0x10, 0x00, 0x17, 0x23, 0x22, 0x64, 0x11, 0x00, 0x00, 0x00, 0x00, 0x11, 0x43, 0x64, 0x15, 0x11, 0x00,
    0x00, 0x01, 0x5C, 0x32, 0x26, 0x41, 0x10, 0x00, 0x00, 0x00, 0x01, 0x14, 0x36, 0x71, 0x00, 0x00, 0x00, 0x00, 0x19, 0x46, 0xC2, 0x34, 0x91, 0x00,
    0x00, 0x00, 0x00, 0x01, 0x43, 0x37, 0x10, 0x00, 0x00, 0x00, 0x01, 0x14, 0x33, 0x36, 0x71, 0x00, 0x00, 0x00, 0x00, 0x00, 0x14, 0x62, 0x51, 0x00,
    0x00, 0x00, 0x00, 0x11, 0x72, 0x45, 0x11, 0x00, 0x00, 0x00, 0x00, 0x00, 0x11, 0x46, 0x41, 0x00, 0x00, 0x00, 0x00, 0x00, 0x15, 0x11, 0x00, 0x00,
    0x00, 0x00, 0x00, 0x00, 0x01, 0x14, 0x41, 0x00, 0x00, 0x00, 0x00, 0x00, 0x01, 0x00, 0x00, 0x00, 0x00, 0x00, 0x00, 0x00, 0x00, 0x19, 0x91, 0x00,
    0x00, 0x00, 0x00, 0x00, 0x00, 0x00, 0x00, 0x00, 0x00, 0x00, 0x00, 0x00, 0x00, 0x01, 0x10, 0x00, 0x00, 0x00, 0x00, 0x00, 0x00, 0x00, 0x00, 0x00,
    0x00, 0x00, 0x00, 0x00, 0x00, 0x00, 0x00, 0x00, 0x00, 0x00, 0x00, 0x00, 0x00, 0x00, 0x00, 0x00, 0x00, 0x00, 0x00, 0x00, 0x00, 0x00, 0x00, 0x00,
    0x00, 0x00, 0x00, 0x00, 0x00, 0x00, 0x00, 0x00,
  },
  {
    0x00, 0x00, 0x00, 0x00, 0x00, 0x00, 0x00, 0x00, 0x00, 0x00, 0x00, 0x00, 0x00, 0x00, 0x00, 0x00, 0x00, 0x00, 0x00, 0x00, 0x00, 0x00, 0x00, 0x00,
    0x00, 0x00, 0x00, 0x00, 0x00, 0x00, 0x00, 0x00, 0x00, 0x00, 0x00, 0x00, 0x00, 0x00, 0x00, 0x00, 0x00, 0x00, 0x00, 0x00, 0x00, 0x00, 0x00, 0x00,
    0x00, 0x00, 0x00, 0x00, 0x00, 0x00, 0x00, 0x00, 0x00, 0x00, 0x00, 0x00, 0x00, 0x00, 0x00, 0x00, 0x00, 0x00, 0x00, 0x00, 0x00, 0x00, 0x00, 0x00,
    0x00, 0x00, 0x00, 0x00, 0x00, 0x00, 0x00, 0x00, 0x00, 0x00, 0x00, 0x00, 0x00, 0x00, 0x00, 0x00, 0x00, 0x00, 0x00, 0x00, 0x00, 0x00, 0x00, 0x00,
    0x00, 0x00, 0x00, 0x01, 0x11, 0x11, 0x11, 0x11, 0x11, 0x11, 0x11, 0x11, 0x10, 0x00, 0x00, 0x00, 0x00, 0x00, 0x00, 0x11, 0x22, 0x22, 0x22, 0x22,
    0x22, 0x22, 0x22, 0x22, 0x11, 0x00, 0x00, 0x00, 0x00, 0x00, 0x00, 0x12, 0x25, 0x51, 0x44, 0x25, 0x52, 0x43, 0x26, 0x23, 0x21, 0x00, 0x00, 0x00,
    0x00, 0x00, 0x00, 0x12, 0x51, 0xAB, 0x33, 0x18, 0x8C, 0x42, 0x19, 0x12, 0x31, 0x00, 0x00, 0x00, 0x00, 0x00, 0x00, 0x12, 0x5A, 0xAB, 0x33, 0x18,
    0x85, 0x41, 0x19, 0x96, 0x31, 0x00, 0x00, 0x00, 0x00, 0x00, 0x00, 0x12, 0x1B, 0xB1, 0x33, 0x17, 0x71, 0x42, 0x11, 0x12, 0x31, 0x00, 0x00, 0x00,
    0x00, 0x00, 0x00, 0x12, 0x43, 0x33, 0x44, 0x33, 0x33, 0x44, 0x33, 0x34, 0x31, 0x00, 0x00, 0x00, 0x00, 0x00, 0x00, 0x12, 0x43, 0x31, 0x44, 0x13,
    0x34, 0x44, 0x3D, 0x34, 0x31, 0x00, 0x00, 0x00, 0x00, 0x00, 0x00, 0x12, 0x22, 0x11, 0x31, 0xE6, 0x6E, 0x45, 0xCC, 0xC2, 0x31, 0x00, 0x00, 0x00,
    0x00, 0x00, 0x00, 0x12, 0x21, 0x11, 0x33, 0x6D, 0xD6, 0x45, 0x17, 0x15, 0x31, 0x00, 0x00, 0x00, 0x00, 0x00, 0x00, 0x12, 0x21, 0x11, 0x33, 0x6D,
    0xD6, 0x45, 0x17, 0x12, 0x31, 0x00, 0x00, 0x00, 0x00, 0x00, 0x00, 0x12, 0x2F, 0x21, 0x34, 0xE6, 0x6E, 0x43, 0x1C, 0x12, 0x31, 0x00, 0x00, 0x00,
    0x00, 0x00, 0x00, 0x12, 0x44, 0x44, 0x44, 0x44, 0x44, 0x44, 0x44, 0x44, 0x31, 0x00, 0x00, 0x00, 0x00, 0x00, 0x00, 0x12, 0x32, 0x52, 0x44, 0x11,
    0x63, 0x41, 0x21, 0x23, 0x31, 0x00, 0x00, 0x00, 0x00, 0x00, 0x00, 0x12, 0x11, 0x11, 0x33, 0xF1, 0x1F, 0x42, 0x17, 0x72, 0x31, 0x00, 0x00, 0x00,
    0x00, 0x00, 0x00, 0x12, 0x5A, 0xAB, 0x31, 0x19, 0x91, 0x43, 0x78, 0x85, 0x31, 0x00, 0x00, 0x00, 0x00, 0x00, 0x00, 0x12, 0x21, 0xAB, 0x33, 0x19,
    0x9F, 0x42, 0x78, 0x72, 0x31, 0x00, 0x00, 0x00, 0x00, 0x00, 0x00, 0x12, 0x32, 0x22, 0x44, 0x22, 0x22, 0x43, 0x25, 0x23, 0x61, 0x00, 0x00, 0x00,
    0x00, 0x00, 0x00, 0x11, 0x23, 0x33, 0x33, 0x33, 0x33, 0x33, 0x33, 0x32, 0x11, 0x00, 0x00, 0x00, 0x00, 0x00, 0x00, 0x01, 0x11, 0x11, 0x11, 0x11,
    0x11, 0x11, 0x11, 0x11, 0x10, 0x00, 0x00, 0x00, 0x00, 0x00, 0x00, 0x00, 0x00, 0x00, 0x00, 0x00, 0x00, 0x00, 0x00, 0x00, 0x00, 0x00, 0x00, 0x00,
    0x00, 0x00, 0x00, 0x00, 0x00, 0x00, 0x00, 0x00, 0x00, 0x00, 0x00, 0x00, 0x00, 0x00, 0x00, 0x00, 0x00, 0x00, 0x00, 0x00, 0x00, 0x00, 0x00, 0x00,
    0x00, 0x00, 0x00, 0x00, 0x00, 0x00, 0x00, 0x00, 0x00, 0x00, 0x00, 0x00, 0x00, 0x00, 0x00, 0x00, 0x00, 0x00, 0x00, 0x00, 0x00, 0x00, 0x00, 0x00,
    0x00, 0x00, 0x00, 0x00, 0x00, 0x00, 0x00, 0x00, 0x00, 0x00, 0x00, 0x00, 0x00, 0x00, 0x00, 0x00, 0x00, 0x00, 0x00, 0x00, 0x00, 0x00, 0x00, 0x00,
    0x00, 0x00, 0x00, 0x00, 0x00, 0x00, 0x00, 0x00,
  },
  {
    0x00, 0x00, 0x00, 0x00, 0x00, 0x00, 0x00, 0x00, 0x00, 0x00, 0x00, 0x00, 0x00, 0x00, 0x00, 0x00, 0x00, 0x00, 0x00, 0x00, 0x00, 0x00, 0x00, 0x00,
    0x00, 0x00, 0x00, 0x00, 0x00, 0x00, 0x00, 0x00, 0x00, 0x00, 0x00, 0x00, 0x00, 0x00, 0x00, 0x00, 0x00, 0x00, 0x00, 0x00, 0x00, 0x00, 0x00, 0x00,
    0x00, 0x00, 0x00, 0x00, 0x00, 0x00, 0x00, 0x00, 0x00, 0x30, 0x00, 0x00, 0x00, 0x00, 0x00, 0x00, 0x00, 0x00, 0x00, 0x00, 0x00, 0x00, 0x00, 0x00,
    0x33, 0x33, 0x30, 0x00, 0x00, 0x00, 0x00, 0x00, 0x00, 0x00, 0x00, 0x00, 0x00, 0x00, 0x00, 0x03, 0x30, 0x03, 0x30, 0x00, 0x00, 0x01, 0x11, 0x00,
    0x00, 0x00, 0x00, 0x00, 0x00, 0x00, 0x00, 0x00, 0x00, 0x00, 0x33, 0x00, 0x00, 0x06, 0x16, 0x00, 0x00, 0x00, 0x00, 0x00, 0x00, 0x00, 0x00, 0x00,
    0x00, 0x00, 0x33, 0x00, 0x00, 0x06, 0x26, 0x00, 0x00, 0x00, 0x00, 0x00, 0x00, 0x00, 0x00, 0x00, 0x00, 0x00, 0x33, 0x00, 0x00, 0x01, 0x11, 0x00,
    0x00, 0x00, 0x00, 0x00, 0x00, 0x00, 0x0B, 0x1B, 0x00, 0x00, 0x30, 0x00, 0x00, 0x00, 0x10, 0x00, 0x00, 0x00, 0x00, 0x00, 0x00, 0x00, 0x0B, 0x31,
    0x00, 0x00, 0x00, 0x00, 0x00, 0x01, 0x10, 0x00, 0x00, 0x00, 0x00, 0x00, 0x00, 0x00, 0x00, 0x10, 0x00, 0x00, 0x00, 0x00, 0x00, 0x11, 0x10, 0x00,
    0x00, 0x00, 0x00, 0x00, 0x00, 0x00, 0x00, 0x00, 0x00, 0x00, 0x00, 0x00, 0x01, 0x11, 0x00, 0x00, 0x00, 0x00, 0x00, 0x01, 0x11, 0x11, 0x11, 0x11,
    0x11, 0x11, 0x11, 0x11, 0x11, 0x10, 0x00, 0x00, 0x00, 0x00, 0x00, 0x11, 0x11, 0x11, 0x11, 0x11, 0x11, 0x11, 0x11, 0x11, 0x11, 0x00, 0x00, 0x00,
    0x00, 0x00, 0x01, 0x17, 0x22, 0x22, 0x75, 0x72, 0x22, 0x22, 0x22, 0x22, 0x51, 0x10, 0x00, 0x00, 0x00, 0x00, 0x01, 0x82, 0x22, 0x25, 0x11, 0x18,
    0x22, 0x22, 0x22, 0x22, 0x21, 0x10, 0x00, 0x00, 0x00, 0x00, 0x01, 0xA2, 0x22, 0x81, 0xC9, 0x96, 0x12, 0x22, 0x22, 0x22, 0x21, 0x10, 0x00, 0x00,
    0x00, 0x00, 0x01, 0xA2, 0x22, 0x19, 0x44, 0x44, 0xD5, 0x22, 0x22, 0x22, 0x21, 0x10, 0x00, 0x00, 0x00, 0x00, 0x01, 0xA2, 0x25, 0xB4, 0x94, 0x94,
    0x7A, 0x22, 0x22, 0x22, 0x21, 0x10, 0x00, 0x00, 0x00, 0x00, 0x01, 0xA2, 0x25, 0x14, 0x44, 0x94, 0x68, 0x22, 0x22, 0x22, 0x21, 0x10, 0x00, 0x00,
    0x00, 0x00, 0x01, 0xA2, 0x22, 0x1C, 0x44, 0x49, 0x15, 0x22, 0x22, 0x22, 0x21, 0x10, 0x00, 0x00, 0x00, 0x00, 0x01, 0x82, 0x22, 0x71, 0x6C, 0x71,
    0x82, 0x22, 0x22, 0x22, 0x21, 0x10, 0x00, 0x00, 0x00, 0x00, 0x01, 0x17, 0x22, 0x25, 0x11, 0x18, 0x22, 0x22, 0x22, 0x22, 0x51, 0x10, 0x00, 0x00,
    0x00, 0x00, 0x00, 0x11, 0x11, 0x11, 0x11, 0x11, 0x11, 0x11, 0x11, 0x11, 0x11, 0x00, 0x00, 0x00, 0x00, 0x00, 0x00, 0x01, 0x11, 0x11, 0x11, 0x11,
    0x11, 0x11, 0x11, 0x11, 0x10, 0x00, 0x00, 0x00, 0x00, 0x00, 0x00, 0x00, 0x00, 0x00, 0x00, 0x00, 0x00, 0x00, 0x00, 0x00, 0x00, 0x00, 0x00, 0x00,
    0x00, 0x00, 0x00, 0x00, 0x00, 0x00, 0x00, 0x00, 0x00, 0x00, 0x00, 0x00, 0x00, 0x00, 0x00, 0x00, 0x00, 0x00, 0x00, 0x00, 0x00, 0x00, 0x00, 0x00,
    0x00, 0x00, 0x00, 0x00, 0x00, 0x00, 0x00, 0x00, 0x00, 0x00, 0x00, 0x00, 0x00, 0x00, 0x00, 0x00, 0x00, 0x00, 0x00, 0x00, 0x00, 0x00, 0x00, 0x00,
    0x00, 0x00, 0x00, 0x00, 0x00, 0x00, 0x00, 0x00, 0x00, 0x00, 0x00, 0x00, 0x00, 0x00, 0x00, 0x00, 0x00, 0x00, 0x00, 0x00, 0x00, 0x00, 0x00, 0x00,
    0x00, 0x00, 0x00, 0x00, 0x00, 0x00, 0x00, 0x00,
  },
  {
    0x00, 0x00, 0x00, 0x00, 0x00, 0x00, 0x00, 0x00, 0x00, 0x00, 0x00, 0x00, 0x00, 0x00, 0x00, 0x00, 0x00, 0x00, 0x00, 0x00, 0x00, 0x00, 0x00, 0x00,
    0x00, 0x00, 0x00, 0x00, 0x00, 0x00, 0x00, 0x00, 0x00, 0x00, 0x00, 0x00, 0x00, 0x00, 0x00, 0x00, 0x00, 0x00, 0x00, 0x00, 0x00, 0x00, 0x00, 0x00,
    0x00, 0x00, 0x00, 0x00, 0x00, 0x00, 0x00, 0x00, 0x00, 0x00, 0x00, 0x00, 0x00, 0x00, 0x00, 0x00, 0x00, 0x00, 0x00, 0x00, 0x00, 0x00, 0x00, 0x00,
    0x00, 0x00, 0x00, 0x11, 0x10, 0x00, 0x00, 0x00, 0x00, 0x00, 0x00, 0x00, 0x00, 0x00, 0x00, 0x00, 0x00, 0x00, 0x01, 0x54, 0x31, 0x00, 0x00, 0x00,
    0x00, 0x00, 0x00, 0x00, 0x00, 0x00, 0x00, 0x00, 0x00, 0x00, 0x01, 0x64, 0x11, 0x00, 0x00, 0x00, 0x00, 0x00, 0x00, 0x00, 0x00, 0x00, 0x00, 0x00,
    0x00, 0x00, 0x44, 0x63, 0x10, 0x00, 0x00, 0x00, 0x00, 0x00, 0x00, 0x01, 0x11, 0x11, 0x11, 0x11, 0x11, 0x11, 0x34, 0x64, 0x00, 0x00, 0x00, 0x00,
    0x00, 0x11, 0x11, 0x53, 0x44, 0x46, 0x66, 0x66, 0x66, 0x44, 0x35, 0x53, 0x00, 0x00, 0x00, 0x00, 0x00, 0x14, 0x66, 0x6B, 0xB7, 0x77, 0x77, 0x77,
    0x77, 0x7B, 0xB6, 0x45, 0x10, 0x00, 0x00, 0x00, 0x00, 0x57, 0xB7, 0x77, 0x88, 0x88, 0x8B, 0xBB, 0x88, 0x76, 0x43, 0x51, 0x10, 0x00, 0x00, 0x00,
    0x00, 0x5F, 0x88, 0x88, 0x8B, 0x77, 0x88, 0x88, 0x87, 0x41, 0x11, 0x00, 0x00, 0x00, 0x00, 0x00, 0x00, 0x15, 0x55, 0x55, 0x53, 0x48, 0x65, 0x35,
    0x46, 0x10, 0x11, 0x11, 0x10, 0x00, 0x00, 0x00, 0x00, 0x00, 0x00, 0x00, 0x01, 0x13, 0x61, 0x11, 0x45, 0x01, 0x39, 0xEC, 0x10, 0x00, 0x00, 0x00,
    0x00, 0x00, 0x00, 0x00, 0x00, 0x01, 0x43, 0x15, 0x41, 0x13, 0x2A, 0xD9, 0x10, 0x00, 0x00, 0x00, 0x00, 0x00, 0x00, 0x00, 0x00, 0x01, 0x34, 0x33,
    0x31, 0x19, 0xDE, 0x2E, 0x31, 0x00, 0x00, 0x00, 0x00, 0x00, 0x00, 0x00, 0x00, 0x00, 0x13, 0x44, 0x31, 0x1E, 0xD2, 0x22, 0xEC, 0x11, 0x00, 0x00,
    0x00, 0x00, 0x00, 0x00, 0x00, 0x00, 0x01, 0x11, 0x10, 0x1C, 0x9E, 0x22, 0x2D, 0x91, 0x00, 0x00, 0x00, 0x00, 0x00, 0x00, 0x00, 0x00, 0x00, 0x00,
    0x00, 0x11, 0x13, 0x22, 0x22, 0x23, 0x10, 0x00, 0x00, 0x00, 0x00, 0x00, 0x00, 0x00, 0x00, 0x00, 0x00, 0x00, 0x01, 0x9A, 0x22, 0xA9, 0x10, 0x00,
    0x00, 0x00, 0x00, 0x00, 0x00, 0x00, 0x00, 0x00, 0x00, 0x00, 0x01, 0xCA, 0x22, 0x2E, 0x31, 0x00, 0x00, 0x00, 0x00, 0x00, 0x00, 0x00, 0x00, 0x00,
    0x00, 0x00, 0x01, 0xCA, 0x22, 0x2A, 0xC1, 0x00, 0x00, 0x00, 0x00, 0x00, 0x00, 0x00, 0x00, 0x00, 0x00, 0x00, 0x01, 0xCA, 0x22, 0x2D, 0x91, 0x00,
    0x00, 0x00, 0x00, 0x00, 0x00, 0x00, 0x00, 0x00, 0x00, 0x00, 0x01, 0xCD, 0x22, 0x2A, 0x91, 0x00, 0x00, 0x00, 0x00, 0x00, 0x00, 0x00, 0x00, 0x00,
    0x00, 0x00, 0x01, 0x32, 0xDA, 0xAD, 0xC1, 0x00, 0x00, 0x00, 0x00, 0x00, 0x00, 0x00, 0x00, 0x00, 0x00, 0x00, 0x00, 0x13, 0x99, 0x93, 0x10, 0x00,
    0x00, 0x00, 0x00, 0x00, 0x00, 0x00, 0x00, 0x00, 0x00, 0x00, 0x00, 0x01, 0x11, 0x11, 0x00, 0x00, 0x00, 0x00, 0x00, 0x00, 0x00, 0x00, 0x00, 0x00,
    0x00, 0x00, 0x00, 0x00, 0x00, 0x00, 0x00, 0x00, 0x00, 0x00, 0x00, 0x00, 0x00, 0x00, 0x00, 0x00, 0x00, 0x00, 0x00, 0x00, 0x00, 0x00, 0x00, 0x00,
    0x00, 0x00, 0x00, 0x00, 0x00, 0x00, 0x00, 0x00, 0x00, 0x00, 0x00, 0x00, 0x00, 0x00, 0x00, 0x00, 0x00, 0x00, 0x00, 0x00, 0x00, 0x00, 0x00, 0x00,
    0x00, 0x00, 0x00, 0x00, 0x00, 0x00, 0x00, 0x00,
  },
  {
    0x00, 0x00, 0x00, 0x00, 0x00, 0x00, 0x00, 0x00, 0x00, 0x00, 0x00, 0x00, 0x00, 0x00, 0x00, 0x00, 0x00, 0x00, 0x00, 0x00, 0x00, 0x00, 0x00, 0x00,
    0x00, 0x00, 0x00, 0x00, 0x00, 0x00, 0x00, 0x00, 0x00, 0x00, 0x00, 0x00, 0x00, 0x00, 0x03, 0x33, 0x33, 0x30, 0x00, 0x00, 0x00, 0x00, 0x00, 0x00,
    0x00, 0x00, 0x00, 0x00, 0x00, 0x00, 0x02, 0x99, 0x99, 0x30, 0x00, 0x00, 0x00, 0x00, 0x00, 0x00, 0x00, 0x00, 0x00, 0x00, 0x00, 0x03, 0x32, 0xAA,
    0xAA, 0x23, 0x30, 0x00, 0x00, 0x00, 0x00, 0x00, 0x00, 0x00, 0x00, 0x00, 0x03, 0x33, 0x33, 0x22, 0x22, 0x30, 0x33, 0x30, 0x00, 0x00, 0x00, 0x00,
    0x00, 0x00, 0x00, 0x00, 0x33, 0x30, 0x00, 0x00, 0x00, 0x00, 0x03, 0x33, 0x00, 0x00, 0x00, 0x00, 0x00, 0x00, 0x00, 0x03, 0x30, 0x00, 0x00, 0x00,
    0x00, 0x00, 0x00, 0x03, 0x30, 0x00, 0x00, 0x00, 0x00, 0x00, 0x00, 0x03, 0x00, 0x00, 0x00, 0x00, 0x00, 0x00, 0x00, 0x00, 0x30, 0x00, 0x00, 0x00,
    0x00, 0x00, 0x00, 0x33, 0x00, 0x00, 0x00, 0x00, 0x00, 0x00, 0x00, 0x00, 0x33, 0x00, 0x00, 0x00, 0x00, 0x00, 0x00, 0x30, 0x00, 0x00, 0x00, 0x00,
    0x00, 0x00, 0x00, 0x00, 0x03, 0x00, 0x00, 0x00, 0x00, 0x00, 0x03, 0x30, 0x00, 0x00, 0x00, 0x00, 0x00, 0x00, 0x00, 0x00, 0x03, 0x30, 0x00, 0x00,
    0x00, 0x00, 0x03, 0x30, 0x02, 0x22, 0x22, 0x22, 0x22, 0x22, 0x22, 0x20, 0x03, 0x30, 0x00, 0x00, 0x00, 0x00, 0x03, 0x02, 0x28, 0x55, 0x55, 0x55,
    0x55, 0x55, 0x55, 0x82, 0x20, 0x30, 0x00, 0x00, 0x00, 0x00, 0x03, 0x23, 0xB6, 0x46, 0x66, 0x66, 0x66, 0x66, 0x64, 0x6C, 0x22, 0x30, 0x00, 0x00,
    0x00, 0x00, 0x03, 0x22, 0x74, 0x44, 0x44, 0x44, 0x44, 0x44, 0x44, 0x47, 0x32, 0x30, 0x00, 0x00, 0x00, 0x00, 0x00, 0x02, 0x22, 0x22, 0x22, 0x22,
    0x22, 0x22, 0x22, 0x22, 0x20, 0x00, 0x00, 0x00, 0x00, 0x00, 0x00, 0x00, 0x74, 0x11, 0x11, 0x11, 0x11, 0x11, 0x44, 0x77, 0x00, 0x00, 0x00, 0x00,
    0x00, 0x00, 0x00, 0x00, 0x2B, 0x11, 0x11, 0x11, 0x11, 0x11, 0x66, 0x52, 0x00, 0x00, 0x00, 0x00, 0x00, 0x00, 0x00, 0x00, 0x25, 0x11, 0x11, 0x11,
    0x11, 0x11, 0x44, 0x23, 0x00, 0x00, 0x00, 0x00, 0x00, 0x00, 0x00, 0x00, 0x35, 0x11, 0x11, 0x11, 0x11, 0x11, 0x44, 0x28, 0x00, 0x00, 0x00, 0x00,
    0x00, 0x00, 0x00, 0x00, 0x38, 0x11, 0x11, 0x11, 0x11, 0x11, 0x44, 0x25, 0x00, 0x00, 0x00, 0x00, 0x00, 0x00, 0x00, 0x00, 0x22, 0x11, 0x11, 0x11,
    0x11, 0x11, 0x47, 0x20, 0x00, 0x00, 0x00, 0x00, 0x00, 0x00, 0x00, 0x00, 0x02, 0x41, 0x11, 0x11, 0x11, 0x11, 0x47, 0x30, 0x00, 0x00, 0x00, 0x00,
    0x00, 0x00, 0x00, 0x00, 0x03, 0x41, 0x11, 0x11, 0x11, 0x11, 0x4C, 0x20, 0x00, 0x00, 0x00, 0x00, 0x00, 0x00, 0x00, 0x00, 0x03, 0x71, 0x11, 0x11,
    0x11, 0x16, 0x45, 0x20, 0x00, 0x00, 0x00, 0x00, 0x00, 0x00, 0x00, 0x00, 0x03, 0x71, 0x11, 0x11, 0x11, 0x14, 0x48, 0x20, 0x00, 0x00, 0x00, 0x00,
    0x00, 0x00, 0x00, 0x00, 0x02, 0xB1, 0x11, 0x11, 0x11, 0x14, 0x42, 0x30, 0x00, 0x00, 0x00, 0x00, 0x00, 0x00, 0x00, 0x00, 0x02, 0x81, 0x11, 0x11,
    0x11, 0x14, 0x72, 0x80, 0x00, 0x00, 0x00, 0x00, 0x00, 0x00, 0x00, 0x00, 0x00, 0x22, 0x22, 0x22, 0x22, 0x22, 0x22, 0x00, 0x00, 0x00, 0x00, 0x00,
    0x00, 0x00, 0x00, 0x00, 0x00, 0x00, 0x00, 0x00, 0x00, 0x00, 0x00, 0x00, 0x00, 0x00, 0x00, 0x00, 0x00, 0x00, 0x00, 0x00, 0x00, 0x00, 0x00, 0x00,
    0x00, 0x00, 0x00, 0x00, 0x00, 0x00, 0x00, 0x00,
  },
  {
    0x00, 0x00, 0x00, 0x00, 0x00, 0x00, 0x00, 0x00, 0x00, 0x00, 0x00, 0x00, 0x00, 0x00, 0x00, 0x00, 0x00, 0x00, 0x00, 0x00, 0x00, 0x00, 0x00, 0x00,
    0x00, 0x00, 0x00, 0x00, 0x00, 0x00, 0x00, 0x00, 0x00, 0x00, 0x00, 0x00, 0x00, 0x00, 0x00, 0x00, 0x00, 0x00, 0x00, 0x00, 0x11, 0x00, 0x00, 0x00,
    0x00, 0x00, 0x00, 0x00, 0x00, 0x00, 0x00, 0x00, 0x00, 0x00, 0x00, 0x01, 0x22, 0x10, 0x00, 0x00, 0x00, 0x00, 0x00, 0x00, 0x00, 0x00, 0x00, 0x00,
    0x00, 0x00, 0x11, 0x23, 0x63, 0x10, 0x00, 0x00, 0x00, 0x00, 0x00, 0x00, 0x00, 0x00, 0x00, 0x00, 0x00, 0x11, 0x26, 0x13, 0x63, 0x21, 0x00, 0x00,
    0x00, 0x00, 0x00, 0x00, 0x00, 0x00, 0x00, 0x00, 0x11, 0x27, 0x45, 0x82, 0x66, 0x21, 0x00, 0x00, 0x00, 0x00, 0x00, 0x00, 0x00, 0x00, 0x01, 0x83,
    0x27, 0x45, 0x45, 0x91, 0x62, 0x11, 0x00, 0x00, 0x00, 0x00, 0x00, 0x00, 0x00, 0x00, 0x02, 0x34, 0xB5, 0x55, 0xB9, 0x81, 0x80, 0x00, 0x00, 0x00,
    0x00, 0x00, 0x00, 0x00, 0x00, 0x01, 0xCA, 0x24, 0x5B, 0x93, 0x11, 0x10, 0x00, 0x00, 0x00, 0x00, 0x00, 0x00, 0x00, 0x00, 0x01, 0x17, 0x44, 0x2A,
    0x92, 0x11, 0x00, 0x00, 0x00, 0x00, 0x00, 0x00, 0x00, 0x00, 0x00, 0x01, 0x17, 0x45, 0xA4, 0x33, 0x70, 0x00, 0x00, 0x00, 0x00, 0x00, 0x00, 0x00,
    0x00, 0x00, 0x00, 0x01, 0xAD, 0x72, 0x19, 0x81, 0x00, 0x00, 0x00, 0x00, 0x00, 0x00, 0x00, 0x00, 0x00, 0x00, 0x01, 0x01, 0x21, 0x11, 0x00, 0x11,
    0x10, 0x00, 0x00, 0x00, 0x00, 0x00, 0x00, 0x00, 0x00, 0x00, 0x11, 0x00, 0x10, 0x00, 0x00, 0x01, 0x10, 0x00, 0x00, 0x00, 0x00, 0x00, 0x00, 0x00,
    0x00, 0x00, 0x00, 0x00, 0x00, 0x00, 0x00, 0x00, 0x00, 0x00, 0x00, 0x00, 0x00, 0x00, 0x00, 0x00, 0x00, 0x00, 0x00, 0x00, 0x00, 0x00, 0x00, 0x11,
    0x10, 0x00, 0x00, 0x00, 0x00, 0x00, 0x00, 0x00, 0x00, 0x00, 0x00, 0x00, 0x00, 0x00, 0x01, 0x11, 0x11, 0x00, 0x00, 0x00, 0x00, 0x00, 0x00, 0x00,
    0x00, 0x00, 0x00, 0x00, 0x00, 0x00, 0x01, 0x11, 0x11, 0x10, 0x00, 0x00, 0x00, 0x00, 0x00, 0x00, 0x00, 0x00, 0x00, 0x00, 0x00, 0x00, 0x11, 0x01,
    0x01, 0x10, 0x00, 0x00, 0x00, 0x00, 0x00, 0x00, 0x00, 0x00, 0x00, 0x00, 0x00, 0x01, 0x10, 0x01, 0x10, 0x11, 0x00, 0x00, 0x00, 0x00, 0x00, 0x00,
    0x00, 0x00, 0x00, 0x00, 0x00, 0x01, 0x10, 0x01, 0x10, 0x01, 0x00, 0x00, 0x00, 0x00, 0x00, 0x00, 0x00, 0x00, 0x00, 0x00, 0x00, 0x11, 0x00, 0x01,
    0x10, 0x01, 0x10, 0x00, 0x00, 0x00, 0x00, 0x00, 0x00, 0x00, 0x00, 0x00, 0x00, 0x10, 0x00, 0x01, 0x10, 0x00, 0x11, 0x00, 0x00, 0x00, 0x00, 0x00,
    0x00, 0x00, 0x00, 0x00, 0x01, 0x10, 0x00, 0x01, 0x10, 0x00, 0x11, 0x00, 0x00, 0x00, 0x00, 0x00, 0x00, 0x00, 0x00, 0x00, 0x11, 0x00, 0x00, 0x01,
    0x10, 0x00, 0x01, 0x10, 0x00, 0x00, 0x00, 0x00, 0x00, 0x00, 0x00, 0x00, 0x10, 0x00, 0x00, 0x01, 0x10, 0x00, 0x00, 0x10, 0x00, 0x00, 0x00, 0x00,
    0x00, 0x00, 0x00, 0x01, 0x10, 0x00, 0x00, 0x01, 0x10, 0x00, 0x00, 0x11, 0x00, 0x00, 0x00, 0x00, 0x00, 0x00, 0x00, 0x00, 0x00, 0x00, 0x00, 0x01,
    0x10, 0x00, 0x00, 0x00, 0x00, 0x00, 0x00, 0x00, 0x00, 0x00, 0x00, 0x00, 0x00, 0x00, 0x00, 0x01, 0x00, 0x00, 0x00, 0x00, 0x00, 0x00, 0x00, 0x00,
    0x00, 0x00, 0x00, 0x00, 0x00, 0x00, 0x00, 0x00, 0x00, 0x00, 0x00, 0x00, 0x00, 0x00, 0x00, 0x00, 0x00, 0x00, 0x00, 0x00, 0x00, 0x00, 0x00, 0x00,
    0x00, 0x00, 0x00, 0x00, 0x00, 0x00, 0x00, 0x00,
  },
  {
    0x00, 0x00, 0x00, 0x00, 0x00, 0x00, 0x00, 0x00, 0x00, 0x00, 0x00, 0x00, 0x00, 0x00, 0x00, 0x00, 0x00, 0x00, 0x00, 0x00, 0x00, 0x00, 0x00, 0x00,
    0x00, 0x00, 0x00, 0x00, 0x00, 0x00, 0x00, 0x00, 0x00, 0x00, 0x00, 0x00, 0x00, 0x00, 0x00, 0x00, 0x00, 0x00, 0x00, 0x00, 0x00, 0x00, 0x00, 0x00,
    0x00, 0x00, 0x00, 0x00, 0x00, 0x00, 0x00, 0x04, 0x44, 0x00, 0x00, 0x00, 0x00, 0x00, 0x00, 0x00, 0x00, 0x00, 0x00, 0x00, 0x00, 0x00, 0x00, 0x4A,
    0xB4, 0x00, 0x00, 0x00, 0x00, 0x00, 0x00, 0x00, 0x00, 0x00, 0x00, 0x00, 0x00, 0x00, 0x00, 0x4A, 0xC1, 0x40, 0x00, 0x00, 0x00, 0x00, 0x00, 0x00,
    0x00, 0x00, 0x00, 0x04, 0x41, 0x11, 0x11, 0x11, 0x11, 0x11, 0x11, 0x44, 0x40, 0x00, 0x00, 0x00, 0x00, 0x00, 0x00, 0x42, 0x95, 0x55, 0x55, 0x55,
    0x55, 0x55, 0x57, 0x92, 0x14, 0x00, 0x00, 0x00, 0x00, 0x00, 0x04, 0x23, 0x33, 0x33, 0x33, 0x33, 0x33, 0x33, 0x37, 0x67, 0x71, 0x40, 0x00, 0x00,
    0x00, 0x00, 0x01, 0xD3, 0x55, 0x55, 0x55, 0x55, 0x55, 0x58, 0x56, 0x66, 0x69, 0x10, 0x00, 0x00, 0x00, 0x00, 0x42, 0x35, 0x88, 0x38, 0x35, 0x88,
    0x88, 0x53, 0x57, 0x66, 0x67, 0x14, 0x00, 0x00, 0x00, 0x00, 0x42, 0x85, 0x83, 0xE2, 0x73, 0x58, 0x85, 0x39, 0x22, 0x66, 0x67, 0x14, 0x00, 0x00,
    0x00, 0x04, 0x42, 0x85, 0x32, 0x12, 0x19, 0x35, 0x53, 0xF1, 0x21, 0x27, 0x67, 0x14, 0x40, 0x00, 0x00, 0x42, 0x12, 0x85, 0x31, 0x68, 0x19, 0x85,
    0x53, 0x61, 0x89, 0x16, 0x67, 0x11, 0x24, 0x00, 0x00, 0x18, 0x22, 0x85, 0x32, 0x12, 0x19, 0x35, 0x53, 0x91, 0x21, 0x17, 0x67, 0x12, 0x81, 0x00,
    0x00, 0x18, 0x22, 0x85, 0x35, 0x22, 0x73, 0x58, 0x85, 0x39, 0x12, 0x66, 0x67, 0x12, 0x81, 0x00, 0x00, 0x18, 0x22, 0x85, 0x88, 0x33, 0x35, 0x55,
    0x55, 0x57, 0x77, 0x66, 0x67, 0x12, 0x81, 0x00, 0x00, 0x18, 0x22, 0x85, 0x85, 0x33, 0x33, 0x33, 0x33, 0x56, 0x76, 0x66, 0x67, 0x12, 0x31, 0x00,
    0x00, 0x18, 0x22, 0x85, 0x83, 0x76, 0x99, 0x69, 0x96, 0x22, 0x29, 0x76, 0x67, 0x12, 0x81, 0x00, 0x00, 0x42, 0x12, 0x85, 0x32, 0x14, 0x11, 0x41,
    0x11, 0x14, 0x11, 0x27, 0x67, 0x11, 0x24, 0x00, 0x00, 0x04, 0x42, 0x33, 0x71, 0x91, 0x55, 0x18, 0x22, 0x81, 0x65, 0x12, 0x67, 0x14, 0x40, 0x00,
    0x00, 0x00, 0x42, 0x33, 0x21, 0x81, 0x33, 0x18, 0x92, 0x81, 0x68, 0x12, 0x77, 0x14, 0x00, 0x00, 0x00, 0x00, 0x42, 0x83, 0x71, 0x71, 0x55, 0x18,
    0x22, 0x81, 0x69, 0x19, 0x67, 0x14, 0x00, 0x00, 0x00, 0x00, 0x42, 0x85, 0x32, 0x14, 0x11, 0x41, 0x11, 0x14, 0x11, 0x27, 0x67, 0x14, 0x00, 0x00,
    0x00, 0x00, 0x41, 0x35, 0x53, 0x96, 0x66, 0x66, 0x92, 0x22, 0x29, 0x76, 0x66, 0x14, 0x00, 0x00, 0x00, 0x00, 0x04, 0x73, 0x55, 0x33, 0x33, 0x33,
    0x96, 0x77, 0x76, 0x66, 0x79, 0x40, 0x00, 0x00, 0x00, 0x00, 0x04, 0x15, 0x33, 0x33, 0x33, 0x33, 0x79, 0x77, 0x77, 0x77, 0x91, 0x40, 0x00, 0x00,
    0x00, 0x00, 0x00, 0x41, 0x26, 0x66, 0x66, 0x66, 0x22, 0x22, 0x22, 0x22, 0x14, 0x00, 0x00, 0x00, 0x00, 0x00, 0x00, 0x04, 0x44, 0x44, 0x44, 0x44,
    0x44, 0x44, 0x44, 0x44, 0x40, 0x00, 0x00, 0x00, 0x00, 0x00, 0x00, 0x00, 0x00, 0x00, 0x00, 0x00, 0x00, 0x00, 0x00, 0x00, 0x00, 0x00, 0x00, 0x00,
    0x00, 0x00, 0x00, 0x00, 0x00, 0x00, 0x00, 0x00, 0x00, 0x00, 0x00, 0x00, 0x00, 0x00, 0x00, 0x00, 0x00, 0x00, 0x00, 0x00, 0x00, 0x00, 0x00, 0x00,
    0x00, 0x00, 0x00, 0x00, 0x00, 0x00, 0x00, 0x00,
  },
  {
    0x00, 0x00, 0x00, 0x00, 0x00, 0x00, 0x00, 0x00, 0x00, 0x00, 0x00, 0x00, 0x00, 0x00, 0x00, 0x00, 0x00, 0x00, 0x00, 0x00, 0x00, 0x00, 0x00, 0x00,
    0x00, 0x00, 0x00, 0x00, 0x00, 0x00, 0x00, 0x00, 0x00, 0x00, 0x00, 0x00, 0x00, 0x00, 0x00, 0x00, 0x00, 0x00, 0x00, 0x00, 0x00, 0x00, 0x00, 0x00,
    0x00, 0x00, 0x00, 0x00, 0x00, 0x00, 0x00, 0x00, 0x00, 0x00, 0x00, 0x00, 0x00, 0x00, 0x00, 0x00, 0x00, 0x00, 0x00, 0x00, 0x00, 0x00, 0x00, 0x05,
    0x50, 0x00, 0x00, 0x00, 0x00, 0x00, 0x00, 0x00, 0x00, 0x00, 0x00, 0x00, 0x00, 0x00, 0x00, 0x08, 0x80, 0x00, 0x00, 0x00, 0x00, 0x00, 0x00, 0x00,
    0x00, 0x00, 0x00, 0x00, 0x00, 0x00, 0x00, 0x02, 0x20, 0x00, 0x00, 0x00, 0x00, 0x00, 0x00, 0x00, 0x00, 0x00, 0x00, 0x00, 0x00, 0x00, 0x00, 0xD2,
    0x25, 0x00, 0x00, 0x00, 0x00, 0x00, 0x00, 0x00, 0x00, 0x00, 0x00, 0x00, 0x05, 0x55, 0x55, 0x82, 0x28, 0x55, 0x55, 0x50, 0x00, 0x00, 0x00, 0x00,
    0x00, 0x00, 0x00, 0x00, 0x05, 0x22, 0x22, 0x22, 0x22, 0x22, 0x22, 0x80, 0x00, 0x00, 0x00, 0x00, 0x00, 0x00, 0x00, 0x00, 0x00, 0x58, 0x22, 0x22,
    0x22, 0x22, 0x25, 0x00, 0x00, 0x00, 0x00, 0x00, 0x00, 0x00, 0x00, 0x00, 0x00, 0x00, 0x82, 0x22, 0x22, 0x28, 0x00, 0x00, 0x00, 0x00, 0x00, 0x00,
    0x00, 0x00, 0x00, 0x00, 0x00, 0x00, 0x08, 0x22, 0x22, 0x20, 0x00, 0x00, 0x00, 0x00, 0x00, 0x00, 0x00, 0x00, 0x00, 0x00, 0x00, 0x00, 0xD2, 0x22,
    0x22, 0x25, 0x00, 0x00, 0x00, 0x00, 0x00, 0x00, 0x00, 0x00, 0x00, 0x00, 0x00, 0x00, 0x52, 0x22, 0x22, 0x28, 0x00, 0x00, 0x00, 0x00, 0x00, 0x00,
    0x00, 0x00, 0x00, 0x00, 0x01, 0x11, 0x82, 0x51, 0x1D, 0x28, 0x11, 0x11, 0x00, 0x00, 0x00, 0x00, 0x00, 0x00, 0x00, 0x01, 0x17, 0x79, 0x25, 0x7A,
    0xA7, 0x92, 0x97, 0x71, 0x10, 0x00, 0x00, 0x00, 0x00, 0x00, 0x00, 0x01, 0xA3, 0x31, 0xB3, 0x34, 0x43, 0x31, 0xB3, 0x3A, 0x10, 0x00, 0x00, 0x00,
    0x00, 0x00, 0x00, 0x01, 0x43, 0x33, 0x34, 0x19, 0x91, 0x93, 0x33, 0x34, 0x10, 0x00, 0x00, 0x00, 0x00, 0x00, 0x00, 0x01, 0x43, 0x33, 0x41, 0x66,
    0x66, 0x94, 0x33, 0x34, 0x10, 0x00, 0x00, 0x00, 0x00, 0x00, 0x00, 0x01, 0x43, 0x33, 0x7B, 0x66, 0x66, 0xC7, 0x33, 0x34, 0x10, 0x00, 0x00, 0x00,
    0x00, 0x00, 0x00, 0x01, 0x43, 0x33, 0x7C, 0x66, 0x66, 0x67, 0x33, 0x34, 0x10, 0x00, 0x00, 0x00, 0x00, 0x00, 0x00, 0x01, 0x43, 0x33, 0xA9, 0x66,
    0x66, 0xB7, 0x33, 0x34, 0x10, 0x00, 0x00, 0x00, 0x00, 0x00, 0x00, 0x01, 0x43, 0x33, 0x37, 0x9C, 0xC1, 0x73, 0x33, 0x34, 0x10, 0x00, 0x00, 0x00,
    0x00, 0x00, 0x00, 0x01, 0x14, 0x44, 0x44, 0x11, 0x11, 0x44, 0x44, 0x47, 0x10, 0x00, 0x00, 0x00, 0x00, 0x00, 0x00, 0x00, 0x11, 0x11, 0x11, 0x11,
    0x11, 0x11, 0x11, 0x11, 0x00, 0x00, 0x00, 0x00, 0x00, 0x00, 0x00, 0x00, 0x00, 0x00, 0x00, 0x00, 0x00, 0x00, 0x00, 0x00, 0x00, 0x00, 0x00, 0x00,
    0x00, 0x00, 0x00, 0x00, 0x00, 0x00, 0x00, 0x00, 0x00, 0x00, 0x00, 0x00, 0x00, 0x00, 0x00, 0x00, 0x00, 0x00, 0x00, 0x00, 0x00, 0x00, 0x00, 0x00,
    0x00, 0x00, 0x00, 0x00, 0x00, 0x00, 0x00, 0x00, 0x00, 0x00, 0x00, 0x00, 0x00, 0x00, 0x00, 0x00, 0x00, 0x00, 0x00, 0x00, 0x00, 0x00, 0x00, 0x00,
    0x00, 0x00, 0x00, 0x00, 0x00, 0x00, 0x00, 0x00, 0x00, 0x00, 0x00, 0x00, 0x00, 0x00, 0x00, 0x00, 0x00, 0x00, 0x00, 0x00, 0x00, 0x00, 0x00, 0x00,
    0x00, 0x00, 0x00, 0x00, 0x00, 0x00, 0x00, 0x00,
  },
  {
    0x00, 0x00, 0x00, 0x00, 0x00, 0x00, 0x00, 0x00, 0x00, 0x00, 0x00, 0x00, 0x00, 0x00, 0x00, 0x00, 0x00, 0x00, 0x00, 0x00, 0x00, 0x00, 0x00, 0x00,
    0x00, 0x00, 0x00, 0x00, 0x00, 0x00, 0x00, 0x00, 0x00, 0x00, 0x00, 0x00, 0x00, 0x00, 0x00, 0x00, 0x00, 0x02, 0x22, 0x22, 0x22, 0x00, 0x00, 0x00,
    0x00, 0x00, 0x00, 0x00, 0x00, 0x00, 0x00, 0x00, 0x09, 0x2A, 0xB4, 0x4B, 0xC2, 0x20, 0x00, 0x00, 0x00, 0x00, 0x00, 0x00, 0x00, 0x00, 0x00, 0x00,
    0xA2, 0x23, 0x33, 0x33, 0x64, 0x92, 0x00, 0x00, 0x00, 0x00, 0x00, 0x00, 0x00, 0x00, 0x00, 0x0A, 0x2B, 0x33, 0x33, 0x33, 0x44, 0x69, 0x20, 0x00,
    0x00, 0x00, 0x00, 0x00, 0x00, 0x00, 0x00, 0xA2, 0xB3, 0x33, 0x33, 0x33, 0x34, 0x44, 0x22, 0x00, 0x00, 0x00, 0x00, 0x00, 0x00, 0x00, 0x0A, 0x2B,
    0x33, 0x33, 0x33, 0x33, 0x34, 0x46, 0xC2, 0x00, 0x00, 0x00, 0x00, 0x00, 0x00, 0x00, 0xA2, 0xB3, 0x33, 0x33, 0x33, 0x33, 0x34, 0x44, 0xB2, 0x00,
    0x00, 0x00, 0x00, 0x00, 0x00, 0x0A, 0x2B, 0x33, 0x33, 0x33, 0x33, 0x33, 0x34, 0x44, 0xB2, 0x00, 0x00, 0x00, 0x00, 0x00, 0x00, 0xA2, 0xB3, 0x33,
    0x33, 0x33, 0x33, 0x33, 0x44, 0x44, 0xB2, 0x00, 0x00, 0x00, 0x00, 0x00, 0x02, 0x2B, 0x33, 0x33, 0x33, 0x33, 0x33, 0x33, 0x44, 0x46, 0xC2, 0x00,
    0x00, 0x00, 0x00, 0x00, 0x02, 0xDE, 0x93, 0x33, 0x33, 0x33, 0x33, 0x36, 0x44, 0x44, 0x22, 0x00, 0x00, 0x00, 0x00, 0x00, 0x2D, 0x11, 0x2A, 0x33,
    0x33, 0x33, 0x33, 0x34, 0x44, 0x69, 0x20, 0x00, 0x00, 0x00, 0x00, 0x02, 0xD1, 0x11, 0x17, 0x23, 0x33, 0x33, 0x33, 0x44, 0x46, 0xC2, 0x00, 0x00,
    0x00, 0x00, 0x00, 0x2D, 0x11, 0x11, 0x11, 0x72, 0x33, 0x33, 0x36, 0x44, 0x6C, 0x29, 0x00, 0x00, 0x00, 0x00, 0x02, 0xD1, 0x11, 0x11, 0x11, 0x17,
    0x23, 0x33, 0x34, 0x46, 0xC2, 0x90, 0x00, 0x00, 0x00, 0x00, 0x2D, 0x11, 0x11, 0x11, 0x11, 0x11, 0x72, 0x33, 0x44, 0x4C, 0x29, 0x00, 0x00, 0x00,
    0x00, 0x02, 0x71, 0x11, 0x11, 0x11, 0x11, 0x11, 0x17, 0x24, 0x44, 0xC2, 0x90, 0x00, 0x00, 0x00, 0x00, 0x02, 0x11, 0x11, 0x11, 0x11, 0x11, 0x11,
    0x11, 0x29, 0x6C, 0x29, 0x00, 0x00, 0x00, 0x00, 0x00, 0x27, 0x11, 0x11, 0x11, 0x11, 0x11, 0x11, 0x15, 0x5E, 0xC2, 0x90, 0x00, 0x00, 0x00, 0x00,
    0x00, 0x2D, 0x11, 0x11, 0x11, 0x11, 0x11, 0x11, 0x55, 0x57, 0x2A, 0x00, 0x22, 0x22, 0x00, 0x00, 0x00, 0x2D, 0x11, 0x11, 0x11, 0x11, 0x11, 0x15,
    0x55, 0x72, 0x00, 0x02, 0xFE, 0xEA, 0x20, 0x00, 0x00, 0x27, 0x11, 0x11, 0x11, 0x11, 0x12, 0x55, 0x57, 0x20, 0x00, 0x22, 0x88, 0x88, 0xF2, 0x00,
    0x00, 0x22, 0x11, 0x11, 0x11, 0x11, 0x25, 0x55, 0x72, 0x00, 0x02, 0xA8, 0x86, 0x68, 0x82, 0x00, 0x00, 0x02, 0xD1, 0x11, 0x11, 0x12, 0x55, 0x57,
    0x20, 0x00, 0x02, 0xF8, 0x66, 0x66, 0x8F, 0x20, 0x00, 0x02, 0x22, 0x11, 0x12, 0x55, 0x55, 0x72, 0x00, 0x00, 0x02, 0xF8, 0x36, 0x63, 0x89, 0x20,
    0x00, 0x00, 0x22, 0x75, 0x55, 0x55, 0x57, 0x20, 0x00, 0x00, 0x00, 0x28, 0x86, 0x38, 0xE2, 0x00, 0x00, 0x00, 0x02, 0x22, 0x77, 0x72, 0x22, 0x00,
    0x00, 0x00, 0x00, 0x22, 0xE8, 0x8E, 0x22, 0x00, 0x00, 0x00, 0x00, 0x02, 0x22, 0x22, 0x00, 0x00, 0x00, 0x00, 0x00, 0x02, 0x22, 0x22, 0x20, 0x00,
    0x00, 0x00, 0x00, 0x00, 0x00, 0x00, 0x00, 0x00, 0x00, 0x00, 0x00, 0x00, 0x00, 0x00, 0x00, 0x00, 0x00, 0x00, 0x00, 0x00, 0x00, 0x00, 0x00, 0x00,
    0x00, 0x00, 0x00, 0x00, 0x00, 0x00, 0x00, 0x00,
  },
  {
    0x00, 0x00, 0x00, 0x00, 0x00, 0x00, 0x00, 0x00, 0x00, 0x00, 0x00, 0x00, 0x00, 0x00, 0x00, 0x00, 0x00, 0x00, 0x00, 0x00, 0x00, 0x00, 0x00, 0x00,
    0x00, 0x00, 0x00, 0x00, 0x00, 0x00, 0x00, 0x00, 0x00, 0x00, 0x00, 0x00, 0x00, 0x00, 0x00, 0x00, 0x00, 0x00, 0x01, 0x11, 0x11, 0x00, 0x00, 0x00,
    0x00, 0x00, 0x00, 0x00, 0x00, 0x00, 0x00, 0x00, 0x00, 0x00, 0x11, 0x79, 0x97, 0x11, 0x00, 0x00, 0x00, 0x00, 0x00, 0x00, 0x00, 0x00, 0x00, 0x00,
    0x00, 0x01, 0x53, 0x44, 0x44, 0x31, 0x10, 0x00, 0x00, 0x00, 0x00, 0x00, 0x00, 0x00, 0x00, 0x00, 0x00, 0x15, 0x42, 0x24, 0x33, 0x43, 0x10, 0x00,
    0x00, 0x00, 0x00, 0x00, 0x00, 0x00, 0x00, 0x00, 0x01, 0x53, 0x33, 0x32, 0x44, 0x34, 0x71, 0x00, 0x00, 0x00, 0x00, 0x00, 0x00, 0x00, 0x00, 0x00,
    0x15, 0x43, 0x84, 0x38, 0x33, 0x34, 0x91, 0x00, 0x00, 0x00, 0x00, 0x00, 0x00, 0x00, 0x00, 0x01, 0x15, 0x44, 0x48, 0x36, 0x23, 0x44, 0x91, 0x00,
    0x00, 0x00, 0x00, 0x00, 0x00, 0x00, 0x00, 0x15, 0x21, 0x14, 0x43, 0x33, 0x43, 0x84, 0x71, 0x00, 0x00, 0x00, 0x00, 0x00, 0x00, 0x00, 0x01, 0x52,
    0x32, 0x11, 0x44, 0x38, 0x43, 0x33, 0x10, 0x00, 0x00, 0x00, 0x00, 0x00, 0x00, 0x00, 0x15, 0x22, 0x22, 0x21, 0x14, 0x44, 0x83, 0x41, 0x10, 0x00,
    0x00, 0x00, 0x00, 0x00, 0x00, 0x01, 0x52, 0x22, 0x22, 0x22, 0x11, 0x44, 0x33, 0x11, 0x00, 0x00, 0x00, 0x00, 0x00, 0x00, 0x00, 0x15, 0x22, 0x22,
    0x22, 0x22, 0x21, 0x14, 0x31, 0x10, 0x00, 0x00, 0x00, 0x00, 0x00, 0x00, 0x01, 0x52, 0x22, 0x22, 0x22, 0x22, 0x22, 0x15, 0x51, 0x00, 0x00, 0x00,
    0x00, 0x00, 0x00, 0x00, 0x15, 0x22, 0x22, 0x22, 0x22, 0x22, 0x23, 0x21, 0x10, 0x00, 0x00, 0x00, 0x00, 0x00, 0x00, 0x01, 0x12, 0x22, 0x22, 0x22,
    0x22, 0x22, 0x22, 0x11, 0x00, 0x00, 0x00, 0x00, 0x00, 0x00, 0x00, 0x11, 0x15, 0x22, 0x22, 0x22, 0x22, 0x22, 0x21, 0x10, 0x00, 0x00, 0x00, 0x00,
    0x00, 0x00, 0x01, 0x54, 0x31, 0x52, 0x22, 0x22, 0x22, 0x22, 0x11, 0x00, 0x00, 0x00, 0x00, 0x00, 0x00, 0x00, 0x15, 0x33, 0x43, 0x15, 0x22, 0x22,
    0x22, 0x21, 0x10, 0x00, 0x00, 0x00, 0x00, 0x00, 0x00, 0x01, 0x14, 0x22, 0x44, 0x31, 0x52, 0x22, 0x22, 0x11, 0x00, 0x00, 0x00, 0x00, 0x00, 0x00,
    0x00, 0x11, 0x33, 0x44, 0x83, 0x43, 0x15, 0x23, 0x21, 0x10, 0x00, 0x00, 0x11, 0x11, 0x00, 0x00, 0x00, 0x19, 0x48, 0x33, 0x33, 0x34, 0x31, 0x52,
    0x11, 0x00, 0x00, 0x01, 0x7A, 0xA7, 0x10, 0x00, 0x00, 0x13, 0x44, 0x83, 0x62, 0x34, 0x43, 0x11, 0x10, 0x00, 0x00, 0x18, 0x66, 0x66, 0x71, 0x00,
    0x00, 0x13, 0x43, 0x33, 0x84, 0x38, 0x43, 0x11, 0x00, 0x00, 0x01, 0x76, 0xBC, 0xDD, 0x61, 0x00, 0x00, 0x19, 0x43, 0x43, 0x24, 0x33, 0x31, 0x10,
    0x00, 0x00, 0x01, 0x76, 0xBD, 0xDB, 0x67, 0x10, 0x00, 0x11, 0x34, 0x33, 0x48, 0x34, 0x11, 0x00, 0x00, 0x00, 0x01, 0x76, 0xCB, 0xBC, 0x6E, 0x10,
    0x00, 0x01, 0x53, 0x44, 0x44, 0x31, 0x10, 0x00, 0x00, 0x00, 0x00, 0x16, 0x6C, 0xC6, 0xA1, 0x00, 0x00, 0x00, 0x11, 0x79, 0x97, 0x11, 0x00, 0x00,
    0x00, 0x00, 0x00, 0x11, 0xA6, 0x6A, 0x11, 0x00, 0x00, 0x00, 0x01, 0x11, 0x11, 0x00, 0x00, 0x00, 0x00, 0x00, 0x00, 0x01, 0x11, 0x11, 0x10, 0x00,
    0x00, 0x00, 0x00, 0x00, 0x00, 0x00, 0x00, 0x00, 0x00, 0x00, 0x00, 0x00, 0x00, 0x00, 0x00, 0x00, 0x00, 0x00, 0x00, 0x00, 0x00, 0x00, 0x00, 0x00,
    0x00, 0x00, 0x00, 0x00, 0x00, 0x00, 0x00, 0x00,
  },
  {
    0x00, 0x00, 0x00, 0x00, 0x00, 0x00, 0x00, 0x00, 0x00, 0x00, 0x00, 0x00, 0x00, 0x00, 0x00, 0x00, 0x00, 0x00, 0x00, 0x00, 0x00, 0x00, 0x00, 0x00,
    0x00, 0x00, 0x00, 0x00, 0x00, 0x00, 0x00, 0x00, 0x00, 0x00, 0x00, 0x00, 0x00, 0x11, 0x11, 0x11, 0x11, 0x11, 0x00, 0x00, 0x00, 0x00, 0x00, 0x00,
    0x00, 0x00, 0x00, 0x00, 0x11, 0x11, 0x00, 0x01, 0x11, 0x00, 0x00, 0x00, 0x00, 0x00, 0x00, 0x00, 0x00, 0x00, 0x00, 0x00, 0x11, 0x00, 0x00, 0x11,
    0x11, 0x00, 0x00, 0x00, 0x00, 0x00, 0x00, 0x00, 0x00, 0x00, 0x00, 0x00, 0x00, 0x00, 0x01, 0x1B, 0x91, 0x10, 0x00, 0x00, 0x00, 0x00, 0x00, 0x00,
    0x00, 0x00, 0x00, 0x00, 0x00, 0x00, 0x01, 0xB3, 0x39, 0x10, 0x00, 0x00, 0x00, 0x00, 0x00, 0x00, 0x00, 0x00, 0x00, 0x00, 0x00, 0x00, 0x01, 0xB3,
    0x3B, 0x10, 0x00, 0x00, 0x00, 0x00, 0x00, 0x00, 0x00, 0x00, 0x00, 0x00, 0x00, 0x00, 0x01, 0x11, 0x11, 0x10, 0x00, 0x00, 0x00, 0x00, 0x00, 0x00,
    0x00, 0x00, 0x00, 0x00, 0x00, 0x01, 0x11, 0x44, 0x4A, 0x11, 0x10, 0x00, 0x00, 0x00, 0x00, 0x00, 0x00, 0x00, 0x00, 0x00, 0x00, 0x11, 0xC2, 0x22,
    0x22, 0x5C, 0x11, 0x00, 0x00, 0x00, 0x00, 0x00, 0x00, 0x00, 0x00, 0x00, 0x01, 0x15, 0x22, 0x22, 0x22, 0x25, 0x51, 0x10, 0x00, 0x00, 0x00, 0x00,
    0x00, 0x00, 0x00, 0x00, 0x01, 0x72, 0x22, 0x71, 0x14, 0x25, 0x5C, 0x10, 0x00, 0x00, 0x00, 0x00, 0x00, 0x00, 0x00, 0x00, 0x11, 0x22, 0x24, 0x19,
    0xB1, 0x15, 0x55, 0xA1, 0x00, 0x00, 0x00, 0x00, 0x00, 0x00, 0x00, 0x00, 0x11, 0x22, 0x71, 0x13, 0x33, 0x14, 0x55, 0x41, 0x00, 0x00, 0x00, 0x00,
    0x00, 0x00, 0x00, 0x00, 0x14, 0x22, 0x1B, 0x33, 0x33, 0x11, 0xC8, 0x41, 0x00, 0x00, 0x00, 0x00, 0x00, 0x00, 0x00, 0x00, 0x1A, 0x2C, 0x13, 0x33,
    0x33, 0x31, 0x48, 0x41, 0x00, 0x00, 0x00, 0x00, 0x00, 0x00, 0x00, 0x00, 0x1A, 0x27, 0x13, 0x33, 0x33, 0x39, 0xA8, 0x41, 0x00, 0x00, 0x00, 0x00,
    0x00, 0x00, 0x00, 0x00, 0x14, 0x24, 0x93, 0x33, 0x33, 0x3B, 0x18, 0x41, 0x00, 0x00, 0x00, 0x00, 0x00, 0x00, 0x00, 0x00, 0x14, 0x24, 0x93, 0x33,
    0x33, 0x3B, 0x18, 0x41, 0x00, 0x00, 0x00, 0x00, 0x00, 0x00, 0x00, 0x00, 0x1A, 0x27, 0x13, 0x33, 0x33, 0x39, 0x18, 0x41, 0x00, 0x00, 0x00, 0x00,
    0x00, 0x00, 0x00, 0x00, 0x1A, 0x2C, 0x13, 0x33, 0x33, 0x39, 0x48, 0x41, 0x11, 0x11, 0x00, 0x00, 0x00, 0x00, 0x00, 0x00, 0x14, 0x22, 0x1B, 0x33,
    0x33, 0x31, 0xC8, 0x11, 0xDF, 0xFA, 0x10, 0x00, 0x00, 0x00, 0x00, 0x00, 0x14, 0x22, 0xD1, 0x33, 0x33, 0x91, 0x55, 0xAD, 0x66, 0x66, 0xD1, 0x00,
    0x00, 0x00, 0x00, 0x00, 0x14, 0x22, 0x21, 0x11, 0x19, 0x15, 0x87, 0x16, 0x6E, 0x16, 0x61, 0x00, 0x00, 0x00, 0x00, 0x00, 0x14, 0x22, 0x22, 0x41,
    0x1A, 0x52, 0x54, 0xD6, 0x1E, 0xE1, 0x6D, 0x10, 0x00, 0x00, 0x00, 0x00, 0x11, 0x22, 0x22, 0x22, 0x22, 0x25, 0x51, 0xD6, 0x1E, 0xEE, 0x64, 0x10,
    0x00, 0x00, 0x00, 0x00, 0x01, 0xC2, 0x22, 0x22, 0x22, 0x28, 0x8C, 0x16, 0x61, 0x16, 0xF1, 0x00, 0x00, 0x00, 0x00, 0x00, 0x01, 0x14, 0x77, 0x77,
    0x77, 0x71, 0x41, 0x11, 0xF6, 0x6F, 0x11, 0x00, 0x00, 0x00, 0x00, 0x00, 0x00, 0x01, 0x11, 0x11, 0x11, 0x11, 0x11, 0x01, 0x11, 0x11, 0x10, 0x00,
    0x00, 0x00, 0x00, 0x00, 0x00, 0x00, 0x00, 0x00, 0x00, 0x00, 0x00, 0x00, 0x00, 0x00, 0x00, 0x00, 0x00, 0x00, 0x00, 0x00, 0x00, 0x00, 0x00, 0x00,
    0x00, 0x00, 0x00, 0x00, 0x00, 0x00, 0x00, 0x00,
  },
  {
    0x00, 0x00, 0x00, 0x00, 0x00, 0x00, 0x00, 0x00, 0x00, 0x00, 0x00, 0x00, 0x00, 0x00, 0x00, 0x00, 0x00, 0x00, 0x00, 0x00, 0x00, 0x00, 0x00, 0x00,
    0x00, 0x00, 0x00, 0x00, 0x00, 0x00, 0x00, 0x00, 0x00, 0x00, 0x00, 0x00, 0x00, 0x00, 0x11, 0x11, 0x11, 0x11, 0x00, 0x00, 0x00, 0x00, 0x00, 0x00,
    0x00, 0x00, 0x00, 0x00, 0x00, 0x01, 0x16, 0x22, 0x22, 0x61, 0x10, 0x00, 0x00, 0x00, 0x00, 0x00, 0x00, 0x00, 0x00, 0x00, 0x00, 0x01, 0x52, 0x22,
    0x22, 0x25, 0x10, 0x00, 0x00, 0x00, 0x00, 0x00, 0x00, 0x00, 0x00, 0x00, 0x00, 0x01, 0x11, 0x15, 0x51, 0x11, 0x10, 0x00, 0x00, 0x00, 0x00, 0x00,
    0x00, 0x00, 0x00, 0x00, 0x00, 0x00, 0x16, 0x65, 0x56, 0x61, 0x10, 0x00, 0x00, 0x00, 0x00, 0x00, 0x00, 0x00, 0x00, 0x00, 0x00, 0x00, 0x12, 0x22,
    0x22, 0x21, 0x10, 0x00, 0x00, 0x00, 0x00, 0x00, 0x00, 0x00, 0x00, 0x00, 0x00, 0x00, 0x12, 0x22, 0x22, 0x21, 0x10, 0x00, 0x00, 0x00, 0x00, 0x00,
    0x00, 0x00, 0x00, 0x00, 0x00, 0x00, 0x12, 0x22, 0x22, 0x21, 0x10, 0x00, 0x00, 0x00, 0x00, 0x00, 0x00, 0x00, 0x00, 0x00, 0x00, 0x00, 0x12, 0x22,
    0x22, 0x21, 0x10, 0x00, 0x00, 0x00, 0x00, 0x00, 0x00, 0x00, 0x00, 0x00, 0x00, 0x00, 0x12, 0x22, 0x22, 0x21, 0x10, 0x00, 0x00, 0x00, 0x00, 0x00,
    0x00, 0x00, 0x00, 0x00, 0x00, 0x00, 0x12, 0x22, 0x22, 0x21, 0x10, 0x00, 0x00, 0x00, 0x00, 0x00, 0x00, 0x00, 0x00, 0x00, 0x00, 0x00, 0x11, 0x11,
    0x11, 0x11, 0x10, 0x00, 0x00, 0x00, 0x00, 0x00, 0x00, 0x00, 0x00, 0x00, 0x00, 0x00, 0x1B, 0x47, 0x77, 0x41, 0x10, 0x00, 0x00, 0x00, 0x00, 0x00,
    0x00, 0x00, 0x00, 0x00, 0x00, 0x00, 0x13, 0x33, 0x34, 0x41, 0x10, 0x00, 0x00, 0x00, 0x00, 0x00, 0x00, 0x00, 0x00, 0x00, 0x00, 0x00, 0x13, 0x33,
    0x34, 0x41, 0x10, 0x00, 0x00, 0x00, 0x00, 0x00, 0x00, 0x00, 0x00, 0x00, 0x00, 0x00, 0x13, 0x33, 0x34, 0x41, 0x10, 0x00, 0x00, 0x00, 0x00, 0x00,
    0x00, 0x00, 0x00, 0x00, 0x00, 0x00, 0x13, 0x33, 0x34, 0x41, 0x10, 0x00, 0x00, 0x00, 0x00, 0x00, 0x00, 0x00, 0x00, 0x00, 0x00, 0x00, 0x13, 0x33,
    0x34, 0x41, 0x10, 0x00, 0x00, 0x00, 0x00, 0x00, 0x00, 0x00, 0x00, 0x00, 0x00, 0x00, 0x13, 0x33, 0x34, 0x41, 0x10, 0x00, 0x00, 0x00, 0x00, 0x00,
    0x00, 0x00, 0x00, 0x00, 0x00, 0x00, 0x13, 0x33, 0x34, 0x41, 0x10, 0x00, 0x11, 0x11, 0x00, 0x00, 0x00, 0x00, 0x00, 0x00, 0x00, 0x00, 0x13, 0x33,
    0x34, 0x41, 0x10, 0x01, 0x56, 0x68, 0x10, 0x00, 0x00, 0x00, 0x00, 0x00, 0x00, 0x00, 0x13, 0x33, 0x34, 0x41, 0x10, 0x15, 0x22, 0x22, 0x51, 0x00,
    0x00, 0x00, 0x00, 0x00, 0x00, 0x00, 0x13, 0x33, 0x34, 0x41, 0x00, 0x82, 0x29, 0xA2, 0x21, 0x00, 0x00, 0x00, 0x00, 0x00, 0x00, 0x00, 0x13, 0x33,
    0x34, 0x41, 0x01, 0x52, 0x9D, 0x9A, 0x25, 0x10, 0x00, 0x00, 0x00, 0x00, 0x00, 0x00, 0x1B, 0x33, 0x34, 0x41, 0x01, 0x52, 0x2C, 0xC2, 0x28, 0x10,
    0x00, 0x00, 0x00, 0x00, 0x00, 0x00, 0x11, 0x33, 0x34, 0x11, 0x00, 0x12, 0x2A, 0x22, 0x61, 0x00, 0x00, 0x00, 0x00, 0x00, 0x00, 0x00, 0x01, 0x17,
    0xE1, 0x10, 0x00, 0x11, 0x62, 0x26, 0x11, 0x00, 0x00, 0x00, 0x00, 0x00, 0x00, 0x00, 0x00, 0x11, 0x11, 0x00, 0x00, 0x01, 0x11, 0x11, 0x10, 0x00,
    0x00, 0x00, 0x00, 0x00, 0x00, 0x00, 0x00, 0x00, 0x00, 0x00, 0x00, 0x00, 0x00, 0x00, 0x00, 0x00, 0x00, 0x00, 0x00, 0x00, 0x00, 0x00, 0x00, 0x00,
    0x00, 0x00, 0x00, 0x00, 0x00, 0x00, 0x00, 0x00,
  },
  {
    0x00, 0x00, 0x00, 0x00, 0x00, 0x00, 0x00, 0x00, 0x00, 0x00, 0x00, 0x00, 0x00, 0x00, 0x00, 0x00, 0x00, 0x00, 0x00, 0x00, 0x00, 0x00, 0x00, 0x00,
    0x00, 0x00, 0x00, 0x00, 0x00, 0x00, 0x00, 0x00, 0x00, 0x00, 0x00, 0x00, 0x00, 0x00, 0x00, 0x00, 0x00, 0x01, 0x11, 0x11, 0x11, 0x00, 0x00, 0x00,
    0x00, 0x00, 0x00, 0x00, 0x00, 0x00, 0x00, 0x00, 0x08, 0x19, 0xA4, 0x4A, 0xC1, 0x10, 0x00, 0x00, 0x00, 0x00, 0x00, 0x00, 0x00, 0x00, 0x00, 0x00,
    0x91, 0x13, 0x33, 0x33, 0xB4, 0x81, 0x00, 0x00, 0x00, 0x00, 0x00, 0x00, 0x00, 0x00, 0x00, 0x09, 0x1A, 0x33, 0x33, 0x33, 0x44, 0xB8, 0x10, 0x00,
    0x00, 0x00, 0x00, 0x00, 0x00, 0x00, 0x00, 0x91, 0xA3, 0x33, 0x33, 0x33, 0x34, 0x44, 0x11, 0x00, 0x00, 0x00, 0x00, 0x00, 0x00, 0x00, 0x09, 0x1A,
    0x33, 0x33, 0x33, 0x33, 0x34, 0x4B, 0xC1, 0x00, 0x00, 0x00, 0x00, 0x00, 0x00, 0x00, 0x91, 0xA3, 0x33, 0x33, 0x33, 0x33, 0x34, 0x44, 0xA1, 0x00,
    0x00, 0x00, 0x00, 0x00, 0x00, 0x09, 0x1A, 0x33, 0x33, 0x33, 0x33, 0x33, 0x34, 0x44, 0xA1, 0x00, 0x00, 0x00, 0x00, 0x00, 0x00, 0x91, 0xA3, 0x33,
    0x33, 0x33, 0x33, 0x33, 0x44, 0x44, 0xA1, 0x00, 0x00, 0x00, 0x00, 0x00, 0x01, 0x1A, 0x33, 0x33, 0x33, 0x33, 0x33, 0x33, 0x44, 0x4B, 0xC1, 0x00,
    0x00, 0x00, 0x00, 0x00, 0x01, 0xDE, 0x83, 0x33, 0x33, 0x33, 0x33, 0x3B, 0x44, 0x44, 0x11, 0x00, 0x00, 0x00, 0x00, 0x00, 0x1D, 0x22, 0x19, 0x33,
    0x33, 0x33, 0x33, 0x34, 0x44, 0xB8, 0x10, 0x00, 0x00, 0x00, 0x00, 0x01, 0xD2, 0x22, 0x26, 0x13, 0x33, 0x33, 0x33, 0x44, 0x4B, 0xC1, 0x00, 0x00,
    0x00, 0x00, 0x00, 0x1D, 0x22, 0x22, 0x22, 0x61, 0x33, 0x33, 0x3B, 0x44, 0xBC, 0x18, 0x00, 0x00, 0x00, 0x00, 0x01, 0xD2, 0x22, 0x22, 0x22, 0x26,
    0x13, 0x33, 0x34, 0x4B, 0xC1, 0x80, 0x00, 0x00, 0x00, 0x00, 0x1D, 0x22, 0x22, 0x22, 0x22, 0x22, 0x61, 0x33, 0x44, 0x4C, 0x18, 0x00, 0x00, 0x00,
    0x00, 0x01, 0x62, 0x22, 0x22, 0x22, 0x22, 0x22, 0x26, 0x14, 0x44, 0xC1, 0x80, 0x00, 0x00, 0x00, 0x00, 0x01, 0x22, 0x22, 0x22, 0x22, 0x22, 0x22,
    0x22, 0x18, 0xBC, 0x18, 0x00, 0x00, 0x00, 0x00, 0x00, 0x16, 0x22, 0x22, 0x22, 0x22, 0x22, 0x22, 0x25, 0x5E, 0xC1, 0x80, 0x00, 0x00, 0x00, 0x00,
    0x00, 0x1D, 0x22, 0x22, 0x22, 0x22, 0x22, 0x22, 0x55, 0x56, 0x19, 0x00, 0x11, 0x11, 0x00, 0x00, 0x00, 0x1D, 0x22, 0x22, 0x22, 0x22, 0x22, 0x25,
    0x55, 0x61, 0x00, 0x01, 0xFE, 0xE9, 0x10, 0x00, 0x00, 0x16, 0x22, 0x22, 0x22, 0x22, 0x21, 0x55, 0x56, 0x10, 0x00, 0x11, 0x71, 0x77, 0xF1, 0x00,
    0x00, 0x11, 0x22, 0x22, 0x22, 0x22, 0x15, 0x55, 0x61, 0x00, 0x01, 0x97, 0x11, 0x77, 0x71, 0x00, 0x00, 0x01, 0xD2, 0x22, 0x22, 0x21, 0x55, 0x56,
    0x10, 0x00, 0x01, 0x11, 0x17, 0x77, 0x7F, 0x10, 0x00, 0x01, 0x11, 0x22, 0x21, 0x55, 0x55, 0x61, 0x00, 0x00, 0x01, 0xF7, 0x11, 0x71, 0x78, 0x10,
    0x00, 0x00, 0x11, 0x65, 0x55, 0x55, 0x56, 0x10, 0x00, 0x00, 0x00, 0x17, 0x11, 0x17, 0xE1, 0x00, 0x00, 0x00, 0x01, 0x11, 0x66, 0x61, 0x11, 0x00,
    0x00, 0x00, 0x00, 0x11, 0xE7, 0x7E, 0x11, 0x00, 0x00, 0x00, 0x00, 0x01, 0x11, 0x11, 0x00, 0x00, 0x00, 0x00, 0x00, 0x01, 0x11, 0x11, 0x10, 0x00,
    0x00, 0x00, 0x00, 0x00, 0x00, 0x00, 0x00, 0x00, 0x00, 0x00, 0x00, 0x00, 0x00, 0x00, 0x00, 0x00, 0x00, 0x00, 0x00, 0x00, 0x00, 0x00, 0x00, 0x00,
    0x00, 0x00, 0x00, 0x00, 0x00, 0x00, 0x00, 0x00,
  },
  {
    0x00, 0x00, 0x00, 0x00, 0x00, 0x00, 0x00, 0x00, 0x00, 0x00, 0x00, 0x00, 0x00, 0x00, 0x00, 0x00, 0x00, 0x00, 0x00, 0x00, 0x00, 0x00, 0x00, 0x00,
    0x00, 0x00, 0x00, 0x00, 0x00, 0x00, 0x00, 0x00, 0x00, 0x00, 0x00, 0x00, 0x00, 0x00, 0x00, 0x11, 0x11, 0x00, 0x00, 0x00, 0x00, 0x00, 0x00, 0x00,
    0x00, 0x00, 0x00, 0x00, 0x00, 0x00, 0x01, 0x52, 0x21, 0x00, 0x00, 0x00, 0x00, 0x00, 0x00, 0x00, 0x00, 0x00, 0x00, 0x00, 0x00, 0x00, 0x01, 0x22,
    0x24, 0x10, 0x00, 0x00, 0x00, 0x00, 0x00, 0x00, 0x00, 0x00, 0x00, 0x00, 0x00, 0x00, 0x01, 0x42, 0x24, 0x10, 0x00, 0x00, 0x00, 0x00, 0x00, 0x00,
    0x00, 0x00, 0x00, 0x00, 0x00, 0x00, 0x01, 0x15, 0x55, 0x10, 0x00, 0x00, 0x00, 0x00, 0x00, 0x00, 0x00, 0x00, 0x00, 0x00, 0x00, 0x00, 0x01, 0x42,
    0x24, 0x10, 0x00, 0x00, 0x00, 0x00, 0x00, 0x00, 0x00, 0x00, 0x00, 0x00, 0x00, 0x00, 0x01, 0x22, 0x24, 0x10, 0x00, 0x00, 0x00, 0x00, 0x00, 0x00,
    0x00, 0x00, 0x00, 0x00, 0x00, 0x00, 0x01, 0x55, 0x55, 0x10, 0x00, 0x00, 0x00, 0x00, 0x00, 0x00, 0x00, 0x00, 0x00, 0x00, 0x00, 0x00, 0x01, 0x44,
    0x24, 0x10, 0x00, 0x00, 0x00, 0x00, 0x00, 0x00, 0x00, 0x00, 0x00, 0x00, 0x00, 0x00, 0x01, 0x22, 0x24, 0x10, 0x00, 0x00, 0x00, 0x00, 0x00, 0x00,
    0x00, 0x00, 0x00, 0x00, 0x00, 0x00, 0x01, 0x54, 0x45, 0x10, 0x00, 0x00, 0x00, 0x00, 0x00, 0x00, 0x00, 0x00, 0x00, 0x00, 0x00, 0x00, 0x01, 0x66,
    0x76, 0x10, 0x00, 0x00, 0x00, 0x00, 0x00, 0x00, 0x00, 0x00, 0x00, 0x00, 0x00, 0x00, 0x01, 0x33, 0x87, 0x10, 0x00, 0x00, 0x00, 0x00, 0x00, 0x00,
    0x00, 0x00, 0x00, 0x00, 0x00, 0x00, 0x01, 0x7A, 0x76, 0x10, 0x00, 0x00, 0x00, 0x00, 0x00, 0x00, 0x00, 0x00, 0x00, 0x00, 0x00, 0x00, 0x01, 0x66,
    0x66, 0x10, 0x00, 0x00, 0x00, 0x00, 0x00, 0x00, 0x00, 0x00, 0x00, 0x00, 0x00, 0x00, 0x01, 0x83, 0x87, 0x10, 0x00, 0x00, 0x00, 0x00, 0x00, 0x00,
    0x00, 0x00, 0x00, 0x00, 0x00, 0x00, 0x01, 0xA3, 0x97, 0x10, 0x00, 0x00, 0x00, 0x00, 0x00, 0x00, 0x00, 0x00, 0x00, 0x00, 0x00, 0x00, 0x01, 0x16,
    0x66, 0x10, 0x00, 0x00, 0x00, 0x00, 0x00, 0x00, 0x00, 0x00, 0x00, 0x00, 0x00, 0x00, 0x01, 0xA3, 0x97, 0x10, 0x00, 0x00, 0x00, 0x00, 0x00, 0x00,
    0x00, 0x00, 0x00, 0x00, 0x00, 0x00, 0x01, 0x83, 0x87, 0x10, 0x00, 0x00, 0x11, 0x11, 0x00, 0x00, 0x00, 0x00, 0x00, 0x00, 0x00, 0x00, 0x88, 0x33,
    0x89, 0x61, 0x00, 0x01, 0x54, 0x4C, 0x10, 0x00, 0x00, 0x00, 0x00, 0x00, 0x00, 0x01, 0x73, 0x33, 0x39, 0x96, 0x10, 0x1E, 0x22, 0x22, 0x51, 0x00,
    0x00, 0x00, 0x00, 0x00, 0x00, 0x01, 0xA3, 0x33, 0x38, 0x97, 0x10, 0xC2, 0x2B, 0xD2, 0x21, 0x00, 0x00, 0x00, 0x00, 0x00, 0x00, 0x01, 0x33, 0x33,
    0x33, 0x97, 0x11, 0x52, 0xDB, 0xBD, 0x25, 0x10, 0x00, 0x00, 0x00, 0x00, 0x00, 0x01, 0xA3, 0x33, 0x33, 0x96, 0x11, 0x52, 0x2B, 0xB2, 0x2C, 0x10,
    0x00, 0x00, 0x00, 0x00, 0x00, 0x00, 0x13, 0x33, 0x38, 0x91, 0x00, 0x12, 0x22, 0x22, 0x41, 0x00, 0x00, 0x00, 0x00, 0x00, 0x00, 0x00, 0x16, 0x83,
    0x87, 0x11, 0x00, 0x11, 0x42, 0x24, 0x11, 0x00, 0x00, 0x00, 0x00, 0x00, 0x00, 0x00, 0x01, 0x11, 0x11, 0x00, 0x00, 0x01, 0x11, 0x11, 0x10, 0x00,
    0x00, 0x00, 0x00, 0x00, 0x00, 0x00, 0x00, 0x00, 0x00, 0x00, 0x00, 0x00, 0x00, 0x00, 0x00, 0x00, 0x00, 0x00, 0x00, 0x00, 0x00, 0x00, 0x00, 0x00,
    0x00, 0x00, 0x00, 0x00, 0x00, 0x00, 0x00, 0x00,
  },
  {
    0x00, 0x00, 0x00, 0x00, 0x00, 0x00, 0x00, 0x00, 0x00, 0x00, 0x00, 0x00, 0x00, 0x00, 0x00, 0x00, 0x00, 0x00, 0x00, 0x00, 0x00, 0x00, 0x00, 0x00,
    0x00, 0x00, 0x00, 0x00, 0x00, 0x00, 0x00, 0x00, 0x00, 0x00, 0x00, 0x00, 0x00, 0x00, 0x00, 0x00, 0x00, 0x01, 0x11, 0x11, 0x11, 0x00, 0x00, 0x00,
    0x00, 0x00, 0x00, 0x00, 0x00, 0x00, 0x00, 0x00, 0x09, 0x18, 0xA4, 0x4A, 0xC1, 0x10, 0x00, 0x00, 0x00, 0x00, 0x00, 0x00, 0x00, 0x00, 0x00, 0x00,
    0x81, 0x13, 0x33, 0x33, 0xB4, 0x91, 0x00, 0x00, 0x00, 0x00, 0x00, 0x00, 0x00, 0x00, 0x00, 0x08, 0x1A, 0x33, 0x33, 0x33, 0x44, 0xB9, 0x10, 0x00,
    0x00, 0x00, 0x00, 0x00, 0x00, 0x00, 0x00, 0x81, 0xA3, 0x33, 0x33, 0x33, 0x34, 0x44, 0x11, 0x00, 0x00, 0x00, 0x00, 0x00, 0x00, 0x00, 0x08, 0x1A,
    0x33, 0x33, 0x33, 0x33, 0x34, 0x4B, 0xC1, 0x00, 0x00, 0x00, 0x00, 0x00, 0x00, 0x00, 0x81, 0xA3, 0x33, 0x33, 0x33, 0x33, 0x34, 0x44, 0xA1, 0x00,
    0x00, 0x00, 0x00, 0x00, 0x00, 0x08, 0x1A, 0x33, 0x33, 0x33, 0x33, 0x33, 0x34, 0x44, 0xA1, 0x00, 0x00, 0x00, 0x00, 0x00, 0x00, 0x81, 0xA3, 0x33,
    0x33, 0x33, 0x33, 0x33, 0x44, 0x44, 0xA1, 0x00, 0x00, 0x00, 0x00, 0x00, 0x01, 0x1A, 0x33, 0x33, 0x33, 0x33, 0x33, 0x33, 0x44, 0x4B, 0xC1, 0x00,
    0x00, 0x00, 0x00, 0x00, 0x01, 0xDE, 0x93, 0x33, 0x33, 0x33, 0x33, 0x3B, 0x44, 0x44, 0x11, 0x00, 0x00, 0x00, 0x00, 0x00, 0x1D, 0x22, 0x18, 0x33,
    0x33, 0x33, 0x33, 0x34, 0x44, 0xB9, 0x10, 0x00, 0x00, 0x00, 0x00, 0x01, 0xD2, 0x22, 0x26, 0x13, 0x33, 0x33, 0x33, 0x44, 0x4B, 0xC1, 0x00, 0x00,
    0x00, 0x00, 0x00, 0x1D, 0x22, 0x22, 0x22, 0x61, 0x33, 0x33, 0x3B, 0x44, 0xBC, 0x19, 0x00, 0x00, 0x00, 0x00, 0x01, 0xD2, 0x22, 0x22, 0x22, 0x26,
    0x13, 0x33, 0x34, 0x4B, 0xC1, 0x90, 0x00, 0x00, 0x00, 0x00, 0x1D, 0x22, 0x22, 0x22, 0x22, 0x22, 0x61, 0x33, 0x44, 0x4C, 0x19, 0x00, 0x00, 0x00,
    0x00, 0x01, 0x62, 0x22, 0x22, 0x22, 0x22, 0x22, 0x26, 0x14, 0x44, 0xC1, 0x90, 0x00, 0x00, 0x00, 0x00, 0x01, 0x22, 0x22, 0x22, 0x22, 0x22, 0x22,
    0x22, 0x19, 0xBC, 0x19, 0x00, 0x00, 0x00, 0x00, 0x00, 0x16, 0x22, 0x22, 0x22, 0x22, 0x22, 0x22, 0x25, 0x5E, 0xC1, 0x90, 0x00, 0x00, 0x00, 0x00,
    0x00, 0x1D, 0x22, 0x22, 0x22, 0x22, 0x22, 0x22, 0x55, 0x56, 0x18, 0x00, 0x11, 0x11, 0x00, 0x00, 0x00, 0x1D, 0x22, 0x22, 0x22, 0x22, 0x22, 0x25,
    0x55, 0x61, 0x00, 0x01, 0xFE, 0xE8, 0x10, 0x00, 0x00, 0x16, 0x22, 0x22, 0x22, 0x22, 0x21, 0x55, 0x56, 0x10, 0x00, 0x1F, 0x77, 0x77, 0xF1, 0x00,
    0x00, 0x11, 0x22, 0x22, 0x22, 0x22, 0x15, 0x55, 0x61, 0x00, 0x01, 0x87, 0x71, 0x77, 0x71, 0x00, 0x00, 0x01, 0xD2, 0x22, 0x22, 0x21, 0x55, 0x56,
    0x10, 0x00, 0x01, 0xF7, 0x11, 0x11, 0x7F, 0x10, 0x00, 0x01, 0x11, 0x22, 0x21, 0x55, 0x55, 0x61, 0x00, 0x00, 0x01, 0xF1, 0x11, 0x11, 0x7F, 0x10,
    0x00, 0x00, 0x11, 0x65, 0x55, 0x55, 0x56, 0x10, 0x00, 0x00, 0x00, 0x11, 0x11, 0x11, 0xE1, 0x00, 0x00, 0x00, 0x01, 0x11, 0x66, 0x61, 0x11, 0x00,
    0x00, 0x00, 0x00, 0x18, 0xE7, 0x7E, 0x11, 0x00, 0x00, 0x00, 0x00, 0x01, 0x11, 0x11, 0x00, 0x00, 0x00, 0x00, 0x00, 0x01, 0x11, 0x11, 0x10, 0x00,
    0x00, 0x00, 0x00, 0x00, 0x00, 0x00, 0x00, 0x00, 0x00, 0x00, 0x00, 0x00, 0x00, 0x00, 0x00, 0x00, 0x00, 0x00, 0x00, 0x00, 0x00, 0x00, 0x00, 0x00,
    0x00, 0x00, 0x00, 0x00, 0x00, 0x00, 0x00, 0x00,
  },
  {
    0x00, 0x00, 0x00, 0x00, 0x00, 0x00, 0x00, 0x00, 0x00, 0x00, 0x00, 0x00, 0x00, 0x00, 0x00, 0x00, 0x00, 0x00, 0x00, 0x00, 0x00, 0x00, 0x00, 0x00,
    0x00, 0x00, 0x00, 0x00, 0x00, 0x00, 0x00, 0x00, 0x00, 0x00, 0x00, 0x00, 0x00, 0x00, 0x44, 0x41, 0x14, 0x44, 0x00, 0x00, 0x00, 0x00, 0x00, 0x00,
    0x00, 0x00, 0x00, 0x00, 0x00, 0x04, 0x17, 0x66, 0x66, 0x71, 0x40, 0x00, 0x00, 0x00, 0x00, 0x00, 0x00, 0x00, 0x00, 0x00, 0x00, 0x04, 0x83, 0x33,
    0x33, 0x38, 0x40, 0x00, 0x00, 0x00, 0x00, 0x00, 0x00, 0x00, 0x00, 0x00, 0x00, 0x04, 0x41, 0x18, 0x81, 0x14, 0x40, 0x00, 0x00, 0x00, 0x00, 0x00,
    0x00, 0x00, 0x00, 0x00, 0x00, 0x00, 0x17, 0x78, 0x87, 0x71, 0x40, 0x00, 0x00, 0x00, 0x00, 0x00, 0x00, 0x00, 0x00, 0x00, 0x00, 0x00, 0x13, 0x33,
    0x33, 0x31, 0x40, 0x00, 0x00, 0x00, 0x00, 0x00, 0x00, 0x00, 0x00, 0x00, 0x00, 0x00, 0x13, 0x33, 0x33, 0x31, 0x40, 0x00, 0x00, 0x00, 0x00, 0x00,
    0x00, 0x00, 0x00, 0x00, 0x00, 0x00, 0x13, 0x33, 0x33, 0x31, 0x40, 0x00, 0x00, 0x00, 0x00, 0x00, 0x00, 0x00, 0x00, 0x00, 0x00, 0x00, 0x13, 0x33,
    0x33, 0x31, 0x40, 0x00, 0x00, 0x00, 0x00, 0x00, 0x00, 0x00, 0x00, 0x00, 0x00, 0x00, 0x13, 0x33, 0x33, 0x31, 0x40, 0x00, 0x00, 0x00, 0x00, 0x00,
    0x00, 0x00, 0x00, 0x00, 0x00, 0x00, 0x16, 0x33, 0x33, 0x61, 0x40, 0x00, 0x00, 0x00, 0x00, 0x00, 0x00, 0x00, 0x00, 0x00, 0x00, 0x00, 0x41, 0x11,
    0x11, 0x44, 0x40, 0x00, 0x00, 0x00, 0x00, 0x00, 0x00, 0x00, 0x00, 0x00, 0x00, 0x00, 0x1B, 0x59, 0x99, 0x51, 0x40, 0x00, 0x00, 0x00, 0x00, 0x00,
    0x00, 0x00, 0x00, 0x00, 0x00, 0x00, 0x12, 0x22, 0x25, 0x51, 0x40, 0x00, 0x00, 0x00, 0x00, 0x00, 0x00, 0x00, 0x00, 0x00, 0x00, 0x00, 0x12, 0x22,
    0x25, 0x51, 0x40, 0x00, 0x00, 0x00, 0x00, 0x00, 0x00, 0x00, 0x00, 0x00, 0x00, 0x00, 0x12, 0x22, 0x25, 0x51, 0x40, 0x00, 0x00, 0x00, 0x00, 0x00,
    0x00, 0x00, 0x00, 0x00, 0x00, 0x00, 0x12, 0x22, 0x25, 0x51, 0x40, 0x00, 0x00, 0x00, 0x00, 0x00, 0x00, 0x00, 0x00, 0x00, 0x00, 0x00, 0x12, 0x22,
    0x25, 0x51, 0x40, 0x00, 0x00, 0x00, 0x00, 0x00, 0x00, 0x00, 0x00, 0x00, 0x00, 0x00, 0x12, 0x22, 0x25, 0x51, 0x40, 0x00, 0x00, 0x00, 0x00, 0x00,
    0x00, 0x00, 0x00, 0x00, 0x00, 0x00, 0x12, 0x22, 0x25, 0x51, 0x40, 0x00, 0x11, 0x11, 0x00, 0x00, 0x00, 0x00, 0x00, 0x00, 0x00, 0x00, 0x12, 0x22,
    0x25, 0x51, 0x40, 0x01, 0x87, 0x7C, 0x10, 0x00, 0x00, 0x00, 0x00, 0x00, 0x00, 0x00, 0x12, 0x22, 0x25, 0x51, 0x40, 0x1D, 0x63, 0x36, 0x81, 0x00,
    0x00, 0x00, 0x00, 0x00, 0x00, 0x00, 0x12, 0x22, 0x25, 0x51, 0x00, 0xE3, 0x66, 0x63, 0x61, 0x00, 0x00, 0x00, 0x00, 0x00, 0x00, 0x00, 0x12, 0x22,
    0x25, 0x51, 0x01, 0x86, 0x6A, 0xA6, 0x68, 0x10, 0x00, 0x00, 0x00, 0x00, 0x00, 0x00, 0x4B, 0x22, 0x25, 0x54, 0x01, 0x83, 0x6A, 0xA6, 0x3C, 0x10,
    0x00, 0x00, 0x00, 0x00, 0x00, 0x00, 0x41, 0x22, 0x25, 0x14, 0x00, 0x16, 0x36, 0x63, 0x71, 0x00, 0x00, 0x00, 0x00, 0x00, 0x00, 0x00, 0x04, 0x19,
    0xF1, 0x40, 0x00, 0x11, 0x76, 0x67, 0x11, 0x00, 0x00, 0x00, 0x00, 0x00, 0x00, 0x00, 0x00, 0x44, 0x44, 0x00, 0x00, 0x01, 0x11, 0x11, 0x10, 0x00,
    0x00, 0x00, 0x00, 0x00, 0x00, 0x00, 0x00, 0x00, 0x00, 0x00, 0x00, 0x00, 0x00, 0x00, 0x00, 0x00, 0x00, 0x00, 0x00, 0x00, 0x00, 0x00, 0x00, 0x00,
    0x00, 0x00, 0x00, 0x00, 0x00, 0x00, 0x00, 0x00,
  },
  {
    0x00, 0x00, 0x00, 0x00, 0x00, 0x00, 0x00, 0x00, 0x00, 0x00, 0x00, 0x00, 0x00, 0x00, 0x00, 0x00, 0x00, 0x00, 0x00, 0x00, 0x00, 0x00, 0x00, 0x00,
    0x00, 0x00, 0x00, 0x00, 0x00, 0x00, 0x00, 0x00, 0x00, 0x00, 0x00, 0x00, 0x00, 0x11, 0x11, 0x11, 0x11, 0x11, 0x00, 0x00, 0x00, 0x00, 0x00, 0x00,
    0x00, 0x00, 0x00, 0x00, 0x11, 0x11, 0x00, 0x01, 0x11, 0x00, 0x00, 0x00, 0x00, 0x00, 0x00, 0x00, 0x00, 0x00, 0x00, 0x00, 0x11, 0x00, 0x00, 0x11,
    0x11, 0x00, 0x00, 0x00, 0x00, 0x00, 0x00, 0x00, 0x00, 0x00, 0x00, 0x00, 0x00, 0x00, 0x01, 0x1B, 0x91, 0x10, 0x00, 0x00, 0x00, 0x00, 0x00, 0x00,
    0x00, 0x00, 0x00, 0x00, 0x00, 0x00, 0x01, 0xB2, 0x29, 0x10, 0x00, 0x00, 0x00, 0x00, 0x00, 0x00, 0x00, 0x00, 0x00, 0x00, 0x00, 0x00, 0x01, 0xB2,
    0x2B, 0x10, 0x00, 0x00, 0x00, 0x00, 0x00, 0x00, 0x00, 0x00, 0x00, 0x00, 0x00, 0x00, 0x01, 0x11, 0x11, 0x10, 0x00, 0x00, 0x00, 0x00, 0x00, 0x00,
    0x00, 0x00, 0x00, 0x00, 0x00, 0x01, 0x11, 0x44, 0x4A, 0x11, 0x10, 0x00, 0x00, 0x00, 0x00, 0x00, 0x00, 0x00, 0x00, 0x00, 0x00, 0x11, 0xC3, 0x33,
    0x33, 0x5C, 0x11, 0x00, 0x00, 0x00, 0x00, 0x00, 0x00, 0x00, 0x00, 0x00, 0x01, 0x15, 0x33, 0x33, 0x33, 0x35, 0x51, 0x10, 0x00, 0x00, 0x00, 0x00,
    0x00, 0x00, 0x00, 0x00, 0x01, 0x73, 0x33, 0x71, 0x14, 0x35, 0x5C, 0x10, 0x00, 0x00, 0x00, 0x00, 0x00, 0x00, 0x00, 0x00, 0x11, 0x33, 0x34, 0x19,
    0xB1, 0x15, 0x55, 0xA1, 0x00, 0x00, 0x00, 0x00, 0x00, 0x00, 0x00, 0x00, 0x11, 0x33, 0x71, 0x12, 0x22, 0x14, 0x55, 0x41, 0x00, 0x00, 0x00, 0x00,
    0x00, 0x00, 0x00, 0x00, 0x14, 0x33, 0x1B, 0x22, 0x22, 0x11, 0xC8, 0x41, 0x00, 0x00, 0x00, 0x00, 0x00, 0x00, 0x00, 0x00, 0x1A, 0x3C, 0x12, 0x22,
    0x22, 0x21, 0x48, 0x41, 0x00, 0x00, 0x00, 0x00, 0x00, 0x00, 0x00, 0x00, 0x1A, 0x37, 0x12, 0x22, 0x22, 0x29, 0xA8, 0x41, 0x00, 0x00, 0x00, 0x00,
    0x00, 0x00, 0x00, 0x00, 0x14, 0x34, 0x92, 0x22, 0x22, 0x2B, 0x18, 0x41, 0x00, 0x00, 0x00, 0x00, 0x00, 0x00, 0x00, 0x00, 0x14, 0x34, 0x92, 0x22,
    0x22, 0x2B, 0x18, 0x41, 0x00, 0x00, 0x00, 0x00, 0x00, 0x00, 0x00, 0x00, 0x1A, 0x37, 0x12, 0x22, 0x22, 0x29, 0x18, 0x41, 0x00, 0x00, 0x00, 0x00,
    0x00, 0x00, 0x00, 0x00, 0x1A, 0x3C, 0x12, 0x22, 0x22, 0x29, 0x48, 0x41, 0x11, 0x11, 0x00, 0x00, 0x00, 0x00, 0x00, 0x00, 0x14, 0x33, 0x1B, 0x22,
    0x22, 0x21, 0xC8, 0x11, 0xDE, 0xEA, 0x10, 0x00, 0x00, 0x00, 0x00, 0x00, 0x14, 0x33, 0xD1, 0x22, 0x22, 0x91, 0x55, 0xAD, 0x61, 0x66, 0xD1, 0x00,
    0x00, 0x00, 0x00, 0x00, 0x14, 0x33, 0x31, 0x11, 0x19, 0x15, 0x87, 0x16, 0x62, 0x16, 0x61, 0x00, 0x00, 0x00, 0x00, 0x00, 0x14, 0x33, 0x33, 0x41,
    0x1A, 0x53, 0x54, 0xD6, 0x12, 0x22, 0x6D, 0x10, 0x00, 0x00, 0x00, 0x00, 0x11, 0x33, 0x33, 0x33, 0x33, 0x35, 0x51, 0xD6, 0xF2, 0x2F, 0x64, 0x10,
    0x00, 0x00, 0x00, 0x00, 0x01, 0xC3, 0x33, 0x33, 0x33, 0x38, 0x8C, 0x16, 0x61, 0xF6, 0xE1, 0x00, 0x00, 0x00, 0x00, 0x00, 0x01, 0x14, 0x77, 0x77,
    0x77, 0x71, 0x41, 0x11, 0xE6, 0x6E, 0x11, 0x00, 0x00, 0x00, 0x00, 0x00, 0x00, 0x01, 0x11, 0x11, 0x11, 0x11, 0x11, 0x01, 0x11, 0x11, 0x10, 0x00,
    0x00, 0x00, 0x00, 0x00, 0x00, 0x00, 0x00, 0x00, 0x00, 0x00, 0x00, 0x00, 0x00, 0x00, 0x00, 0x00, 0x00, 0x00, 0x00, 0x00, 0x00, 0x00, 0x00, 0x00,
    0x00, 0x00, 0x00, 0x00, 0x00, 0x00, 0x00, 0x00,
  },
  {
    0x00, 0x00, 0x00, 0x00, 0x00, 0x00, 0x00, 0x00, 0x00, 0x00, 0x00, 0x00, 0x00, 0x00, 0x00, 0x00, 0x00, 0x00, 0x00, 0x00, 0x00, 0x00, 0x00, 0x00,
    0x00, 0x00, 0x00, 0x00, 0x00, 0x00, 0x00, 0x00, 0x00, 0x00, 0x00, 0x00, 0x00, 0x00, 0x00, 0x00, 0x00, 0x00, 0x00, 0x00, 0x01, 0x00, 0x00, 0x00,
    0x00, 0x00, 0x00, 0x00, 0x00, 0x00, 0x00, 0x00, 0x00, 0x00, 0x00, 0x00, 0x01, 0x10, 0x00, 0x00, 0x00, 0x00, 0x00, 0x00, 0x00, 0x00, 0x00, 0x00,
    0x00, 0x00, 0x00, 0x00, 0x11, 0x61, 0x00, 0x00, 0x00, 0x00, 0x00, 0x00, 0x00, 0x00, 0x00, 0x00, 0x00, 0x00, 0x00, 0x01, 0x15, 0x42, 0x10, 0x00,
    0x00, 0x00, 0x00, 0x00, 0x00, 0x00, 0x00, 0x00, 0x00, 0x00, 0x01, 0x11, 0x54, 0x61, 0x11, 0x00, 0x00, 0x00, 0x00, 0x00, 0x00, 0x00, 0x00, 0x00,
    0x00, 0x00, 0x16, 0x16, 0x46, 0x10, 0x00, 0x00, 0x00, 0x00, 0x00, 0x00, 0x00, 0x00, 0x00, 0x00, 0x00, 0x01, 0x53, 0x51, 0x21, 0x00, 0x00, 0x00,
    0x00, 0x00, 0x00, 0x00, 0x00, 0x00, 0x00, 0x00, 0x00, 0x15, 0x33, 0x35, 0x11, 0x00, 0x00, 0x00, 0x00, 0x00, 0x00, 0x00, 0x00, 0x00, 0x00, 0x00,
    0x01, 0x53, 0x33, 0x33, 0x21, 0x00, 0x00, 0x00, 0x00, 0x00, 0x00, 0x00, 0x00, 0x00, 0x00, 0x00, 0x15, 0x35, 0x53, 0x36, 0x10, 0x00, 0x00, 0x00,
    0x00, 0x00, 0x00, 0x00, 0x00, 0x00, 0x00, 0x01, 0x53, 0x34, 0x26, 0x61, 0x00, 0x00, 0x00, 0x00, 0x00, 0x00, 0x00, 0x00, 0x00, 0x00, 0x01, 0x15,
    0x33, 0x33, 0x41, 0x10, 0x00, 0x00, 0x00, 0x00, 0x00, 0x00, 0x00, 0x00, 0x00, 0x00, 0x11, 0x24, 0x34, 0x64, 0x61, 0x00, 0x00, 0x00, 0x00, 0x00,
    0x00, 0x00, 0x00, 0x00, 0x00, 0x01, 0x19, 0x92, 0x43, 0x61, 0x10, 0x00, 0x00, 0x00, 0x00, 0x00, 0x00, 0x00, 0x00, 0x00, 0x00, 0x11, 0x97, 0x79,
    0x24, 0x61, 0x00, 0x00, 0x00, 0x00, 0x00, 0x00, 0x00, 0x00, 0x00, 0x00, 0x01, 0x19, 0x77, 0x77, 0x91, 0x10, 0x00, 0x00, 0x00, 0x00, 0x00, 0x00,
    0x00, 0x00, 0x00, 0x00, 0x01, 0x97, 0x77, 0x77, 0x91, 0x00, 0x00, 0x00, 0x00, 0x00, 0x00, 0x00, 0x00, 0x00, 0x00, 0x00, 0x01, 0x2C, 0x77, 0x72,
    0x10, 0x00, 0x00, 0x00, 0x00, 0x00, 0x00, 0x00, 0x00, 0x00, 0x00, 0x00, 0x01, 0x12, 0xC7, 0x21, 0x00, 0x00, 0x00, 0x00, 0x00, 0x00, 0x00, 0x00,
    0x00, 0x00, 0x00, 0x00, 0x01, 0x91, 0x22, 0x10, 0x00, 0x00, 0x00, 0x00, 0x22, 0x22, 0x00, 0x00, 0x00, 0x00, 0x00, 0x00, 0x11, 0x21, 0x11, 0x00,
    0x00, 0x00, 0x00, 0x0A, 0x65, 0x5D, 0xA0, 0x00, 0x00, 0x00, 0x00, 0x00, 0x11, 0x10, 0x00, 0x00, 0x00, 0x00, 0x00, 0x2E, 0x43, 0x44, 0x62, 0x00,
    0x00, 0x00, 0x00, 0x01, 0x10, 0x00, 0x00, 0x00, 0x00, 0x00, 0x02, 0xD4, 0x88, 0x88, 0x42, 0x00, 0x00, 0x00, 0x00, 0x11, 0x00, 0x00, 0x00, 0x00,
    0x00, 0x00, 0x01, 0xEB, 0x88, 0x88, 0x46, 0x10, 0x00, 0x00, 0x01, 0x10, 0x00, 0x00, 0x00, 0x00, 0x00, 0x00, 0x02, 0x63, 0xB8, 0x8B, 0x3F, 0x20,
    0x00, 0x00, 0x11, 0x00, 0x00, 0x00, 0x00, 0x00, 0x00, 0x00, 0x00, 0x24, 0x3B, 0xB3, 0x5A, 0x00, 0x00, 0x11, 0x10, 0x00, 0x00, 0x00, 0x00, 0x00,
    0x00, 0x00, 0x00, 0xA2, 0x54, 0x45, 0x2A, 0x00, 0x00, 0x11, 0x00, 0x00, 0x00, 0x00, 0x00, 0x00, 0x00, 0x00, 0x00, 0x0A, 0xA2, 0x22, 0xA0, 0x00,
    0x00, 0x00, 0x00, 0x00, 0x00, 0x00, 0x00, 0x00, 0x00, 0x00, 0x00, 0x00, 0x00, 0x00, 0x00, 0x00, 0x00, 0x00, 0x00, 0x00, 0x00, 0x00, 0x00, 0x00,
    0x00, 0x00, 0x00, 0x00, 0x00, 0x00, 0x00, 0x00,
  },
  {
    0x00, 0x00, 0x00, 0x00, 0x00, 0x00, 0x00, 0x00, 0x00, 0x00, 0x00, 0x00, 0x00, 0x00, 0x00, 0x00, 0x00, 0x00, 0x00, 0x00, 0x00, 0x00, 0x00, 0x00,
    0x00, 0x00, 0x00, 0x00, 0x00, 0x00, 0x00, 0x00, 0x00, 0x00, 0x00, 0x00, 0x00, 0x00, 0x00, 0x00, 0x00, 0x02, 0x22, 0x22, 0x22, 0x00, 0x00, 0x00,
    0x00, 0x00, 0x00, 0x00, 0x00, 0x00, 0x00, 0x00, 0x09, 0x2A, 0xB4, 0x4B, 0xC2, 0x20, 0x00, 0x00, 0x00, 0x00, 0x00, 0x00, 0x00, 0x00, 0x00, 0x00,
    0xA2, 0x23, 0x33, 0x33, 0x64, 0x92, 0x00, 0x00, 0x00, 0x00, 0x00, 0x00, 0x00, 0x00, 0x00, 0x0A, 0x2B, 0x33, 0x33, 0x33, 0x44, 0x69, 0x20, 0x00,
    0x00, 0x00, 0x00, 0x00, 0x00, 0x00, 0x00, 0xA2, 0xB3, 0x33, 0x33, 0x33, 0x34, 0x44, 0x22, 0x00, 0x00, 0x00, 0x00, 0x00, 0x00, 0x00, 0x0A, 0x2B,
    0x33, 0x33, 0x33, 0x33, 0x34, 0x46, 0xC2, 0x00, 0x00, 0x00, 0x00, 0x00, 0x00, 0x00, 0xA2, 0xB3, 0x33, 0x33, 0x33, 0x33, 0x34, 0x44, 0xB2, 0x00,
    0x00, 0x00, 0x00, 0x00, 0x00, 0x0A, 0x2B, 0x33, 0x33, 0x33, 0x33, 0x33, 0x34, 0x44, 0xB2, 0x00, 0x00, 0x00, 0x00, 0x00, 0x00, 0xA2, 0xB3, 0x33,
    0x33, 0x33, 0x33, 0x33, 0x44, 0x44, 0xB2, 0x00, 0x00, 0x00, 0x00, 0x00, 0x02, 0x2B, 0x33, 0x33, 0x33, 0x33, 0x33, 0x33, 0x44, 0x46, 0xC2, 0x00,
    0x00, 0x00, 0x00, 0x00, 0x02, 0xDE, 0x93, 0x33, 0x33, 0x33, 0x33, 0x36, 0x44, 0x44, 0x22, 0x00, 0x00, 0x00, 0x00, 0x00, 0x2D, 0x11, 0x2A, 0x33,
    0x33, 0x33, 0x33, 0x34, 0x44, 0x69, 0x20, 0x00, 0x00, 0x00, 0x00, 0x02, 0xD1, 0x11, 0x17, 0x23, 0x33, 0x33, 0x33, 0x44, 0x46, 0xC2, 0x00, 0x00,
    0x00, 0x00, 0x00, 0x2D, 0x11, 0x11, 0x11, 0x72, 0x33, 0x33, 0x36, 0x44, 0x6C, 0x29, 0x00, 0x00, 0x00, 0x00, 0x02, 0xD1, 0x11, 0x11, 0x11, 0x17,
    0x23, 0x33, 0x34, 0x46, 0xC2, 0x90, 0x00, 0x00, 0x00, 0x00, 0x2D, 0x11, 0x11, 0x11, 0x11, 0x11, 0x72, 0x33, 0x44, 0x4C, 0x29, 0x00, 0x00, 0x00,
    0x00, 0x02, 0x71, 0x11, 0x11, 0x11, 0x11, 0x11, 0x17, 0x24, 0x44, 0xC2, 0x90, 0x00, 0x00, 0x00, 0x00, 0x02, 0x11, 0x11, 0x11, 0x11, 0x11, 0x11,
    0x11, 0x29, 0x6C, 0x29, 0x00, 0x00, 0x00, 0x00, 0x00, 0x27, 0x11, 0x11, 0x11, 0x11, 0x11, 0x11, 0x15, 0x5E, 0xC2, 0x90, 0x00, 0x00, 0x00, 0x00,
    0x00, 0x2D, 0x11, 0x11, 0x11, 0x11, 0x11, 0x11, 0x55, 0x57, 0x2A, 0x00, 0x22, 0x22, 0x00, 0x00, 0x00, 0x2D, 0x11, 0x11, 0x11, 0x11, 0x11, 0x15,
    0x55, 0x72, 0x00, 0x02, 0xFE, 0xEA, 0x20, 0x00, 0x00, 0x27, 0x11, 0x11, 0x11, 0x11, 0x12, 0x55, 0x57, 0x20, 0x00, 0x22, 0x88, 0x88, 0xF2, 0x00,
    0x00, 0x22, 0x11, 0x11, 0x11, 0x11, 0x25, 0x55, 0x72, 0x00, 0x02, 0xA8, 0x86, 0x68, 0x82, 0x00, 0x00, 0x02, 0xD1, 0x11, 0x11, 0x12, 0x55, 0x57,
    0x20, 0x00, 0x02, 0xF8, 0x36, 0x63, 0x8F, 0x20, 0x00, 0x02, 0x22, 0x11, 0x12, 0x55, 0x55, 0x72, 0x00, 0x00, 0x02, 0xF8, 0x66, 0x66, 0x8F, 0x20,
    0x00, 0x00, 0x22, 0x75, 0x55, 0x55, 0x57, 0x20, 0x00, 0x00, 0x00, 0x28, 0x86, 0x68, 0xE2, 0x00, 0x00, 0x00, 0x02, 0x22, 0x77, 0x72, 0x22, 0x00,
    0x00, 0x00, 0x00, 0x22, 0xE8, 0x8E, 0x22, 0x00, 0x00, 0x00, 0x00, 0x02, 0x22, 0x22, 0x00, 0x00, 0x00, 0x00, 0x00, 0x02, 0x22, 0x22, 0x20, 0x00,
    0x00, 0x00, 0x00, 0x00, 0x00, 0x00, 0x00, 0x00, 0x00, 0x00, 0x00, 0x00, 0x00, 0x00, 0x00, 0x00, 0x00, 0x00, 0x00, 0x00, 0x00, 0x00, 0x00, 0x00,
    0x00, 0x00, 0x00, 0x00, 0x00, 0x00, 0x00, 0x00,
  },
  {
    0x00, 0x00, 0x00, 0x00, 0x00, 0x00, 0x00, 0x00, 0x00, 0x00, 0x00, 0x00, 0x00, 0x00, 0x00, 0x00, 0x00, 0x00, 0x00, 0x00, 0x00, 0x00, 0x00, 0x00,
    0x00, 0x00, 0x00, 0x00, 0x00, 0x00, 0x00, 0x00, 0x00, 0x00, 0x00, 0x03, 0x33, 0x33, 0x00, 0x00, 0x00, 0x00, 0x33, 0x33, 0x30, 0x00, 0x00, 0x00,
    0x00, 0x00, 0x03, 0x34, 0x55, 0x55, 0x43, 0x00, 0x00, 0x34, 0x55, 0x55, 0x43, 0x30, 0x00, 0x00, 0x00, 0x00, 0x34, 0x61, 0x22, 0x22, 0x65, 0x30,
    0x03, 0x56, 0x22, 0x22, 0x16, 0x43, 0x00, 0x00, 0x00, 0x03, 0x46, 0x21, 0x22, 0x22, 0x22, 0x53, 0x35, 0x22, 0x22, 0x22, 0x12, 0x64, 0x30, 0x00,
    0x00, 0x03, 0x62, 0x21, 0x11, 0x11, 0x21, 0x24, 0x42, 0x12, 0x11, 0x11, 0x12, 0x26, 0x30, 0x00, 0x00, 0x34, 0x21, 0x11, 0x11, 0x11, 0x11, 0x22,
    0x22, 0x11, 0x11, 0x11, 0x11, 0x12, 0x43, 0x00, 0x00, 0x35, 0x22, 0x11, 0x11, 0x11, 0x11, 0x12, 0x21, 0x11, 0x11, 0x11, 0x11, 0x22, 0x53, 0x00,
    0x00, 0x36, 0x22, 0x11, 0x11, 0x11, 0x11, 0x11, 0x11, 0x11, 0x11, 0x11, 0x11, 0x22, 0x63, 0x00, 0x00, 0x36, 0x22, 0x11, 0x11, 0x11, 0x11, 0x11,
    0x11, 0x11, 0x11, 0x11, 0x11, 0x22, 0x63, 0x00, 0x00, 0x35, 0x22, 0x11, 0x11, 0x11, 0x11, 0x11, 0x11, 0x11, 0x11, 0x11, 0x11, 0x22, 0x53, 0x00,
    0x00, 0x34, 0x11, 0x11, 0x11, 0x11, 0x11, 0x11, 0x11, 0x11, 0x11, 0x11, 0x11, 0x11, 0x43, 0x00, 0x00, 0x03, 0x62, 0x21, 0x11, 0x11, 0x11, 0x11,
    0x11, 0x11, 0x11, 0x11, 0x12, 0x26, 0x30, 0x00, 0x00, 0x03, 0x46, 0x22, 0x11, 0x11, 0x11, 0x11, 0x11, 0x11, 0x11, 0x11, 0x22, 0x64, 0x30, 0x00,
    0x00, 0x00, 0x34, 0x21, 0x11, 0x11, 0x11, 0x11, 0x11, 0x11, 0x11, 0x11, 0x12, 0x43, 0x00, 0x00, 0x00, 0x00, 0x03, 0x52, 0x11, 0x11, 0x11, 0x11,
    0x11, 0x11, 0x11, 0x11, 0x25, 0x30, 0x00, 0x00, 0x00, 0x00, 0x00, 0x35, 0x22, 0x11, 0x11, 0x11, 0x11, 0x11, 0x11, 0x22, 0x53, 0x00, 0x00, 0x00,
    0x00, 0x00, 0x00, 0x03, 0x62, 0x21, 0x11, 0x11, 0x11, 0x11, 0x12, 0x26, 0x30, 0x00, 0x00, 0x00, 0x00, 0x00, 0x00, 0x03, 0x46, 0x22, 0x11, 0x11,
    0x11, 0x11, 0x22, 0x64, 0x30, 0x00, 0x00, 0x00, 0x00, 0x00, 0x00, 0x00, 0x34, 0x22, 0x11, 0x11, 0x11, 0x11, 0x22, 0x43, 0x00, 0x00, 0x00, 0x00,
    0x00, 0x00, 0x00, 0x00, 0x03, 0x52, 0x11, 0x11, 0x11, 0x11, 0x25, 0x30, 0x44, 0x44, 0x00, 0x00, 0x00, 0x00, 0x00, 0x00, 0x00, 0x35, 0x22, 0x11,
    0x11, 0x22, 0x53, 0x04, 0x8A, 0xAB, 0x40, 0x00, 0x00, 0x00, 0x00, 0x00, 0x00, 0x03, 0x62, 0x21, 0x12, 0x26, 0x30, 0x48, 0x77, 0x77, 0x84, 0x00,
    0x00, 0x00, 0x00, 0x00, 0x00, 0x03, 0x36, 0x22, 0x22, 0x63, 0x34, 0xB7, 0x7C, 0x97, 0x74, 0x00, 0x00, 0x00, 0x00, 0x00, 0x00, 0x00, 0x34, 0x21,
    0x12, 0x43, 0x04, 0x87, 0x9D, 0xC9, 0x78, 0x40, 0x00, 0x00, 0x00, 0x00, 0x00, 0x00, 0x03, 0x52, 0x25, 0x30, 0x04, 0x87, 0x79, 0x97, 0x7B, 0x40,
    0x00, 0x00, 0x00, 0x00, 0x00, 0x00, 0x00, 0x35, 0x53, 0x00, 0x00, 0x47, 0x79, 0x77, 0xA4, 0x00, 0x00, 0x00, 0x00, 0x00, 0x00, 0x00, 0x00, 0x03,
    0x30, 0x00, 0x00, 0x44, 0xA7, 0x7A, 0x44, 0x00, 0x00, 0x00, 0x00, 0x00, 0x00, 0x00, 0x00, 0x03, 0x30, 0x00, 0x00, 0x04, 0x44, 0x44, 0x40, 0x00,
    0x00, 0x00, 0x00, 0x00, 0x00, 0x00, 0x00, 0x00, 0x00, 0x00, 0x00, 0x00, 0x00, 0x00, 0x00, 0x00, 0x00, 0x00, 0x00, 0x00, 0x00, 0x00, 0x00, 0x00,
    0x00, 0x00, 0x00, 0x00, 0x00, 0x00, 0x00, 0x00,
  },
  {
    0x00, 0x00, 0x00, 0x00, 0x00, 0x00, 0x00, 0x00, 0x00, 0x00, 0x00, 0x00, 0x00, 0x00, 0x00, 0x00, 0x00, 0x00, 0x00, 0x00, 0x00, 0x00, 0x00, 0x00,
    0x00, 0x00, 0x00, 0x00, 0x00, 0x00, 0x00, 0x00, 0x00, 0x00, 0x00, 0x00, 0x00, 0x11, 0x11, 0x11, 0x11, 0x11, 0x00, 0x00, 0x00, 0x00, 0x00, 0x00,
    0x00, 0x00, 0x00, 0x00, 0x11, 0x11, 0x00, 0x01, 0x11, 0x00, 0x00, 0x00, 0x00, 0x00, 0x00, 0x00, 0x00, 0x00, 0x00, 0x00, 0x11, 0x00, 0x00, 0x11,
    0x11, 0x00, 0x00, 0x00, 0x00, 0x00, 0x00, 0x00, 0x00, 0x00, 0x00, 0x00, 0x00, 0x00, 0x01, 0x1B, 0x91, 0x10, 0x00, 0x00, 0x00, 0x00, 0x00, 0x00,
    0x00, 0x00, 0x00, 0x00, 0x00, 0x00, 0x01, 0xB3, 0x39, 0x10, 0x00, 0x00, 0x00, 0x00, 0x00, 0x00, 0x00, 0x00, 0x00, 0x00, 0x00, 0x00, 0x01, 0xB3,
    0x3B, 0x10, 0x00, 0x00, 0x00, 0x00, 0x00, 0x00, 0x00, 0x00, 0x00, 0x00, 0x00, 0x00, 0x01, 0x11, 0x11, 0x10, 0x00, 0x00, 0x00, 0x00, 0x00, 0x00,
    0x00, 0x00, 0x00, 0x00, 0x00, 0x01, 0x11, 0x44, 0x4A, 0x11, 0x10, 0x00, 0x00, 0x00, 0x00, 0x00, 0x00, 0x00, 0x00, 0x00, 0x00, 0x11, 0xC2, 0x22,
    0x22, 0x6C, 0x11, 0x00, 0x00, 0x00, 0x00, 0x00, 0x00, 0x00, 0x00, 0x00, 0x01, 0x16, 0x22, 0x22, 0x22, 0x26, 0x61, 0x10, 0x00, 0x00, 0x00, 0x00,
    0x00, 0x00, 0x00, 0x00, 0x01, 0x72, 0x22, 0x71, 0x14, 0x26, 0x6C, 0x10, 0x00, 0x00, 0x00, 0x00, 0x00, 0x00, 0x00, 0x00, 0x11, 0x22, 0x24, 0x19,
    0xB1, 0x16, 0x66, 0xA1, 0x00, 0x00, 0x00, 0x00, 0x00, 0x00, 0x00, 0x00, 0x11, 0x22, 0x71, 0x13, 0x33, 0x14, 0x66, 0x41, 0x00, 0x00, 0x00, 0x00,
    0x00, 0x00, 0x00, 0x00, 0x14, 0x22, 0x1B, 0x33, 0x33, 0x11, 0xC8, 0x41, 0x00, 0x00, 0x00, 0x00, 0x00, 0x00, 0x00, 0x00, 0x1A, 0x2C, 0x13, 0x33,
    0x33, 0x31, 0x48, 0x41, 0x00, 0x00, 0x00, 0x00, 0x00, 0x00, 0x00, 0x00, 0x1A, 0x27, 0x13, 0x33, 0x33, 0x39, 0xA8, 0x41, 0x00, 0x00, 0x00, 0x00,
    0x00, 0x00, 0x00, 0x00, 0x14, 0x24, 0x93, 0x33, 0x33, 0x3B, 0x18, 0x41, 0x00, 0x00, 0x00, 0x00, 0x00, 0x00, 0x00, 0x00, 0x14, 0x24, 0x93, 0x33,
    0x33, 0x3B, 0x18, 0x41, 0x00, 0x00, 0x00, 0x00, 0x00, 0x00, 0x00, 0x00, 0x1A, 0x27, 0x13, 0x33, 0x33, 0x39, 0x18, 0x41, 0x00, 0x00, 0x00, 0x00,
    0x00, 0x00, 0x00, 0x00, 0x1A, 0x2C, 0x13, 0x33, 0x33, 0x39, 0x48, 0x41, 0x11, 0x11, 0x00, 0x00, 0x00, 0x00, 0x00, 0x00, 0x14, 0x22, 0x1B, 0x33,
    0x33, 0x31, 0xC8, 0x11, 0xDE, 0xEA, 0x10, 0x00, 0x00, 0x00, 0x00, 0x00, 0x14, 0x22, 0xD1, 0x33, 0x33, 0x91, 0x66, 0xAD, 0x55, 0x55, 0xD1, 0x00,
    0x00, 0x00, 0x00, 0x00, 0x14, 0x22, 0x21, 0x11, 0x19, 0x16, 0x87, 0x15, 0xF5, 0x55, 0x51, 0x00, 0x00, 0x00, 0x00, 0x00, 0x14, 0x22, 0x22, 0x41,
    0x1A, 0x62, 0x64, 0xD5, 0x15, 0x55, 0x5D, 0x10, 0x00, 0x00, 0x00, 0x00, 0x11, 0x22, 0x22, 0x22, 0x22, 0x26, 0x61, 0xD5, 0x11, 0x55, 0x5D, 0x10,
    0x00, 0x00, 0x00, 0x00, 0x01, 0xC2, 0x22, 0x22, 0x22, 0x28, 0x8C, 0x15, 0x1F, 0xF5, 0xE1, 0x00, 0x00, 0x00, 0x00, 0x00, 0x01, 0x14, 0x77, 0x77,
    0x77, 0x71, 0x41, 0x11, 0xE5, 0x5E, 0x11, 0x00, 0x00, 0x00, 0x00, 0x00, 0x00, 0x01, 0x11, 0x11, 0x11, 0x11, 0x11, 0x01, 0x11, 0x11, 0x10, 0x00,
    0x00, 0x00, 0x00, 0x00, 0x00, 0x00, 0x00, 0x00, 0x00, 0x00, 0x00, 0x00, 0x00, 0x00, 0x00, 0x00, 0x00, 0x00, 0x00, 0x00, 0x00, 0x00, 0x00, 0x00,
    0x00, 0x00, 0x00, 0x00, 0x00, 0x00, 0x00, 0x00,
  },
  {
    0x00, 0x00, 0x00, 0x00, 0x00, 0x00, 0x00, 0x00, 0x00, 0x00, 0x00, 0x00, 0x00, 0x00, 0x00, 0x00, 0x00, 0x00, 0x00, 0x00, 0x00, 0x00, 0x00, 0x00,
    0x00, 0x00, 0x00, 0x00, 0x00, 0x00, 0x00, 0x00, 0x00, 0x00, 0x00, 0x00, 0x00, 0x00, 0x00, 0x00, 0x00, 0x00, 0x00, 0x00, 0x00, 0x00, 0x00, 0x00,
    0x00, 0x00, 0x00, 0x00, 0x00, 0x00, 0x00, 0x00, 0x00, 0x00, 0x00, 0x00, 0x00, 0x00, 0x00, 0x00, 0x00, 0x00, 0x00, 0x00, 0x00, 0x00, 0x00, 0x00,
    0x00, 0x00, 0x00, 0x00, 0x00, 0x00, 0x00, 0x00, 0x00, 0x00, 0x00, 0x00, 0x00, 0x00, 0x00, 0x00, 0x00, 0x00, 0x00, 0x00, 0x00, 0x00, 0x00, 0x00,
    0x00, 0x00, 0x00, 0x00, 0x00, 0x00, 0x00, 0x00, 0x00, 0x00, 0x00, 0x00, 0x00, 0x00, 0x00, 0x00, 0x00, 0x00, 0x00, 0x00, 0x00, 0x00, 0x00, 0x00,
    0x00, 0x00, 0x00, 0x00, 0x00, 0x00, 0x00, 0x00, 0x00, 0x00, 0x00, 0x00, 0x00, 0x00, 0x00, 0x00, 0x00, 0x00, 0x00, 0x00, 0x00, 0x00, 0x00, 0x00,
    0x00, 0x00, 0x00, 0x00, 0x00, 0x00, 0x00, 0x11, 0x01, 0x10, 0x00, 0x00, 0x00, 0x00, 0x00, 0x00, 0x00, 0x00, 0x00, 0x00, 0x01, 0x11, 0x11, 0x22,
    0x12, 0x21, 0x11, 0x10, 0x00, 0x00, 0x00, 0x00, 0x00, 0x00, 0x00, 0x00, 0x11, 0x72, 0x14, 0x52, 0x25, 0x52, 0x12, 0x11, 0x00, 0x00, 0x00, 0x00,
    0x00, 0x00, 0x00, 0x01, 0x23, 0x52, 0x25, 0x31, 0x75, 0x41, 0x35, 0x41, 0x11, 0x10, 0x00, 0x00, 0x00, 0x00, 0x01, 0x11, 0x33, 0x32, 0x73, 0x31,
    0x45, 0x22, 0x33, 0x22, 0x34, 0x21, 0x00, 0x00, 0x00, 0x00, 0x12, 0x41, 0x33, 0x32, 0x73, 0x31, 0x45, 0x22, 0x54, 0x13, 0x33, 0x52, 0x10, 0x00,
    0x00, 0x01, 0x13, 0x31, 0x43, 0x32, 0x23, 0x31, 0x45, 0x22, 0x54, 0x13, 0x33, 0x34, 0x10, 0x00, 0x00, 0x12, 0x14, 0x31, 0x43, 0x32, 0x23, 0x32,
    0x25, 0x22, 0x57, 0x23, 0x33, 0x37, 0x11, 0x00, 0x00, 0x11, 0x22, 0x52, 0x85, 0x34, 0x13, 0x52, 0x25, 0x22, 0x57, 0x23, 0x33, 0x31, 0x81, 0x00,
    0x00, 0x1C, 0xC1, 0x45, 0x82, 0x33, 0x22, 0x44, 0x14, 0x41, 0x34, 0x13, 0x35, 0x21, 0x71, 0x00, 0x00, 0x11, 0x42, 0x12, 0x22, 0x11, 0x41, 0x11,
    0x12, 0x58, 0x75, 0x14, 0x54, 0x18, 0x11, 0x00, 0x00, 0x01, 0x11, 0x11, 0x12, 0x01, 0x00, 0x11, 0x01, 0x72, 0x14, 0x22, 0x52, 0x11, 0x10, 0x00,
    0x00, 0x00, 0x00, 0x00, 0x10, 0x00, 0x00, 0x00, 0x01, 0x10, 0x11, 0x11, 0x11, 0x11, 0x00, 0x00, 0x00, 0x00, 0x00, 0x00, 0x00, 0x00, 0x00, 0x00,
    0x00, 0x00, 0x00, 0x01, 0x9A, 0xAD, 0x10, 0x00, 0x00, 0x00, 0x00, 0x00, 0x00, 0x00, 0x00, 0x00, 0x00, 0x00, 0x00, 0x11, 0x66, 0x66, 0x91, 0x00,
    0x00, 0x00, 0x00, 0x00, 0x00, 0x00, 0x00, 0x00, 0x00, 0x00, 0x01, 0xF6, 0x6B, 0x16, 0x61, 0x00, 0x00, 0x00, 0x00, 0x00, 0x00, 0x00, 0x00, 0x00,
    0x00, 0x00, 0x01, 0x96, 0xB1, 0xE1, 0x69, 0x10, 0x00, 0x00, 0x00, 0x00, 0x00, 0x00, 0x00, 0x00, 0x00, 0x00, 0x01, 0x96, 0x1E, 0xB6, 0x6D, 0x10,
    0x00, 0x00, 0x00, 0x00, 0x00, 0x00, 0x00, 0x00, 0x00, 0x00, 0x00, 0x16, 0x66, 0x66, 0xA1, 0x00, 0x00, 0x00, 0x00, 0x00, 0x00, 0x00, 0x00, 0x00,
    0x00, 0x00, 0x00, 0x11, 0xA6, 0x6A, 0x11, 0x00, 0x00, 0x00, 0x00, 0x00, 0x00, 0x00, 0x00, 0x00, 0x00, 0x00, 0x00, 0x01, 0x11, 0x11, 0x10, 0x00,
    0x00, 0x00, 0x00, 0x00, 0x00, 0x00, 0x00, 0x00, 0x00, 0x00, 0x00, 0x00, 0x00, 0x00, 0x00, 0x00, 0x00, 0x00, 0x00, 0x00, 0x00, 0x00, 0x00, 0x00,
    0x00, 0x00, 0x00, 0x00, 0x00, 0x00, 0x00, 0x00,
  },
  {
    0x00, 0x00, 0x00, 0x00, 0x00, 0x00, 0x00, 0x00, 0x00, 0x00, 0x00, 0x00, 0x00, 0x00, 0x00, 0x00, 0x00, 0x00, 0x00, 0x00, 0x00, 0x00, 0x00, 0x00,
    0x00, 0x00, 0x00, 0x00, 0x00, 0x00, 0x00, 0x00, 0x00, 0x00, 0x00, 0x00, 0x00, 0x11, 0x11, 0x11, 0x11, 0x11, 0x00, 0x00, 0x00, 0x00, 0x00, 0x00,
    0x00, 0x00, 0x00, 0x00, 0x11, 0x11, 0x00, 0x01, 0x11, 0x00, 0x00, 0x00, 0x00, 0x00, 0x00, 0x00, 0x00, 0x00, 0x00, 0x00, 0x11, 0x00, 0x00, 0x11,
    0x11, 0x00, 0x00, 0x00, 0x00, 0x00, 0x00, 0x00, 0x00, 0x00, 0x00, 0x00, 0x00, 0x00, 0x01, 0x1B, 0xA1, 0x10, 0x00, 0x00, 0x00, 0x00, 0x00, 0x00,
    0x00, 0x00, 0x00, 0x00, 0x00, 0x00, 0x01, 0xB3, 0x3A, 0x10, 0x00, 0x00, 0x00, 0x00, 0x00, 0x00, 0x00, 0x00, 0x00, 0x00, 0x00, 0x00, 0x01, 0xB3,
    0x3B, 0x10, 0x00, 0x00, 0x00, 0x00, 0x00, 0x00, 0x00, 0x00, 0x00, 0x00, 0x00, 0x00, 0x01, 0x11, 0x11, 0x10, 0x00, 0x00, 0x00, 0x00, 0x00, 0x00,
    0x00, 0x00, 0x00, 0x00, 0x00, 0x01, 0x11, 0x44, 0x48, 0x11, 0x10, 0x00, 0x00, 0x00, 0x00, 0x00, 0x00, 0x00, 0x00, 0x00, 0x00, 0x11, 0xC2, 0x22,
    0x22, 0x5C, 0x11, 0x00, 0x00, 0x00, 0x00, 0x00, 0x00, 0x00, 0x00, 0x00, 0x01, 0x15, 0x22, 0x22, 0x22, 0x25, 0x51, 0x10, 0x00, 0x00, 0x00, 0x00,
    0x00, 0x00, 0x00, 0x00, 0x01, 0x72, 0x22, 0x71, 0x14, 0x25, 0x5C, 0x10, 0x00, 0x00, 0x00, 0x00, 0x00, 0x00, 0x00, 0x00, 0x11, 0x22, 0x24, 0x1A,
    0xB1, 0x15, 0x55, 0x81, 0x00, 0x00, 0x00, 0x00, 0x00, 0x00, 0x00, 0x00, 0x11, 0x22, 0x71, 0x13, 0x33, 0x14, 0x55, 0x41, 0x00, 0x00, 0x00, 0x00,
    0x00, 0x00, 0x00, 0x00, 0x14, 0x22, 0x1B, 0x33, 0x33, 0x11, 0xC9, 0x41, 0x00, 0x00, 0x00, 0x00, 0x00, 0x00, 0x00, 0x00, 0x18, 0x2C, 0x13, 0x33,
    0x33, 0x31, 0x49, 0x41, 0x00, 0x00, 0x00, 0x00, 0x00, 0x00, 0x00, 0x00, 0x18, 0x27, 0x13, 0x33, 0x33, 0x3A, 0x89, 0x41, 0x00, 0x00, 0x00, 0x00,
    0x00, 0x00, 0x00, 0x00, 0x14, 0x24, 0xA3, 0x33, 0x33, 0x3B, 0x19, 0x41, 0x00, 0x00, 0x00, 0x00, 0x00, 0x00, 0x00, 0x00, 0x14, 0x24, 0xA3, 0x33,
    0x33, 0x3B, 0x19, 0x41, 0x00, 0x00, 0x00, 0x00, 0x00, 0x00, 0x00, 0x00, 0x18, 0x27, 0x13, 0x33, 0x33, 0x3A, 0x19, 0x41, 0x00, 0x00, 0x00, 0x00,
    0x00, 0x00, 0x00, 0x00, 0x18, 0x2C, 0x13, 0x33, 0x33, 0x3A, 0x49, 0x41, 0x11, 0x11, 0x00, 0x00, 0x00, 0x00, 0x00, 0x00, 0x14, 0x22, 0x1B, 0x33,
    0x33, 0x31, 0xC9, 0x11, 0xE1, 0x18, 0x10, 0x00, 0x00, 0x00, 0x00, 0x00, 0x14, 0x22, 0xE1, 0x33, 0x33, 0xA1, 0x55, 0x8E, 0x66, 0x66, 0xE1, 0x00,
    0x00, 0x00, 0x00, 0x00, 0x14, 0x22, 0x21, 0x11, 0x1A, 0x15, 0x97, 0x16, 0x6D, 0xD6, 0x61, 0x00, 0x00, 0x00, 0x00, 0x00, 0x14, 0x22, 0x22, 0x41,
    0x18, 0x52, 0x54, 0xE6, 0xFF, 0xFF, 0x6E, 0x10, 0x00, 0x00, 0x00, 0x00, 0x11, 0x22, 0x22, 0x22, 0x22, 0x25, 0x51, 0xED, 0xFD, 0xDF, 0x64, 0x10,
    0x00, 0x00, 0x00, 0x00, 0x01, 0xC2, 0x22, 0x22, 0x22, 0x29, 0x9C, 0x16, 0xDD, 0xDD, 0x11, 0x00, 0x00, 0x00, 0x00, 0x00, 0x01, 0x14, 0x77, 0x77,
    0x77, 0x71, 0x41, 0x18, 0x16, 0x61, 0x11, 0x00, 0x00, 0x00, 0x00, 0x00, 0x00, 0x01, 0x11, 0x11, 0x11, 0x11, 0x11, 0x01, 0x11, 0x11, 0x10, 0x00,
    0x00, 0x00, 0x00, 0x00, 0x00, 0x00, 0x00, 0x00, 0x00, 0x00, 0x00, 0x00, 0x00, 0x00, 0x00, 0x00, 0x00, 0x00, 0x00, 0x00, 0x00, 0x00, 0x00, 0x00,
    0x00, 0x00, 0x00, 0x00, 0x00, 0x00, 0x00, 0x00,
  },
  {
    0x00, 0x00, 0x00, 0x00, 0x00, 0x00, 0x00, 0x00, 0x00, 0x00, 0x00, 0x00, 0x00, 0x00, 0x00, 0x00, 0x00, 0x00, 0x00, 0x00, 0x00, 0x00, 0x00, 0x00,
    0x00, 0x00, 0x00, 0x00, 0x00, 0x00, 0x00, 0x00, 0x00, 0x00, 0x00, 0x00, 0x00, 0x00, 0x00, 0x22, 0x22, 0x00, 0x00, 0x00, 0x00, 0x00, 0x00, 0x00,
    0x00, 0x00, 0x00, 0x00, 0x00, 0x00, 0x00, 0x21, 0x32, 0x00, 0x00, 0x00, 0x00, 0x00, 0x00, 0x00, 0x00, 0x00, 0x00, 0x00, 0x00, 0x00, 0x02, 0x61,
    0x1B, 0x20, 0x00, 0x00, 0x00, 0x00, 0x00, 0x00, 0x00, 0x00, 0x00, 0x00, 0x00, 0x00, 0x25, 0x11, 0x18, 0x20, 0x00, 0x00, 0x00, 0x00, 0x00, 0x00,
    0x00, 0x00, 0x00, 0x00, 0x00, 0x00, 0x23, 0x11, 0x11, 0x62, 0x00, 0x00, 0x00, 0x00, 0x00, 0x00, 0x00, 0x00, 0x00, 0x00, 0x00, 0x02, 0x71, 0x11,
    0x11, 0x85, 0x20, 0x00, 0x00, 0x00, 0x00, 0x00, 0x00, 0x00, 0x00, 0x00, 0x00, 0x02, 0x11, 0x11, 0x11, 0x83, 0x20, 0x00, 0x00, 0x00, 0x00, 0x00,
    0x00, 0x00, 0x00, 0x00, 0x00, 0x2C, 0x11, 0x11, 0x11, 0x13, 0x52, 0x00, 0x00, 0x00, 0x00, 0x00, 0x00, 0x00, 0x00, 0x00, 0x00, 0x21, 0x11, 0x11,
    0x11, 0x13, 0x32, 0x00, 0x00, 0x00, 0x00, 0x00, 0x00, 0x00, 0x00, 0x00, 0x02, 0x71, 0x11, 0x11, 0x11, 0x13, 0x35, 0x20, 0x00, 0x00, 0x00, 0x00,
    0x00, 0x00, 0x00, 0x00, 0x02, 0x31, 0x11, 0x11, 0x11, 0x18, 0x36, 0x20, 0x00, 0x00, 0x00, 0x00, 0x00, 0x00, 0x00, 0x00, 0x05, 0x11, 0x11, 0x11,
    0x11, 0x11, 0x33, 0x90, 0x00, 0x00, 0x00, 0x00, 0x00, 0x00, 0x00, 0x00, 0x26, 0x11, 0x11, 0x11, 0x11, 0x11, 0x33, 0xB2, 0x00, 0x00, 0x00, 0x00,
    0x00, 0x00, 0x00, 0x00, 0x21, 0x11, 0x11, 0x11, 0x11, 0x11, 0x33, 0x32, 0x00, 0x00, 0x00, 0x00, 0x00, 0x00, 0x00, 0x00, 0x51, 0x11, 0x11, 0x11,
    0x11, 0x11, 0x33, 0x39, 0x00, 0x00, 0x00, 0x00, 0x00, 0x00, 0x00, 0x02, 0x61, 0x11, 0x11, 0x11, 0x11, 0x11, 0x33, 0x3B, 0x20, 0x00, 0x00, 0x00,
    0x00, 0x00, 0x00, 0x02, 0x31, 0x11, 0x11, 0x11, 0x11, 0x11, 0x33, 0x36, 0x20, 0x00, 0x00, 0x00, 0x00, 0x00, 0x00, 0x02, 0x11, 0x11, 0x11, 0x11,
    0x11, 0x11, 0x33, 0x33, 0x20, 0x00, 0x00, 0x00, 0x00, 0x00, 0x00, 0x02, 0x11, 0x11, 0x11, 0x11, 0x11, 0x11, 0x33, 0x33, 0x20, 0x00, 0x00, 0x00,
    0x00, 0x00, 0x00, 0x02, 0x11, 0x11, 0x11, 0x11, 0x11, 0x11, 0x33, 0x33, 0x22, 0x22, 0x00, 0x00, 0x00, 0x00, 0x00, 0x02, 0x31, 0x11, 0x11, 0x11,
    0x11, 0x11, 0x33, 0x32, 0x7A, 0xA9, 0x20, 0x00, 0x00, 0x00, 0x00, 0x02, 0x61, 0x11, 0x11, 0x11, 0x11, 0x18, 0x33, 0x27, 0x44, 0x44, 0x72, 0x00,
    0x00, 0x00, 0x00, 0x00, 0x91, 0x11, 0x11, 0x11, 0x11, 0x13, 0x3C, 0x24, 0x41, 0x14, 0x42, 0x00, 0x00, 0x00, 0x00, 0x00, 0x26, 0x11, 0x11, 0x11,
    0x11, 0x13, 0x35, 0x74, 0x18, 0x11, 0x47, 0x20, 0x00, 0x00, 0x00, 0x00, 0x02, 0x31, 0x11, 0x11, 0x11, 0x33, 0x8B, 0x74, 0x41, 0x14, 0x49, 0x20,
    0x00, 0x00, 0x00, 0x00, 0x02, 0x23, 0x11, 0x11, 0x11, 0x38, 0x62, 0x24, 0x44, 0x44, 0xA2, 0x00, 0x00, 0x00, 0x00, 0x00, 0x00, 0x02, 0x73, 0x11,
    0x13, 0x35, 0x20, 0x22, 0xA4, 0x4A, 0x22, 0x00, 0x00, 0x00, 0x00, 0x00, 0x00, 0x00, 0x22, 0x25, 0x52, 0x22, 0x00, 0x02, 0x22, 0x22, 0x20, 0x00,
    0x00, 0x00, 0x00, 0x00, 0x00, 0x00, 0x00, 0x00, 0x00, 0x00, 0x00, 0x00, 0x00, 0x00, 0x00, 0x00, 0x00, 0x00, 0x00, 0x00, 0x00, 0x00, 0x00, 0x00,
    0x00, 0x00, 0x00, 0x00, 0x00, 0x00, 0x00, 0x00,
  },
  {
    0x00, 0x00, 0x00, 0x00, 0x00, 0x00, 0x00, 0x00, 0x00, 0x00, 0x00, 0x00, 0x00, 0x00, 0x00, 0x00, 0x00, 0x00, 0x00, 0x00, 0x00, 0x00, 0x00, 0x00,
    0x00, 0x00, 0x00, 0x00, 0x00, 0x00, 0x00, 0x00, 0x00, 0x00, 0x00, 0x00, 0x00, 0x00, 0x44, 0x41, 0x14, 0x44, 0x00, 0x00, 0x00, 0x00, 0x00, 0x00,
    0x00, 0x00, 0x00, 0x00, 0x00, 0x04, 0x17, 0x22, 0x22, 0x71, 0x40, 0x00, 0x00, 0x00, 0x00, 0x00, 0x00, 0x00, 0x00, 0x00, 0x00, 0x04, 0x62, 0x22,
    0x22, 0x26, 0x40, 0x00, 0x00, 0x00, 0x00, 0x00, 0x00, 0x00, 0x00, 0x00, 0x00, 0x04, 0x41, 0x16, 0x61, 0x14, 0x40, 0x00, 0x00, 0x00, 0x00, 0x00,
    0x00, 0x00, 0x00, 0x00, 0x00, 0x00, 0x17, 0x76, 0x67, 0x71, 0x40, 0x00, 0x00, 0x00, 0x00, 0x00, 0x00, 0x00, 0x00, 0x00, 0x00, 0x00, 0x12, 0x22,
    0x22, 0x21, 0x40, 0x00, 0x00, 0x00, 0x00, 0x00, 0x00, 0x00, 0x00, 0x00, 0x00, 0x00, 0x12, 0x22, 0x22, 0x21, 0x40, 0x00, 0x00, 0x00, 0x00, 0x00,
    0x00, 0x00, 0x00, 0x00, 0x00, 0x00, 0x12, 0x22, 0x22, 0x21, 0x40, 0x00, 0x00, 0x00, 0x00, 0x00, 0x00, 0x00, 0x00, 0x00, 0x00, 0x00, 0x12, 0x22,
    0x22, 0x21, 0x40, 0x00, 0x00, 0x00, 0x00, 0x00, 0x00, 0x00, 0x00, 0x00, 0x00, 0x00, 0x12, 0x22, 0x22, 0x21, 0x40, 0x00, 0x00, 0x00, 0x00, 0x00,
    0x00, 0x00, 0x00, 0x00, 0x00, 0x00, 0x12, 0x22, 0x22, 0x21, 0x40, 0x00, 0x00, 0x00, 0x00, 0x00, 0x00, 0x00, 0x00, 0x00, 0x00, 0x00, 0x41, 0x11,
    0x11, 0x44, 0x40, 0x00, 0x00, 0x00, 0x00, 0x00, 0x00, 0x00, 0x00, 0x00, 0x00, 0x00, 0x1B, 0x59, 0x99, 0x51, 0x40, 0x00, 0x00, 0x00, 0x00, 0x00,
    0x00, 0x00, 0x00, 0x00, 0x00, 0x00, 0x13, 0x33, 0x35, 0x51, 0x40, 0x00, 0x00, 0x00, 0x00, 0x00, 0x00, 0x00, 0x00, 0x00, 0x00, 0x00, 0x13, 0x33,
    0x35, 0x51, 0x40, 0x00, 0x00, 0x00, 0x00, 0x00, 0x00, 0x00, 0x00, 0x00, 0x00, 0x00, 0x13, 0x33, 0x35, 0x51, 0x40, 0x00, 0x00, 0x00, 0x00, 0x00,
    0x00, 0x00, 0x00, 0x00, 0x00, 0x00, 0x13, 0x33, 0x35, 0x51, 0x40, 0x00, 0x00, 0x00, 0x00, 0x00, 0x00, 0x00, 0x00, 0x00, 0x00, 0x00, 0x13, 0x33,
    0x35, 0x51, 0x40, 0x00, 0x00, 0x00, 0x00, 0x00, 0x00, 0x00, 0x00, 0x00, 0x00, 0x00, 0x13, 0x33, 0x35, 0x51, 0x40, 0x00, 0x00, 0x00, 0x00, 0x00,
    0x00, 0x00, 0x00, 0x00, 0x00, 0x00, 0x13, 0x33, 0x35, 0x51, 0x40, 0x00, 0x11, 0x11, 0x00, 0x00, 0x00, 0x00, 0x00, 0x00, 0x00, 0x00, 0x13, 0x33,
    0x35, 0x51, 0x40, 0x01, 0x67, 0x7C, 0x10, 0x00, 0x00, 0x00, 0x00, 0x00, 0x00, 0x00, 0x13, 0x33, 0x35, 0x51, 0x40, 0x16, 0x22, 0x22, 0x61, 0x00,
    0x00, 0x00, 0x00, 0x00, 0x00, 0x00, 0x13, 0x33, 0x35, 0x51, 0x00, 0xC2, 0x2A, 0x82, 0x21, 0x00, 0x00, 0x00, 0x00, 0x00, 0x00, 0x00, 0x13, 0x33,
    0x35, 0x51, 0x01, 0x62, 0xDA, 0xAD, 0x26, 0x10, 0x00, 0x00, 0x00, 0x00, 0x00, 0x00, 0x4B, 0x33, 0x35, 0x54, 0x01, 0x62, 0x8A, 0x88, 0x2E, 0x10,
    0x00, 0x00, 0x00, 0x00, 0x00, 0x00, 0x41, 0x33, 0x35, 0x14, 0x00, 0x12, 0x28, 0x82, 0x71, 0x00, 0x00, 0x00, 0x00, 0x00, 0x00, 0x00, 0x04, 0x19,
    0xF1, 0x40, 0x00, 0x11, 0x72, 0x27, 0x11, 0x00, 0x00, 0x00, 0x00, 0x00, 0x00, 0x00, 0x00, 0x44, 0x44, 0x00, 0x00, 0x01, 0x11, 0x11, 0x10, 0x00,
    0x00, 0x00, 0x00, 0x00, 0x00, 0x00, 0x00, 0x00, 0x00, 0x00, 0x00, 0x00, 0x00, 0x00, 0x00, 0x00, 0x00, 0x00, 0x00, 0x00, 0x00, 0x00, 0x00, 0x00,
    0x00, 0x00, 0x00, 0x00, 0x00, 0x00, 0x00, 0x00,
  },
  {
    0x00, 0x00, 0x00, 0x00, 0x00, 0x00, 0x00, 0x00, 0x00, 0x00, 0x00, 0x00, 0x00, 0x00, 0x00, 0x00, 0x00, 0x00, 0x00, 0x00, 0x00, 0x00, 0x00, 0x00,
    0x00, 0x00, 0x00, 0x00, 0x00, 0x00, 0x00, 0x00, 0x00, 0x00, 0x00, 0x00, 0x00, 0x00, 0x00, 0x00, 0x00, 0x00, 0x00, 0x00, 0x01, 0x00, 0x00, 0x00,
    0x00, 0x00, 0x00, 0x00, 0x00, 0x00, 0x00, 0x00, 0x00, 0x00, 0x00, 0x00, 0x01, 0x10, 0x00, 0x00, 0x00, 0x00, 0x00, 0x00, 0x00, 0x00, 0x00, 0x00,
    0x00, 0x00, 0x00, 0x00, 0x11, 0x41, 0x00, 0x00, 0x00, 0x00, 0x00, 0x00, 0x00, 0x00, 0x00, 0x00, 0x00, 0x00, 0x00, 0x01, 0x16, 0x52, 0x10, 0x00,
    0x00, 0x00, 0x00, 0x00, 0x00, 0x00, 0x00, 0x00, 0x00, 0x00, 0x01, 0x11, 0x65, 0x41, 0x11, 0x00, 0x00, 0x00, 0x00, 0x00, 0x00, 0x00, 0x00, 0x00,
    0x00, 0x00, 0x14, 0x14, 0x54, 0x10, 0x00, 0x00, 0x00, 0x00, 0x00, 0x00, 0x00, 0x00, 0x00, 0x00, 0x00, 0x01, 0x63, 0x61, 0x21, 0x00, 0x00, 0x00,
    0x00, 0x00, 0x00, 0x00, 0x00, 0x00, 0x00, 0x00, 0x00, 0x16, 0x33, 0x36, 0x11, 0x00, 0x00, 0x00, 0x00, 0x00, 0x00, 0x00, 0x00, 0x00, 0x00, 0x00,
    0x01, 0x63, 0x33, 0x33, 0x21, 0x00, 0x00, 0x00, 0x00, 0x00, 0x00, 0x00, 0x00, 0x00, 0x00, 0x00, 0x16, 0x36, 0x63, 0x34, 0x10, 0x00, 0x00, 0x00,
    0x00, 0x00, 0x00, 0x00, 0x00, 0x00, 0x00, 0x01, 0x63, 0x35, 0x24, 0x41, 0x00, 0x00, 0x00, 0x00, 0x00, 0x00, 0x00, 0x00, 0x00, 0x00, 0x01, 0x16,
    0x33, 0x33, 0x51, 0x10, 0x00, 0x00, 0x00, 0x00, 0x00, 0x00, 0x00, 0x00, 0x00, 0x00, 0x11, 0x25, 0x35, 0x45, 0x41, 0x00, 0x00, 0x00, 0x00, 0x00,
    0x00, 0x00, 0x00, 0x00, 0x00, 0x01, 0x18, 0x82, 0x53, 0x41, 0x10, 0x00, 0x00, 0x00, 0x00, 0x00, 0x00, 0x00, 0x00, 0x00, 0x00, 0x11, 0x87, 0x78,
    0x25, 0x41, 0x00, 0x00, 0x00, 0x00, 0x00, 0x00, 0x00, 0x00, 0x00, 0x00, 0x01, 0x18, 0x77, 0x77, 0x81, 0x10, 0x00, 0x00, 0x00, 0x00, 0x00, 0x00,
    0x00, 0x00, 0x00, 0x00, 0x01, 0x87, 0x77, 0x77, 0x81, 0x00, 0x00, 0x00, 0x00, 0x00, 0x00, 0x00, 0x00, 0x00, 0x00, 0x00, 0x01, 0x2B, 0x77, 0x72,
    0x10, 0x00, 0x00, 0x00, 0x00, 0x00, 0x00, 0x00, 0x00, 0x00, 0x00, 0x00, 0x01, 0x12, 0xB7, 0x21, 0x00, 0x00, 0x00, 0x00, 0x00, 0x00, 0x00, 0x00,
    0x00, 0x00, 0x00, 0x00, 0x01, 0x81, 0x22, 0x10, 0x00, 0x00, 0x00, 0x00, 0x22, 0x22, 0x00, 0x00, 0x00, 0x00, 0x00, 0x00, 0x11, 0x21, 0x11, 0x00,
    0x00, 0x00, 0x00, 0x02, 0x46, 0x64, 0x20, 0x00, 0x00, 0x00, 0x00, 0x00, 0x11, 0x10, 0x00, 0x00, 0x00, 0x00, 0x00, 0x2D, 0x53, 0x35, 0x42, 0x00,
    0x00, 0x00, 0x00, 0x01, 0x10, 0x00, 0x00, 0x00, 0x00, 0x00, 0x02, 0x45, 0x9A, 0xA9, 0x52, 0x00, 0x00, 0x00, 0x00, 0x11, 0x00, 0x00, 0x00, 0x00,
    0x00, 0x00, 0x02, 0x45, 0xC9, 0x9C, 0x54, 0x20, 0x00, 0x00, 0x01, 0x10, 0x00, 0x00, 0x00, 0x00, 0x00, 0x00, 0x02, 0x43, 0xA9, 0x9A, 0x3E, 0x20,
    0x00, 0x00, 0x11, 0x00, 0x00, 0x00, 0x00, 0x00, 0x00, 0x00, 0x00, 0x25, 0x3A, 0xA3, 0x62, 0x00, 0x00, 0x11, 0x10, 0x00, 0x00, 0x00, 0x00, 0x00,
    0x00, 0x00, 0x00, 0x22, 0x65, 0x56, 0x22, 0x00, 0x00, 0x11, 0x00, 0x00, 0x00, 0x00, 0x00, 0x00, 0x00, 0x00, 0x00, 0x02, 0x22, 0x22, 0x20, 0x00,
    0x00, 0x00, 0x00, 0x00, 0x00, 0x00, 0x00, 0x00, 0x00, 0x00, 0x00, 0x00, 0x00, 0x00, 0x00, 0x00, 0x00, 0x00, 0x00, 0x00, 0x00, 0x00, 0x00, 0x00,
    0x00, 0x00, 0x00, 0x00, 0x00, 0x00, 0x00, 0x00,
  },
  {
    0x00, 0x00, 0x00, 0x00, 0x00, 0x00, 0x00, 0x00, 0x00, 0x00, 0x00, 0x00, 0x00, 0x00, 0x00, 0x00, 0x00, 0x00, 0x00, 0x00, 0x00, 0x00, 0x00, 0x00,
    0x00, 0x00, 0x00, 0x00, 0x00, 0x00, 0x00, 0x00, 0x00, 0x00, 0x00, 0x00, 0x00, 0x00, 0x00, 0x01, 0x11, 0x00, 0x00, 0x00, 0x00, 0x00, 0x00, 0x00,
    0x00, 0x00, 0x00, 0x00, 0x00, 0x01, 0x10, 0x14, 0x3C, 0x10, 0x00, 0x00, 0x00, 0x00, 0x00, 0x00, 0x00, 0x00, 0x00, 0x00, 0x00, 0x14, 0x41, 0x12,
    0x63, 0x10, 0x00, 0x00, 0x00, 0x00, 0x00, 0x00, 0x00, 0x00, 0x00, 0x00, 0x01, 0x46, 0x23, 0x32, 0x23, 0x11, 0x11, 0x10, 0x00, 0x00, 0x00, 0x00,
    0x00, 0x00, 0x00, 0x00, 0x01, 0x46, 0x22, 0x22, 0x27, 0x11, 0x32, 0x41, 0x00, 0x00, 0x00, 0x00, 0x00, 0x00, 0x00, 0x00, 0x00, 0x13, 0x22, 0x22,
    0x2C, 0x13, 0x22, 0x31, 0x00, 0x00, 0x00, 0x00, 0x00, 0x00, 0x00, 0x00, 0x11, 0x11, 0x42, 0x22, 0x21, 0x32, 0x22, 0x41, 0x00, 0x00, 0x00, 0x00,
    0x00, 0x00, 0x00, 0x01, 0x47, 0x41, 0x14, 0x22, 0x22, 0x22, 0x22, 0x11, 0x00, 0x00, 0x00, 0x00, 0x00, 0x00, 0x00, 0x01, 0x22, 0x22, 0x37, 0x22,
    0x22, 0x22, 0x22, 0x31, 0x10, 0x00, 0x00, 0x00, 0x00, 0x00, 0x00, 0x01, 0x32, 0x22, 0x22, 0x22, 0x22, 0x22, 0x22, 0x23, 0x10, 0x00, 0x00, 0x00,
    0x00, 0x00, 0x00, 0x01, 0x13, 0x22, 0x22, 0x22, 0x22, 0x37, 0x22, 0x63, 0x10, 0x00, 0x00, 0x00, 0x00, 0x00, 0x00, 0x00, 0x11, 0x22, 0x22, 0x22,
    0x22, 0x71, 0x14, 0x41, 0x10, 0x00, 0x00, 0x00, 0x00, 0x00, 0x00, 0x00, 0x13, 0x22, 0x24, 0x12, 0x22, 0x27, 0x11, 0x11, 0x00, 0x00, 0x00, 0x00,
    0x00, 0x00, 0x00, 0x00, 0x13, 0x66, 0x41, 0x42, 0x22, 0x22, 0x31, 0x00, 0x00, 0x00, 0x00, 0x00, 0x00, 0x00, 0x00, 0x00, 0x1C, 0x34, 0x11, 0x32,
    0x22, 0x22, 0x64, 0x10, 0x00, 0x00, 0x00, 0x00, 0x00, 0x00, 0x00, 0x00, 0x01, 0x11, 0x11, 0x22, 0x27, 0x32, 0x31, 0x10, 0x00, 0x00, 0x00, 0x00,
    0x00, 0x00, 0x00, 0x00, 0x00, 0x01, 0x01, 0x26, 0x31, 0x11, 0x11, 0x00, 0x00, 0x00, 0x00, 0x00, 0x00, 0x00, 0x00, 0x00, 0x00, 0x11, 0x01, 0x14,
    0x11, 0x01, 0x00, 0x00, 0x00, 0x00, 0x00, 0x00, 0x00, 0x00, 0x00, 0x00, 0x00, 0x10, 0x00, 0x11, 0x10, 0x00, 0x00, 0x00, 0x00, 0x00, 0x00, 0x00,
    0x00, 0x00, 0x00, 0x00, 0x01, 0x10, 0x00, 0x00, 0x00, 0x00, 0x00, 0x00, 0x11, 0x11, 0x00, 0x00, 0x00, 0x00, 0x00, 0x00, 0x11, 0x00, 0x00, 0x00,
    0x00, 0x00, 0x00, 0x01, 0x89, 0x9E, 0x10, 0x00, 0x00, 0x00, 0x00, 0x00, 0x11, 0x00, 0x00, 0x00, 0x00, 0x00, 0x00, 0x18, 0x55, 0x55, 0x81, 0x00,
    0x00, 0x00, 0x00, 0x00, 0x10, 0x00, 0x00, 0x00, 0x00, 0x00, 0x01, 0xE5, 0x5A, 0xB5, 0x51, 0x00, 0x00, 0x00, 0x00, 0x00, 0x10, 0x00, 0x00, 0x00,
    0x00, 0x00, 0x01, 0x85, 0xBA, 0xD1, 0x58, 0x10, 0x00, 0x00, 0x00, 0x00, 0x10, 0x00, 0x00, 0x00, 0x00, 0x00, 0x01, 0x85, 0xDA, 0xDA, 0x5F, 0x10,
    0x00, 0x00, 0x00, 0x00, 0x10, 0x00, 0x00, 0x00, 0x00, 0x00, 0x00, 0x15, 0x5B, 0xB5, 0x91, 0x00, 0x00, 0x00, 0x00, 0x00, 0x10, 0x00, 0x00, 0x00,
    0x00, 0x00, 0x00, 0x11, 0x95, 0x59, 0x11, 0x00, 0x00, 0x00, 0x00, 0x00, 0x10, 0x00, 0x00, 0x00, 0x00, 0x00, 0x00, 0x01, 0x11, 0x11, 0x10, 0x00,
    0x00, 0x00, 0x00, 0x00, 0x00, 0x00, 0x00, 0x00, 0x00, 0x00, 0x00, 0x00, 0x00, 0x00, 0x00, 0x00, 0x00, 0x00, 0x00, 0x00, 0x00, 0x00, 0x00, 0x00,
    0x00, 0x00, 0x00, 0x00, 0x00, 0x00, 0x00, 0x00,
  },
  {
    0x00, 0x00, 0x00, 0x00, 0x00, 0x00, 0x00, 0x00, 0x00, 0x00, 0x00, 0x00, 0x00, 0x00, 0x00, 0x00, 0x00, 0x00, 0x00, 0x00, 0x00, 0x00, 0x00, 0x00,
    0x00, 0x00, 0x00, 0x00, 0x00, 0x00, 0x00, 0x00, 0x00, 0x00, 0x00, 0x00, 0x00, 0x22, 0x20, 0x00, 0x00, 0x00, 0x00, 0x00, 0x00, 0x00, 0x00, 0x00,
    0x00, 0x00, 0x00, 0x00, 0x02, 0x22, 0x20, 0x00, 0x00, 0x12, 0x20, 0x00, 0x00, 0x00, 0x00, 0x00, 0x00, 0x00, 0x00, 0x00, 0x00, 0x22, 0x00, 0x00,
    0x02, 0x15, 0x12, 0x20, 0x00, 0x00, 0x00, 0x00, 0x00, 0x00, 0x00, 0x00, 0x00, 0x22, 0x00, 0x00, 0x25, 0x33, 0x37, 0x42, 0x00, 0x00, 0x00, 0x00,
    0x00, 0x00, 0x00, 0x00, 0x00, 0x22, 0x00, 0x02, 0x13, 0x33, 0x33, 0x31, 0x20, 0x00, 0x00, 0x00, 0x00, 0x00, 0x22, 0x11, 0x11, 0x11, 0x11, 0x11,
    0x73, 0x33, 0x33, 0xE5, 0x20, 0x00, 0x00, 0x00, 0x00, 0x02, 0x17, 0x33, 0x33, 0x33, 0x33, 0x33, 0x33, 0x33, 0x33, 0x61, 0x10, 0x00, 0x00, 0x00,
    0x00, 0x01, 0x77, 0x44, 0x44, 0x44, 0x44, 0x41, 0x11, 0x11, 0x11, 0x22, 0x00, 0x00, 0x00, 0x00, 0x00, 0x21, 0x71, 0x21, 0x11, 0x22, 0x11, 0x11,
    0x11, 0x11, 0x10, 0x02, 0x22, 0x00, 0x22, 0x00, 0x00, 0x01, 0x61, 0x21, 0x25, 0x41, 0x61, 0x12, 0x00, 0x00, 0x00, 0x00, 0x22, 0x22, 0x20, 0x00,
    0x00, 0x02, 0x46, 0x55, 0x56, 0x41, 0x65, 0x54, 0x11, 0x00, 0x00, 0x00, 0x00, 0x22, 0x00, 0x00, 0x00, 0x00, 0x21, 0x44, 0x46, 0x41, 0x64, 0x46,
    0x52, 0x00, 0x00, 0x00, 0x00, 0x22, 0x00, 0x00, 0x00, 0x00, 0x01, 0x11, 0x16, 0x41, 0x61, 0x12, 0x61, 0x20, 0x00, 0x00, 0x00, 0x02, 0x00, 0x00,
    0x00, 0x00, 0x00, 0x02, 0x12, 0x22, 0x21, 0x22, 0x74, 0x20, 0x00, 0x00, 0x00, 0x00, 0x00, 0x00, 0x00, 0x00, 0x02, 0x15, 0x55, 0x55, 0x55, 0x57,
    0x71, 0x00, 0x00, 0x00, 0x00, 0x00, 0x00, 0x00, 0x00, 0x00, 0x11, 0x73, 0x77, 0x77, 0x77, 0x75, 0x11, 0x00, 0x00, 0x00, 0x00, 0x00, 0x00, 0x00,
    0x00, 0x00, 0x25, 0x61, 0x22, 0x22, 0x22, 0x22, 0x10, 0x00, 0x00, 0x00, 0x00, 0x00, 0x00, 0x00, 0x00, 0x00, 0x25, 0x42, 0x10, 0x11, 0x00, 0x00,
    0x00, 0x00, 0x00, 0x00, 0x00, 0x00, 0x00, 0x00, 0x00, 0x00, 0x11, 0x64, 0x15, 0x41, 0x61, 0x22, 0x00, 0x00, 0x00, 0x00, 0x00, 0x00, 0x00, 0x00,
    0x00, 0x00, 0x02, 0x46, 0x66, 0x41, 0x66, 0x61, 0x20, 0x00, 0x00, 0x00, 0x11, 0x11, 0x00, 0x00, 0x00, 0x00, 0x00, 0x22, 0x24, 0x41, 0x62, 0x56,
    0x10, 0x00, 0x00, 0x01, 0x9A, 0xAD, 0x10, 0x00, 0x00, 0x00, 0x00, 0x00, 0x00, 0x22, 0x02, 0x13, 0x11, 0x00, 0x00, 0x19, 0x88, 0x88, 0x91, 0x00,
    0x00, 0x00, 0x00, 0x00, 0x12, 0x11, 0x11, 0x77, 0x10, 0x00, 0x01, 0xD8, 0x8B, 0xC8, 0x81, 0x00, 0x00, 0x00, 0x00, 0x01, 0x17, 0x33, 0x33, 0x31,
    0x10, 0x00, 0x01, 0x98, 0xBB, 0xBC, 0x89, 0x10, 0x00, 0x00, 0x00, 0x01, 0x14, 0x11, 0x41, 0x11, 0x00, 0x00, 0x01, 0x98, 0x8C, 0xB8, 0x8D, 0x10,
    0x00, 0x00, 0x00, 0x05, 0x11, 0x22, 0x11, 0x00, 0x00, 0x00, 0x00, 0x18, 0x8C, 0x88, 0xA1, 0x00, 0x00, 0x00, 0x00, 0x00, 0x00, 0x22, 0x00, 0x00,
    0x00, 0x00, 0x00, 0x11, 0xA8, 0x8A, 0x11, 0x00, 0x00, 0x00, 0x00, 0x00, 0x00, 0x22, 0x00, 0x00, 0x00, 0x00, 0x00, 0x01, 0x11, 0x11, 0x10, 0x00,
    0x00, 0x00, 0x00, 0x00, 0x00, 0x00, 0x00, 0x00, 0x00, 0x00, 0x00, 0x00, 0x00, 0x00, 0x00, 0x00, 0x00, 0x00, 0x00, 0x00, 0x00, 0x00, 0x00, 0x00,
    0x00, 0x00, 0x00, 0x00, 0x00, 0x00, 0x00, 0x00,
  },
  {
    0x00, 0x00, 0x00, 0x00, 0x00, 0x00, 0x00, 0x00, 0x00, 0x00, 0x00, 0x00, 0x00, 0x00, 0x00, 0x00, 0x00, 0x00, 0x00, 0x00, 0x00, 0x00, 0x00, 0x00,
    0x00, 0x00, 0x00, 0x00, 0x00, 0x00, 0x00, 0x00, 0x00, 0x00, 0x00, 0x00, 0x00, 0x00, 0x00, 0x00, 0x00, 0x00, 0x00, 0x00, 0x03, 0x22, 0x20, 0x00,
    0x00, 0x00, 0x00, 0x00, 0x00, 0x00, 0x00, 0x00, 0x00, 0x00, 0x00, 0x00, 0x32, 0x33, 0x23, 0x00, 0x00, 0x00, 0x00, 0x00, 0x00, 0x00, 0x00, 0x00,
    0x00, 0x00, 0x00, 0x03, 0x23, 0x77, 0x32, 0x00, 0x00, 0x00, 0x00, 0x00, 0x00, 0x00, 0x00, 0x00, 0x00, 0x00, 0x00, 0x02, 0x31, 0x71, 0x22, 0x00,
    0x00, 0x00, 0x00, 0x00, 0x00, 0x00, 0x03, 0x21, 0x00, 0x00, 0x00, 0x22, 0x17, 0x12, 0x20, 0x00, 0x00, 0x00, 0x00, 0x00, 0x00, 0x00, 0x21, 0x72,
    0x00, 0x00, 0x02, 0x21, 0x71, 0x22, 0x00, 0x00, 0x00, 0x00, 0x00, 0x00, 0x00, 0x00, 0x23, 0x77, 0x60, 0x00, 0x22, 0x17, 0x12, 0x20, 0x00, 0x00,
    0x00, 0x00, 0x00, 0x00, 0x00, 0x00, 0x03, 0x21, 0x75, 0x02, 0x21, 0x73, 0x22, 0x00, 0x00, 0x00, 0x00, 0x00, 0x00, 0x00, 0x00, 0x00, 0x00, 0x02,
    0x27, 0x68, 0x17, 0x32, 0x20, 0x00, 0x00, 0x00, 0x00, 0x00, 0x00, 0x00, 0x00, 0x00, 0x00, 0x00, 0x22, 0x16, 0x73, 0x23, 0x00, 0x00, 0x00, 0x00,
    0x00, 0x00, 0x00, 0x00, 0x00, 0x00, 0x00, 0x03, 0x16, 0x13, 0x68, 0x00, 0x00, 0x00, 0x00, 0x00, 0x00, 0x00, 0x00, 0x00, 0x00, 0x00, 0x00, 0x31,
    0x64, 0x51, 0x16, 0x00, 0x00, 0x00, 0x00, 0x00, 0x00, 0x00, 0x00, 0x00, 0x00, 0x00, 0x03, 0x36, 0x45, 0x58, 0x27, 0x50, 0x00, 0x00, 0x00, 0x00,
    0x00, 0x00, 0x00, 0x00, 0x00, 0x00, 0x33, 0x64, 0x55, 0x82, 0x32, 0x77, 0x00, 0x00, 0x00, 0x00, 0x00, 0x00, 0x00, 0x00, 0x00, 0x03, 0x36, 0x45,
    0x58, 0x21, 0x02, 0x11, 0x21, 0x00, 0x00, 0x00, 0x00, 0x00, 0x00, 0x00, 0x00, 0x33, 0x64, 0x55, 0x82, 0x10, 0x02, 0x26, 0x12, 0x00, 0x00, 0x00,
    0x00, 0x00, 0x00, 0x00, 0x03, 0x36, 0x45, 0x58, 0x21, 0x00, 0x00, 0x33, 0x31, 0x00, 0x00, 0x00, 0x00, 0x00, 0x00, 0x00, 0x33, 0x64, 0x55, 0x82,
    0x10, 0x00, 0x00, 0x03, 0x10, 0x00, 0x00, 0x00, 0x00, 0x00, 0x00, 0x03, 0x36, 0x45, 0x58, 0x21, 0x00, 0x00, 0x00, 0x00, 0x00, 0x00, 0x00, 0x00,
    0x00, 0x00, 0x00, 0x33, 0x64, 0x55, 0x82, 0x10, 0x00, 0x00, 0x00, 0x00, 0x11, 0x13, 0x00, 0x00, 0x00, 0x00, 0x03, 0x36, 0x45, 0x58, 0x21, 0x00,
    0x00, 0x00, 0x00, 0x01, 0x76, 0x6B, 0x10, 0x00, 0x00, 0x00, 0x33, 0x64, 0x55, 0x82, 0x10, 0x00, 0x00, 0x00, 0x00, 0x37, 0x44, 0x44, 0x73, 0x00,
    0x00, 0x01, 0x25, 0x45, 0x58, 0x21, 0x00, 0x00, 0x00, 0x00, 0x01, 0xB4, 0x4A, 0x94, 0x41, 0x00, 0x00, 0x02, 0x84, 0x65, 0x82, 0x10, 0x00, 0x00,
    0x00, 0x00, 0x01, 0x74, 0xCA, 0xAC, 0x48, 0x10, 0x00, 0x13, 0x64, 0x67, 0x21, 0x00, 0x00, 0x00, 0x00, 0x00, 0x01, 0x74, 0x9A, 0x99, 0x4D, 0x10,
    0x00, 0x28, 0x68, 0x33, 0x10, 0x00, 0x00, 0x00, 0x00, 0x00, 0x00, 0x14, 0x49, 0x94, 0x51, 0x00, 0x00, 0x31, 0x12, 0x10, 0x00, 0x00, 0x00, 0x00,
    0x00, 0x00, 0x00, 0x11, 0x54, 0x46, 0x11, 0x00, 0x00, 0x13, 0x10, 0x00, 0x00, 0x00, 0x00, 0x00, 0x00, 0x00, 0x00, 0x01, 0x11, 0x13, 0x10, 0x00,
    0x00, 0x00, 0x00, 0x00, 0x00, 0x00, 0x00, 0x00, 0x00, 0x00, 0x00, 0x00, 0x00, 0x00, 0x00, 0x00, 0x00, 0x00, 0x00, 0x00, 0x00, 0x00, 0x00, 0x00,
    0x00, 0x00, 0x00, 0x00, 0x00, 0x00, 0x00, 0x00,
  },
  {
    0x00, 0x00, 0x00, 0x00, 0x00, 0x00, 0x00, 0x00, 0x00, 0x00, 0x00, 0x00, 0x00, 0x00, 0x00, 0x00, 0x00, 0x00, 0x00, 0x00, 0x00, 0x00, 0x00, 0x00,
    0x00, 0x00, 0x00, 0x00, 0x00, 0x00, 0x00, 0x00, 0x00, 0x00, 0x00, 0x00, 0x00, 0x00, 0x11, 0x11, 0x11, 0x11, 0x00, 0x00, 0x00, 0x00, 0x00, 0x00,
    0x00, 0x00, 0x00, 0x00, 0x01, 0x11, 0x55, 0x44, 0x44, 0x55, 0x11, 0x10, 0x00, 0x00, 0x00, 0x00, 0x00, 0x00, 0x00, 0x01, 0x15, 0x46, 0x44, 0x55,
    0x5C, 0x44, 0x64, 0x51, 0x10, 0x00, 0x00, 0x00, 0x00, 0x00, 0x00, 0x15, 0x64, 0x51, 0x11, 0x77, 0x77, 0x11, 0x15, 0x16, 0x51, 0x00, 0x00, 0x00,
    0x00, 0x00, 0x01, 0x56, 0x51, 0x7D, 0x33, 0x38, 0x22, 0x22, 0x97, 0x15, 0x65, 0x10, 0x00, 0x00, 0x00, 0x00, 0x01, 0x65, 0x18, 0x33, 0x33, 0x33,
    0x22, 0x22, 0x22, 0x91, 0x56, 0x10, 0x00, 0x00, 0x00, 0x00, 0x15, 0x41, 0x83, 0x33, 0x33, 0x33, 0x82, 0x22, 0x22, 0x29, 0x16, 0x10, 0x00, 0x00,
    0x00, 0x00, 0x01, 0x41, 0x33, 0x33, 0x33, 0x33, 0x22, 0x22, 0x22, 0x29, 0x14, 0x10, 0x00, 0x00, 0x00, 0x00, 0x01, 0x41, 0x83, 0x33, 0x33, 0x38,
    0x22, 0x22, 0x22, 0x29, 0x14, 0x10, 0x00, 0x00, 0x00, 0x00, 0x01, 0x41, 0x93, 0x33, 0x33, 0x38, 0x22, 0x22, 0x22, 0x27, 0x54, 0x10, 0x00, 0x00,
    0x00, 0x00, 0x01, 0x45, 0x93, 0x33, 0x33, 0x33, 0x82, 0x22, 0x22, 0x27, 0x55, 0x10, 0x00, 0x00, 0x00, 0x00, 0x01, 0x55, 0x73, 0x33, 0x33, 0x33,
    0x82, 0x22, 0x22, 0x21, 0xC5, 0x10, 0x00, 0x00, 0x00, 0x00, 0x01, 0x14, 0x13, 0x33, 0x33, 0x38, 0x22, 0x22, 0x22, 0x21, 0x41, 0x00, 0x00, 0x00,
    0x00, 0x00, 0x00, 0x14, 0x18, 0x33, 0x33, 0x38, 0x22, 0x22, 0x22, 0x91, 0x41, 0x00, 0x00, 0x00, 0x00, 0x00, 0x00, 0x14, 0xE9, 0x33, 0x33, 0x33,
    0x22, 0x22, 0x22, 0x75, 0x51, 0x00, 0x00, 0x00, 0x00, 0x00, 0x00, 0x15, 0xC1, 0x33, 0x33, 0x33, 0x82, 0x22, 0x22, 0x14, 0x11, 0x00, 0x00, 0x00,
    0x00, 0x00, 0x00, 0x01, 0x41, 0xD3, 0x33, 0x33, 0x22, 0x22, 0x29, 0x14, 0x10, 0x00, 0x00, 0x00, 0x00, 0x00, 0x00, 0x01, 0x15, 0x73, 0x33, 0x38,
    0x22, 0x22, 0x21, 0x45, 0x10, 0x00, 0x00, 0x00, 0x00, 0x00, 0x00, 0x01, 0x14, 0x1D, 0x33, 0x33, 0x22, 0x22, 0x91, 0x41, 0x00, 0x00, 0x00, 0x00,
    0x00, 0x00, 0x00, 0x00, 0x14, 0x51, 0x33, 0x33, 0x82, 0x22, 0x14, 0x51, 0x11, 0x11, 0x00, 0x00, 0x00, 0x00, 0x00, 0x00, 0x11, 0x61, 0x73, 0x33,
    0x22, 0x27, 0x54, 0x11, 0x54, 0x45, 0x10, 0x00, 0x00, 0x00, 0x00, 0x00, 0x01, 0x54, 0x19, 0x38, 0x22, 0x71, 0x65, 0x14, 0x66, 0x66, 0x51, 0x00,
    0x00, 0x00, 0x00, 0x00, 0x00, 0x14, 0x41, 0x98, 0x27, 0x14, 0x11, 0x56, 0xAB, 0xBA, 0x61, 0x00, 0x00, 0x00, 0x00, 0x00, 0x00, 0x11, 0x64, 0x17,
    0x71, 0x44, 0x11, 0x56, 0x1A, 0xA1, 0x65, 0x10, 0x00, 0x00, 0x00, 0x00, 0x00, 0x01, 0x16, 0x41, 0x56, 0x41, 0x11, 0x56, 0xBA, 0xAB, 0x6F, 0x10,
    0x00, 0x00, 0x00, 0x00, 0x00, 0x00, 0x11, 0x46, 0x64, 0x11, 0x00, 0x16, 0x6B, 0xB6, 0x41, 0x00, 0x00, 0x00, 0x00, 0x00, 0x00, 0x00, 0x01, 0x14,
    0x51, 0x10, 0x00, 0x11, 0x46, 0x64, 0x11, 0x00, 0x00, 0x00, 0x00, 0x00, 0x00, 0x00, 0x00, 0x11, 0x10, 0x00, 0x00, 0x01, 0x11, 0x11, 0x10, 0x00,
    0x00, 0x00, 0x00, 0x00, 0x00, 0x00, 0x00, 0x00, 0x00, 0x00, 0x00, 0x00, 0x00, 0x00, 0x00, 0x00, 0x00, 0x00, 0x00, 0x00, 0x00, 0x00, 0x00, 0x00,
    0x00, 0x00, 0x00, 0x00, 0x00, 0x00, 0x00, 0x00,
  },
  {
    0x00, 0x00, 0x00, 0x00, 0x00, 0x00, 0x00, 0x00, 0x00, 0x00, 0x00, 0x00, 0x00, 0x00, 0x00, 0x00, 0x00, 0x00, 0x00, 0x00, 0x00, 0x00, 0x00, 0x00,
    0x00, 0x00, 0x00, 0x00, 0x00, 0x00, 0x00, 0x00, 0x00, 0x00, 0x00, 0x00, 0x00, 0x00, 0x11, 0x11, 0x11, 0x10, 0x00, 0x00, 0x00, 0x00, 0x00, 0x00,
    0x00, 0x00, 0x00, 0x00, 0x00, 0x01, 0x11, 0x11, 0x11, 0x11, 0x10, 0x00, 0x00, 0x00, 0x00, 0x00, 0x00, 0x00, 0x00, 0x00, 0x00, 0x15, 0x11, 0x17,
    0x11, 0x11, 0x51, 0x00, 0x00, 0x00, 0x00, 0x00, 0x00, 0x00, 0x00, 0x00, 0x01, 0x9A, 0x11, 0x18, 0x71, 0x11, 0x24, 0x10, 0x00, 0x00, 0x00, 0x00,
    0x00, 0x00, 0x00, 0x00, 0x15, 0x29, 0x11, 0x86, 0x68, 0x11, 0x22, 0x41, 0x00, 0x00, 0x00, 0x00, 0x00, 0x00, 0x00, 0x01, 0x12, 0x29, 0x11, 0x76,
    0x87, 0x11, 0x22, 0x21, 0x10, 0x00, 0x00, 0x00, 0x00, 0x00, 0x00, 0x01, 0x42, 0x29, 0x11, 0x18, 0x71, 0x11, 0x22, 0x29, 0x10, 0x00, 0x00, 0x00,
    0x00, 0x00, 0x00, 0x01, 0x22, 0x29, 0x11, 0x11, 0x11, 0x11, 0x22, 0x22, 0x10, 0x00, 0x00, 0x00, 0x00, 0x00, 0x00, 0x15, 0x22, 0x2A, 0x11, 0x11,
    0x11, 0x15, 0x22, 0x22, 0x51, 0x00, 0x00, 0x00, 0x00, 0x00, 0x00, 0x14, 0x22, 0x22, 0x24, 0x55, 0x55, 0x92, 0x22, 0x22, 0x51, 0x00, 0x00, 0x00,
    0x00, 0x00, 0x00, 0x19, 0x22, 0x22, 0x22, 0x22, 0x22, 0x22, 0x22, 0x22, 0x51, 0x00, 0x00, 0x00, 0x00, 0x11, 0x13, 0x19, 0x22, 0x22, 0xAA, 0x22,
    0x22, 0xAA, 0x22, 0x22, 0x51, 0x41, 0x10, 0x00, 0x00, 0x14, 0x33, 0x43, 0x33, 0x35, 0x11, 0x11, 0x11, 0x11, 0x43, 0x33, 0x43, 0x33, 0x51, 0x00,
    0x00, 0x14, 0x33, 0x33, 0x33, 0x33, 0x33, 0x44, 0x44, 0x33, 0x33, 0x33, 0x33, 0x34, 0x51, 0x00, 0x00, 0x01, 0x11, 0x15, 0x54, 0x44, 0x44, 0x33,
    0x34, 0x44, 0x44, 0x45, 0x51, 0x11, 0x10, 0x00, 0x00, 0x00, 0x00, 0x01, 0x11, 0x11, 0x11, 0x11, 0x11, 0x11, 0x11, 0x11, 0x10, 0x00, 0x00, 0x00,
    0x00, 0x00, 0x00, 0x01, 0x00, 0x00, 0x00, 0x00, 0x00, 0x00, 0x00, 0x00, 0x10, 0x00, 0x00, 0x00, 0x00, 0x00, 0x00, 0x01, 0x00, 0x00, 0x00, 0x00,
    0x00, 0x00, 0x00, 0x01, 0x10, 0x00, 0x00, 0x00, 0x00, 0x00, 0x00, 0x01, 0x00, 0x00, 0x00, 0x00, 0x00, 0x00, 0x00, 0x01, 0x10, 0x00, 0x00, 0x00,
    0x00, 0x00, 0x00, 0x01, 0x10, 0x00, 0x00, 0x00, 0x00, 0x00, 0x00, 0x01, 0x11, 0x11, 0x00, 0x00, 0x00, 0x00, 0x00, 0x01, 0x10, 0x00, 0x00, 0x00,
    0x00, 0x00, 0x00, 0x01, 0x78, 0x8D, 0x10, 0x00, 0x00, 0x00, 0x00, 0x00, 0x10, 0x00, 0x00, 0x00, 0x00, 0x00, 0x00, 0x17, 0x66, 0x66, 0x71, 0x00,
    0x00, 0x00, 0x00, 0x00, 0x11, 0x00, 0x00, 0x00, 0x00, 0x00, 0x01, 0xD6, 0x62, 0xB6, 0x61, 0x00, 0x00, 0x00, 0x00, 0x00, 0x01, 0x00, 0x00, 0x00,
    0x00, 0x00, 0x01, 0x76, 0xB2, 0xC1, 0x67, 0x10, 0x00, 0x00, 0x00, 0x00, 0x01, 0x10, 0x00, 0x00, 0x00, 0x00, 0x01, 0x76, 0xC2, 0xC2, 0x6E, 0x10,
    0x00, 0x00, 0x00, 0x00, 0x00, 0x11, 0x11, 0x00, 0x00, 0x11, 0x11, 0x16, 0x6B, 0xB6, 0x81, 0x00, 0x00, 0x00, 0x00, 0x00, 0x00, 0x01, 0x11, 0x11,
    0x11, 0x11, 0x10, 0x11, 0x86, 0x68, 0x11, 0x00, 0x00, 0x00, 0x00, 0x00, 0x00, 0x00, 0x11, 0x11, 0x11, 0x10, 0x00, 0x01, 0x11, 0x11, 0x10, 0x00,
    0x00, 0x00, 0x00, 0x00, 0x00, 0x00, 0x00, 0x00, 0x00, 0x00, 0x00, 0x00, 0x00, 0x00, 0x00, 0x00, 0x00, 0x00, 0x00, 0x00, 0x00, 0x00, 0x00, 0x00,
    0x00, 0x00, 0x00, 0x00, 0x00, 0x00, 0x00, 0x00,
  },
  {
    0x00, 0x00, 0x00, 0x00, 0x00, 0x00, 0x00, 0x00, 0x00, 0x00, 0x00, 0x00, 0x00, 0x00, 0x00, 0x00, 0x00, 0x00, 0x00, 0x00, 0x00, 0x00, 0x00, 0x00,
    0x00, 0x00, 0x00, 0x00, 0x00, 0x00, 0x00, 0x00, 0x00, 0x00, 0x00, 0x02, 0x29, 0x22, 0x22, 0x22, 0x22, 0x22, 0x22, 0x32, 0x00, 0x00, 0x00, 0x00,
    0x00, 0x00, 0x00, 0x02, 0x45, 0x82, 0x8A, 0x33, 0x3A, 0xAA, 0x24, 0x5A, 0x20, 0x00, 0x00, 0x00, 0x00, 0x00, 0x00, 0x23, 0x45, 0x13, 0x87, 0x77,
    0x77, 0x73, 0xA4, 0x41, 0x20, 0x00, 0x00, 0x00, 0x00, 0x00, 0x00, 0x23, 0x15, 0x48, 0x27, 0x77, 0x77, 0xA2, 0x15, 0x41, 0x20, 0x00, 0x00, 0x00,
    0x00, 0x00, 0x00, 0x23, 0x14, 0x41, 0x33, 0x77, 0x77, 0x28, 0x15, 0x11, 0x20, 0x00, 0x00, 0x00, 0x00, 0x00, 0x00, 0x23, 0x14, 0x41, 0x12, 0x17,
    0x73, 0x31, 0x45, 0x11, 0x20, 0x00, 0x00, 0x00, 0x00, 0x00, 0x00, 0x23, 0x14, 0x41, 0x18, 0x37, 0x12, 0x11, 0x44, 0x11, 0x20, 0x00, 0x00, 0x00,
    0x00, 0x00, 0x00, 0x23, 0x14, 0x51, 0x11, 0x28, 0x38, 0x11, 0x44, 0x11, 0x20, 0x00, 0x00, 0x00, 0x00, 0x00, 0x00, 0x23, 0x11, 0x51, 0x11, 0x93,
    0x31, 0x11, 0x54, 0x11, 0x20, 0x00, 0x00, 0x00, 0x00, 0x00, 0x00, 0x23, 0x11, 0x54, 0x11, 0x33, 0x31, 0x11, 0x54, 0x11, 0x20, 0x00, 0x00, 0x00,
    0x00, 0x00, 0x00, 0x23, 0x11, 0x44, 0x11, 0x33, 0x31, 0x11, 0x51, 0x11, 0x20, 0x00, 0x00, 0x00, 0x00, 0x00, 0x00, 0x23, 0x11, 0x44, 0x11, 0x33,
    0x31, 0x14, 0x51, 0x11, 0x20, 0x00, 0x00, 0x00, 0x00, 0x00, 0x00, 0x23, 0x11, 0x44, 0x11, 0x33, 0x31, 0x14, 0x41, 0x11, 0x20, 0x00, 0x00, 0x00,
    0x00, 0x00, 0x00, 0x23, 0x11, 0x45, 0x11, 0x33, 0x31, 0x14, 0x41, 0x11, 0x20, 0x00, 0x00, 0x00, 0x00, 0x00, 0x00, 0x23, 0x11, 0x15, 0x11, 0x93,
    0x31, 0x15, 0x41, 0x11, 0x20, 0x00, 0x00, 0x00, 0x00, 0x00, 0x00, 0x23, 0x11, 0x15, 0x41, 0x93, 0x31, 0x15, 0x11, 0x11, 0x20, 0x00, 0x00, 0x00,
    0x00, 0x00, 0x00, 0x23, 0x11, 0x14, 0x41, 0x93, 0x31, 0x45, 0x11, 0x11, 0x20, 0x00, 0x00, 0x00, 0x00, 0x00, 0x00, 0x23, 0x11, 0x14, 0x41, 0x93,
    0x31, 0x44, 0x11, 0x11, 0x20, 0x00, 0x00, 0x00, 0x00, 0x00, 0x00, 0x23, 0x41, 0x14, 0x51, 0x93, 0x31, 0x44, 0x11, 0x11, 0x20, 0x00, 0x00, 0x00,
    0x00, 0x00, 0x00, 0x29, 0x55, 0x55, 0x55, 0x83, 0x34, 0x55, 0x55, 0x54, 0x22, 0x22, 0x00, 0x00, 0x00, 0x00, 0x00, 0x23, 0x41, 0x11, 0x14, 0x93,
    0x31, 0x11, 0x11, 0x12, 0xBC, 0xCF, 0x20, 0x00, 0x00, 0x00, 0x00, 0x23, 0x11, 0x11, 0x11, 0x33, 0x31, 0x11, 0x11, 0x2B, 0x66, 0x66, 0xB2, 0x00,
    0x00, 0x00, 0x00, 0x23, 0x11, 0x11, 0x11, 0x33, 0x31, 0x11, 0x18, 0xF6, 0x6D, 0xE6, 0x62, 0x00, 0x00, 0x00, 0x00, 0x29, 0x54, 0x44, 0x45, 0x83,
    0x34, 0x44, 0x59, 0xB6, 0xDD, 0xDE, 0x6B, 0x20, 0x00, 0x00, 0x00, 0x29, 0x44, 0x44, 0x44, 0x83, 0x34, 0x44, 0x48, 0xB6, 0x6E, 0xD6, 0x6F, 0x20,
    0x00, 0x00, 0x00, 0x03, 0x11, 0x11, 0x11, 0x33, 0x31, 0x11, 0x11, 0x26, 0x6E, 0x66, 0xC2, 0x00, 0x00, 0x00, 0x00, 0x02, 0x91, 0x11, 0x11, 0x28,
    0x33, 0x11, 0x11, 0x32, 0xC6, 0x6C, 0x22, 0x00, 0x00, 0x00, 0x00, 0x00, 0x22, 0x33, 0x32, 0x22, 0x22, 0x23, 0x33, 0x22, 0x22, 0x22, 0x20, 0x00,
    0x00, 0x00, 0x00, 0x00, 0x00, 0x00, 0x00, 0x00, 0x00, 0x00, 0x00, 0x00, 0x00, 0x00, 0x00, 0x00, 0x00, 0x00, 0x00, 0x00, 0x00, 0x00, 0x00, 0x00,
    0x00, 0x00, 0x00, 0x00, 0x00, 0x00, 0x00, 0x00,
  },
  {
    0x00, 0x00, 0x00, 0x00, 0x00, 0x00, 0x00, 0x00, 0x00, 0x00, 0x00, 0x00, 0x00, 0x00, 0x00, 0x00, 0x00, 0x00, 0x00, 0x00, 0x00, 0x00, 0x00, 0x00,
    0x00, 0x00, 0x00, 0x00, 0x00, 0x00, 0x00, 0x00, 0x00, 0x00, 0x00, 0x00, 0x00, 0x00, 0x02, 0x02, 0x10, 0x21, 0x00, 0x00, 0x00, 0x00, 0x00, 0x00,
    0x00, 0x00, 0x00, 0x00, 0x00, 0x00, 0x21, 0x02, 0x10, 0x11, 0x00, 0x00, 0x00, 0x00, 0x00, 0x00, 0x00, 0x00, 0x00, 0x00, 0x02, 0x12, 0x02, 0x00,
    0x00, 0x00, 0x21, 0x00, 0x00, 0x00, 0x00, 0x00, 0x00, 0x00, 0x00, 0x02, 0x20, 0x10, 0x00, 0x00, 0x00, 0x00, 0x11, 0x00, 0x00, 0x00, 0x00, 0x00,
    0x00, 0x00, 0x00, 0x01, 0x10, 0x00, 0x00, 0x00, 0x00, 0x00, 0x00, 0x00, 0x00, 0x00, 0x00, 0x00, 0x00, 0x00, 0x00, 0x02, 0x00, 0x00, 0x00, 0x00,
    0x00, 0x00, 0x02, 0x00, 0x00, 0x00, 0x00, 0x00, 0x00, 0x00, 0x01, 0x20, 0x00, 0x00, 0x00, 0x00, 0x00, 0x00, 0x11, 0x00, 0x00, 0x00, 0x00, 0x00,
    0x00, 0x00, 0x01, 0x10, 0x00, 0x00, 0x00, 0x00, 0x00, 0x00, 0x02, 0x00, 0x00, 0x00, 0x00, 0x00, 0x00, 0x00, 0x00, 0x00, 0x00, 0x00, 0x00, 0x00,
    0x00, 0x00, 0x02, 0x00, 0x00, 0x00, 0x00, 0x00, 0x00, 0x00, 0x21, 0x20, 0x00, 0x00, 0x00, 0x00, 0x00, 0x00, 0x01, 0x20, 0x20, 0x00, 0x00, 0x00,
    0x00, 0x00, 0x02, 0x02, 0x10, 0x22, 0x00, 0x00, 0x00, 0x00, 0x01, 0x02, 0x11, 0x00, 0x00, 0x00, 0x00, 0x00, 0x00, 0x01, 0x10, 0x11, 0x21, 0x00,
    0x00, 0x00, 0x00, 0x00, 0x20, 0x12, 0x00, 0x00, 0x00, 0x00, 0x00, 0x00, 0x00, 0x00, 0x21, 0x00, 0x00, 0x00, 0x00, 0x00, 0x00, 0x12, 0x00, 0x00,
    0x00, 0x00, 0x00, 0x00, 0x00, 0x00, 0x00, 0x00, 0x00, 0x00, 0x00, 0x00, 0x00, 0x00, 0x00, 0x00, 0x00, 0x00, 0x00, 0x00, 0x00, 0x01, 0x20, 0x00,
    0x00, 0x00, 0x00, 0x00, 0x02, 0x10, 0x00, 0x00, 0x00, 0x00, 0x00, 0x00, 0x00, 0x02, 0x20, 0x00, 0x00, 0x00, 0x00, 0x00, 0x01, 0x10, 0x00, 0x00,
    0x00, 0x00, 0x00, 0x00, 0x00, 0x00, 0x00, 0x00, 0x00, 0x00, 0x00, 0x02, 0x20, 0x00, 0x00, 0x00, 0x00, 0x00, 0x00, 0x00, 0x00, 0x02, 0x11, 0x00,
    0x00, 0x00, 0x00, 0x01, 0x20, 0x00, 0x00, 0x00, 0x00, 0x00, 0x00, 0x00, 0x00, 0x00, 0x20, 0x22, 0x00, 0x20, 0x21, 0x02, 0x00, 0x00, 0x00, 0x00,
    0x00, 0x00, 0x00, 0x00, 0x00, 0x00, 0x00, 0x11, 0x02, 0x10, 0x11, 0x00, 0x33, 0x33, 0x00, 0x00, 0x00, 0x00, 0x00, 0x00, 0x00, 0x00, 0x00, 0x00,
    0x00, 0x10, 0x00, 0x03, 0x57, 0x7B, 0x30, 0x00, 0x00, 0x00, 0x00, 0x00, 0x00, 0x00, 0x00, 0x00, 0x08, 0x80, 0x00, 0x33, 0x46, 0x44, 0x53, 0x00,
    0x00, 0x00, 0x00, 0x00, 0x00, 0x00, 0x00, 0x00, 0x88, 0x80, 0x03, 0x34, 0xA6, 0x44, 0x43, 0x00, 0x00, 0x00, 0x00, 0x00, 0x00, 0x00, 0x00, 0x00,
    0xC9, 0xD0, 0x03, 0x56, 0x34, 0x44, 0x45, 0x30, 0x00, 0x00, 0x00, 0x00, 0x00, 0x00, 0x00, 0x00, 0x39, 0x30, 0x03, 0x54, 0x36, 0x46, 0x45, 0x30,
    0x00, 0x00, 0x00, 0x00, 0x00, 0x00, 0x00, 0x03, 0x39, 0x30, 0x00, 0x34, 0x6A, 0xA4, 0x73, 0x00, 0x00, 0x00, 0x00, 0x00, 0x00, 0x00, 0x00, 0x03,
    0xE9, 0x30, 0x00, 0x33, 0x74, 0x47, 0x33, 0x00, 0x00, 0x00, 0x00, 0x00, 0x00, 0x00, 0x00, 0x03, 0x33, 0x30, 0x00, 0x03, 0x33, 0x33, 0x30, 0x00,
    0x00, 0x00, 0x00, 0x00, 0x00, 0x00, 0x00, 0x00, 0x00, 0x00, 0x00, 0x00, 0x00, 0x00, 0x00, 0x00, 0x00, 0x00, 0x00, 0x00, 0x00, 0x00, 0x00, 0x00,
    0x00, 0x00, 0x00, 0x00, 0x00, 0x00, 0x00, 0x00,
  },
  {
    0x00, 0x00, 0x00, 0x00, 0x00, 0x00, 0x00, 0x00, 0x00, 0x00, 0x00, 0x00, 0x00, 0x00, 0x00, 0x00, 0x00, 0x00, 0x00, 0x00, 0x00, 0x00, 0x00, 0x00,
    0x00, 0x00, 0x00, 0x00, 0x00, 0x00, 0x00, 0x00, 0x00, 0x00, 0x00, 0x00, 0x00, 0x00, 0x00, 0x00, 0x00, 0x00, 0x00, 0x00, 0x00, 0x00, 0x00, 0x00,
    0x00, 0x00, 0x00, 0x00, 0x00, 0x00, 0x00, 0x00, 0x00, 0x00, 0x00, 0x00, 0x00, 0x00, 0x00, 0x00, 0x00, 0x00, 0x00, 0x00, 0x00, 0x00, 0x00, 0x00,
    0x00, 0x00, 0x00, 0x00, 0x00, 0x00, 0x00, 0x00, 0x00, 0x00, 0x00, 0x00, 0x00, 0x00, 0x01, 0x00, 0x00, 0x00, 0x00, 0x00, 0x00, 0x00, 0x00, 0x00,
    0x00, 0x00, 0x00, 0x00, 0x00, 0x01, 0x11, 0x10, 0x00, 0x00, 0x00, 0x00, 0x00, 0x00, 0x00, 0x00, 0x00, 0x00, 0x11, 0x11, 0x11, 0x11, 0x22, 0x10,
    0x00, 0x00, 0x00, 0x00, 0x00, 0x00, 0x00, 0x00, 0x00, 0x01, 0x11, 0x16, 0x33, 0x22, 0x43, 0x10, 0x00, 0x00, 0x00, 0x00, 0x00, 0x00, 0x00, 0x00,
    0x00, 0x01, 0x37, 0x24, 0x44, 0x22, 0x42, 0x10, 0x00, 0x00, 0x00, 0x00, 0x00, 0x00, 0x00, 0x00, 0x00, 0x01, 0x34, 0x22, 0x22, 0x26, 0x13, 0x10,
    0x00, 0x00, 0x00, 0x00, 0x00, 0x00, 0x00, 0x00, 0x00, 0x01, 0x34, 0x22, 0x22, 0x23, 0x33, 0x10, 0x00, 0x00, 0x00, 0x00, 0x00, 0x00, 0x00, 0x00,
    0x00, 0x01, 0x34, 0x22, 0x22, 0x24, 0x42, 0x10, 0x00, 0x00, 0x00, 0x00, 0x00, 0x00, 0x00, 0x00, 0x00, 0x01, 0x34, 0x22, 0x22, 0x23, 0x16, 0x61,
    0x00, 0x00, 0x00, 0x00, 0x00, 0x00, 0x00, 0x00, 0x00, 0x01, 0x34, 0x22, 0x22, 0x22, 0x32, 0x21, 0x10, 0x00, 0x00, 0x00, 0x00, 0x00, 0x00, 0x00,
    0x00, 0x01, 0x34, 0x22, 0x22, 0x22, 0x26, 0x12, 0x11, 0x00, 0x00, 0x00, 0x00, 0x00, 0x00, 0x00, 0x00, 0x01, 0x22, 0x22, 0x22, 0x22, 0x26, 0x22,
    0x23, 0x11, 0x00, 0x00, 0x00, 0x00, 0x00, 0x00, 0x00, 0x01, 0x22, 0x22, 0x22, 0x22, 0x24, 0x22, 0x24, 0x21, 0x11, 0x10, 0x00, 0x00, 0x00, 0x00,
    0x00, 0x11, 0x22, 0x22, 0x22, 0x22, 0x22, 0x22, 0x22, 0x22, 0x23, 0x11, 0x11, 0x11, 0x00, 0x00, 0x00, 0x16, 0x22, 0x22, 0x22, 0x22, 0x22, 0x22,
    0x22, 0x22, 0x24, 0x22, 0x23, 0x31, 0x10, 0x00, 0x00, 0x13, 0x42, 0x22, 0x22, 0x22, 0x22, 0x22, 0x22, 0x22, 0x22, 0x22, 0x47, 0x77, 0x61, 0x00,
    0x00, 0x13, 0x23, 0x22, 0x22, 0x22, 0x44, 0x44, 0x44, 0x42, 0x22, 0x42, 0x31, 0x13, 0x21, 0x00, 0x00, 0x16, 0x61, 0x11, 0x11, 0x11, 0x16, 0x33,
    0x33, 0x33, 0x33, 0x31, 0xE8, 0xCB, 0x11, 0x00, 0x00, 0x11, 0x66, 0x61, 0x11, 0x11, 0x11, 0x11, 0x11, 0x11, 0x11, 0x1C, 0x55, 0x55, 0x91, 0x00,
    0x00, 0x11, 0x11, 0x11, 0x11, 0x11, 0x31, 0x11, 0x11, 0x16, 0x61, 0xB5, 0x5A, 0xA5, 0x51, 0x00, 0x00, 0x11, 0x11, 0x11, 0x11, 0x11, 0x00, 0x00,
    0x11, 0x11, 0x11, 0x95, 0xA1, 0xDF, 0x59, 0x10, 0x00, 0x11, 0x11, 0x11, 0x11, 0x11, 0x00, 0x00, 0x00, 0x00, 0x01, 0x95, 0x5D, 0xA5, 0x5B, 0x10,
    0x00, 0x00, 0x00, 0x00, 0x00, 0x00, 0x00, 0x00, 0x00, 0x00, 0x00, 0x15, 0x55, 0x55, 0x81, 0x00, 0x00, 0x00, 0x00, 0x00, 0x00, 0x00, 0x00, 0x00,
    0x00, 0x00, 0x00, 0x11, 0x85, 0x58, 0x11, 0x00, 0x00, 0x00, 0x00, 0x00, 0x00, 0x00, 0x00, 0x00, 0x00, 0x00, 0x00, 0x01, 0x11, 0x11, 0x10, 0x00,
    0x00, 0x00, 0x00, 0x00, 0x00, 0x00, 0x00, 0x00, 0x00, 0x00, 0x00, 0x00, 0x00, 0x00, 0x00, 0x00, 0x00, 0x00, 0x00, 0x00, 0x00, 0x00, 0x00, 0x00,
    0x00, 0x00, 0x00, 0x00, 0x00, 0x00, 0x00, 0x00,
  },
  {
    0x00, 0x00, 0x00, 0x00, 0x00, 0x00, 0x00, 0x00, 0x00, 0x00, 0x00, 0x00, 0x00, 0x00, 0x00, 0x00, 0x00, 0x00, 0x00, 0x00, 0x00, 0x00, 0x00, 0x00,
    0x00, 0x00, 0x00, 0x00, 0x00, 0x00, 0x00, 0x00, 0x00, 0x00, 0x00, 0x00, 0x00, 0x00, 0x00, 0x00, 0x00, 0x00, 0x00, 0x00, 0x00, 0x00, 0x00, 0x00,
    0x00, 0x00, 0x00, 0x00, 0x00, 0x00, 0x00, 0x00, 0x00, 0x00, 0x00, 0x00, 0x00, 0x00, 0x00, 0x00, 0x00, 0x00, 0x00, 0x00, 0x00, 0x00, 0x00, 0x00,
    0x00, 0x00, 0x00, 0x00, 0x00, 0x00, 0x00, 0x00, 0x00, 0x00, 0x00, 0x00, 0x00, 0x00, 0x00, 0x00, 0x00, 0x00, 0x00, 0x00, 0x00, 0x00, 0x00, 0x00,
    0x00, 0x00, 0x02, 0x22, 0x22, 0x20, 0x00, 0x00, 0x00, 0x00, 0x02, 0x22, 0x22, 0x20, 0x00, 0x00, 0x00, 0x00, 0x22, 0x71, 0x16, 0x42, 0x00, 0x00,
    0x00, 0x00, 0x24, 0x61, 0x17, 0x22, 0x00, 0x00, 0x00, 0x02, 0x21, 0x11, 0x11, 0x14, 0x20, 0x00, 0x00, 0x02, 0x41, 0x11, 0x11, 0x12, 0x20, 0x00,
    0x00, 0x02, 0x61, 0x11, 0x11, 0x16, 0x20, 0x00, 0x00, 0x02, 0x61, 0x11, 0x11, 0x16, 0x20, 0x00, 0x00, 0x24, 0x11, 0x11, 0x11, 0x11, 0x20, 0x00,
    0x00, 0x02, 0x11, 0x11, 0x11, 0x11, 0x22, 0x00, 0x00, 0x24, 0x11, 0x11, 0x11, 0x11, 0x20, 0x00, 0x00, 0x02, 0x11, 0x11, 0x11, 0x11, 0x42, 0x00,
    0x00, 0x24, 0x11, 0x11, 0x11, 0x11, 0x20, 0x00, 0x00, 0x02, 0x11, 0x11, 0x11, 0x11, 0x42, 0x00, 0x00, 0x23, 0x11, 0x11, 0x11, 0x11, 0x22, 0x20,
    0x02, 0x22, 0x11, 0x11, 0x11, 0x11, 0x32, 0x00, 0x00, 0x23, 0x11, 0x11, 0x11, 0x11, 0x22, 0x22, 0x22, 0x22, 0x11, 0x11, 0x11, 0x11, 0x32, 0x00,
    0x00, 0x23, 0x11, 0x11, 0x11, 0x16, 0x21, 0x32, 0x23, 0x12, 0x61, 0x11, 0x11, 0x11, 0x32, 0x00, 0x00, 0x23, 0x11, 0x11, 0x11, 0x16, 0x21, 0x32,
    0x23, 0x12, 0x61, 0x11, 0x11, 0x11, 0x32, 0x00, 0x00, 0x27, 0x11, 0x11, 0x11, 0x17, 0x21, 0x32, 0x23, 0x12, 0x71, 0x11, 0x11, 0x11, 0x72, 0x00,
    0x00, 0x27, 0x11, 0x11, 0x11, 0x13, 0x21, 0x32, 0x23, 0x12, 0x31, 0x11, 0x11, 0x11, 0x72, 0x00, 0x00, 0x27, 0x11, 0x11, 0x11, 0x16, 0x31, 0x42,
    0x23, 0x13, 0x61, 0x11, 0x11, 0x11, 0x72, 0x00, 0x00, 0x23, 0x11, 0x11, 0x11, 0x11, 0x11, 0x42, 0x24, 0x11, 0x11, 0x11, 0x11, 0x11, 0x32, 0x00,
    0x00, 0x23, 0x11, 0x11, 0x11, 0x11, 0x11, 0x40, 0x04, 0x11, 0x11, 0x11, 0x34, 0x47, 0x32, 0x00, 0x00, 0x24, 0x11, 0x11, 0x11, 0x11, 0x16, 0x20,
    0x02, 0x61, 0x11, 0x12, 0xEF, 0x2B, 0x22, 0x00, 0x00, 0x22, 0x11, 0x11, 0x11, 0x11, 0x14, 0x20, 0x02, 0x41, 0x11, 0x29, 0x55, 0x55, 0x92, 0x00,
    0x00, 0x02, 0x71, 0x11, 0x11, 0x11, 0x32, 0x00, 0x00, 0x23, 0x17, 0xB5, 0x55, 0x55, 0x52, 0x00, 0x00, 0x02, 0x22, 0x22, 0x22, 0x22, 0x20, 0x00,
    0x00, 0x02, 0x22, 0x95, 0xC8, 0x8C, 0x59, 0x20, 0x00, 0x00, 0x00, 0x00, 0x00, 0x00, 0x00, 0x00, 0x00, 0x00, 0x02, 0x95, 0xD8, 0x8D, 0x59, 0x20,
    0x00, 0x00, 0x00, 0x00, 0x00, 0x00, 0x00, 0x00, 0x00, 0x00, 0x00, 0x25, 0x88, 0x82, 0xA2, 0x00, 0x00, 0x00, 0x00, 0x00, 0x00, 0x00, 0x00, 0x00,
    0x00, 0x00, 0x00, 0x22, 0xA5, 0x5A, 0x22, 0x00, 0x00, 0x00, 0x00, 0x00, 0x00, 0x00, 0x00, 0x00, 0x00, 0x00, 0x00, 0x02, 0x22, 0x22, 0x20, 0x00,
    0x00, 0x00, 0x00, 0x00, 0x00, 0x00, 0x00, 0x00, 0x00, 0x00, 0x00, 0x00, 0x00, 0x00, 0x00, 0x00, 0x00, 0x00, 0x00, 0x00, 0x00, 0x00, 0x00, 0x00,
    0x00, 0x00, 0x00, 0x00, 0x00, 0x00, 0x00, 0x00,
  },
  {
    0x00, 0x00, 0x00, 0x00, 0x00, 0x00, 0x00, 0x00, 0x00, 0x00, 0x00, 0x00, 0x00, 0x00, 0x00, 0x00, 0x00, 0x00, 0x00, 0x00, 0x00, 0x00, 0x00, 0x00,
    0x00, 0x00, 0x00, 0x00, 0x00, 0x00, 0x00, 0x00, 0x00, 0x00, 0x00, 0x02, 0x27, 0x72, 0x00, 0x00, 0x2A, 0xAA, 0xAA, 0xA2, 0x20, 0x00, 0x00, 0x00,
    0x00, 0x00, 0x00, 0x00, 0x27, 0xD7, 0x20, 0x02, 0x28, 0x88, 0x88, 0xC2, 0x00, 0x00, 0x00, 0x00, 0x00, 0x00, 0x00, 0x00, 0x02, 0x7D, 0x72, 0x22,
    0x88, 0x88, 0x8A, 0x20, 0x00, 0x00, 0x00, 0x00, 0x00, 0x00, 0x00, 0x00, 0x00, 0x27, 0xD7, 0xC8, 0x88, 0x88, 0xA2, 0x00, 0x00, 0x00, 0x00, 0x00,
    0x00, 0x00, 0x00, 0x00, 0x00, 0x02, 0xDD, 0x22, 0x22, 0x88, 0xF0, 0x00, 0x00, 0x00, 0x00, 0x00, 0x00, 0x00, 0x00, 0x00, 0x00, 0x00, 0x72, 0x77,
    0x22, 0x2A, 0x00, 0x00, 0x00, 0x00, 0x00, 0x00, 0x00, 0x00, 0x00, 0x00, 0x00, 0x00, 0x25, 0x11, 0x11, 0x52, 0x00, 0x00, 0x00, 0x00, 0x00, 0x00,
    0x00, 0x00, 0x00, 0x00, 0x00, 0x00, 0x35, 0x94, 0x49, 0x53, 0x00, 0x00, 0x00, 0x00, 0x00, 0x00, 0x00, 0x00, 0x00, 0x00, 0x00, 0x02, 0x22, 0x24,
    0x42, 0x22, 0x20, 0x00, 0x00, 0x00, 0x00, 0x00, 0x00, 0x00, 0x00, 0x00, 0x02, 0x24, 0x51, 0x11, 0x11, 0x15, 0x42, 0x20, 0x00, 0x00, 0x00, 0x00,
    0x00, 0x00, 0x00, 0x00, 0x22, 0x51, 0x11, 0x19, 0x51, 0x11, 0x15, 0x22, 0x00, 0x00, 0x00, 0x00, 0x00, 0x00, 0x00, 0x02, 0x25, 0x11, 0x11, 0x12,
    0x21, 0x11, 0x11, 0x52, 0x20, 0x00, 0x00, 0x00, 0x00, 0x00, 0x00, 0x02, 0x51, 0x11, 0x11, 0x44, 0x44, 0x11, 0x11, 0x15, 0x20, 0x00, 0x00, 0x00,
    0x00, 0x00, 0x00, 0x27, 0x11, 0x11, 0x11, 0x23, 0x32, 0x11, 0x11, 0x11, 0x22, 0x00, 0x00, 0x00, 0x00, 0x00, 0x00, 0x25, 0x11, 0x11, 0x54, 0x43,
    0x34, 0x45, 0x11, 0x11, 0x52, 0x00, 0x00, 0x00, 0x00, 0x00, 0x00, 0x21, 0x52, 0x47, 0x74, 0x33, 0x33, 0x47, 0x77, 0x25, 0x12, 0x00, 0x00, 0x00,
    0x00, 0x00, 0x02, 0x21, 0x12, 0x91, 0x31, 0x33, 0x33, 0x13, 0x19, 0x21, 0x12, 0x20, 0x00, 0x00, 0x00, 0x00, 0x02, 0x41, 0x11, 0x29, 0x33, 0x33,
    0x33, 0x33, 0x92, 0x11, 0x14, 0x20, 0x00, 0x00, 0x00, 0x00, 0x02, 0x41, 0x11, 0x12, 0x93, 0x33, 0x33, 0x39, 0x21, 0x11, 0x14, 0x20, 0x00, 0x00,
    0x00, 0x00, 0x02, 0x21, 0x11, 0x13, 0x23, 0x33, 0x33, 0x32, 0x31, 0x11, 0x52, 0x22, 0x00, 0x00, 0x00, 0x00, 0x00, 0x21, 0x11, 0x15, 0x43, 0x31,
    0x13, 0x34, 0x51, 0x12, 0xFE, 0xEA, 0x20, 0x00, 0x00, 0x00, 0x00, 0x25, 0x11, 0x15, 0x41, 0x34, 0x43, 0x14, 0x51, 0x22, 0x66, 0x66, 0xC2, 0x00,
    0x00, 0x00, 0x00, 0x22, 0x11, 0x14, 0x99, 0x24, 0x42, 0x99, 0x45, 0xF6, 0x6B, 0xB6, 0x62, 0x00, 0x00, 0x00, 0x00, 0x02, 0x41, 0x12, 0x24, 0x11,
    0x11, 0x42, 0x44, 0xC6, 0xB2, 0xBB, 0x6C, 0x20, 0x00, 0x00, 0x00, 0x00, 0x24, 0x15, 0x51, 0x11, 0x11, 0x15, 0x55, 0xC6, 0x6B, 0xB6, 0x6A, 0x20,
    0x00, 0x00, 0x00, 0x00, 0x02, 0x41, 0x11, 0x11, 0x11, 0x11, 0x14, 0x26, 0x66, 0x66, 0xE2, 0x00, 0x00, 0x00, 0x00, 0x00, 0x00, 0x22, 0x41, 0x11,
    0x11, 0x14, 0x22, 0x22, 0xE6, 0x6E, 0x22, 0x00, 0x00, 0x00, 0x00, 0x00, 0x00, 0x02, 0x22, 0x24, 0x42, 0x22, 0x20, 0x02, 0x22, 0x22, 0x20, 0x00,
    0x00, 0x00, 0x00, 0x00, 0x00, 0x00, 0x00, 0x00, 0x00, 0x00, 0x00, 0x00, 0x00, 0x00, 0x00, 0x00, 0x00, 0x00, 0x00, 0x00, 0x00, 0x00, 0x00, 0x00,
    0x00, 0x00, 0x00, 0x00, 0x00, 0x00, 0x00, 0x00,
  },
  {
    0x00, 0x00, 0x00, 0x00, 0x00, 0x00, 0x00, 0x00, 0x00, 0x00, 0x00, 0x00, 0x00, 0x00, 0x00, 0x00, 0x00, 0x00, 0x00, 0x00, 0x00, 0x00, 0x00, 0x00,
    0x00, 0x00, 0x00, 0x00, 0x00, 0x00, 0x00, 0x00, 0x00, 0x00, 0x00, 0x00, 0x22, 0x20, 0x00, 0x00, 0x00, 0x00, 0x02, 0x22, 0x00, 0x00, 0x00, 0x00,
    0x00, 0x00, 0x00, 0x02, 0x36, 0x32, 0x22, 0x00, 0x00, 0x22, 0x23, 0x43, 0x20, 0x00, 0x00, 0x00, 0x00, 0x00, 0x00, 0x23, 0x11, 0x16, 0x33, 0x22,
    0x22, 0x35, 0x61, 0x44, 0x22, 0x00, 0x00, 0x00, 0x00, 0x00, 0x00, 0x23, 0x11, 0x11, 0x11, 0x16, 0x61, 0x11, 0x11, 0x44, 0x32, 0x00, 0x00, 0x00,
    0x00, 0x00, 0x00, 0x23, 0x11, 0x11, 0x11, 0x11, 0x11, 0x11, 0x11, 0x44, 0x32, 0x00, 0x00, 0x00, 0x00, 0x00, 0x00, 0x22, 0x11, 0x11, 0x11, 0x11,
    0x11, 0x11, 0x11, 0x44, 0x22, 0x00, 0x00, 0x00, 0x00, 0x00, 0x22, 0x25, 0x85, 0x61, 0x11, 0x11, 0x11, 0x11, 0x16, 0x44, 0x52, 0x22, 0x00, 0x00,
    0x00, 0x00, 0x25, 0x11, 0x82, 0x22, 0x33, 0x35, 0x33, 0x32, 0x86, 0x44, 0x44, 0x52, 0x00, 0x00, 0x00, 0x02, 0x31, 0x11, 0x11, 0x65, 0x33, 0x33,
    0x33, 0x38, 0x16, 0x44, 0x44, 0x43, 0x20, 0x00, 0x00, 0x02, 0x51, 0x11, 0x11, 0x11, 0x11, 0x11, 0x11, 0x11, 0x14, 0x44, 0x44, 0x43, 0x20, 0x00,
    0x00, 0x02, 0x31, 0x11, 0x11, 0x11, 0x11, 0x11, 0x11, 0x11, 0x14, 0x44, 0x44, 0x43, 0x20, 0x00, 0x00, 0x00, 0x26, 0x11, 0x11, 0x11, 0x11, 0x11,
    0x11, 0x11, 0x14, 0x44, 0x44, 0x52, 0x00, 0x00, 0x00, 0x00, 0x22, 0x35, 0x88, 0x61, 0x11, 0x11, 0x11, 0x11, 0x55, 0x55, 0x53, 0x22, 0x00, 0x00,
    0x00, 0x00, 0x00, 0x22, 0x22, 0x22, 0x22, 0x22, 0x22, 0x22, 0x22, 0x22, 0x23, 0x50, 0x00, 0x00, 0x00, 0x00, 0x00, 0x00, 0x00, 0x00, 0x00, 0x00,
    0x00, 0x05, 0x61, 0x11, 0x11, 0x32, 0x00, 0x00, 0x00, 0x00, 0x00, 0x00, 0x00, 0x00, 0x00, 0x00, 0x00, 0x02, 0x61, 0x11, 0x11, 0x20, 0x00, 0x00,
    0x00, 0x00, 0x00, 0x00, 0x00, 0x00, 0x00, 0x00, 0x00, 0x02, 0x81, 0x11, 0x11, 0x20, 0x00, 0x00, 0x00, 0x00, 0x00, 0x00, 0x00, 0x00, 0x00, 0x00,
    0x00, 0x02, 0x81, 0x11, 0x11, 0x20, 0x00, 0x00, 0x00, 0x00, 0x00, 0x00, 0x00, 0x00, 0x00, 0x00, 0x00, 0x02, 0x81, 0x11, 0x11, 0x20, 0x00, 0x00,
    0x00, 0x00, 0x00, 0x00, 0x00, 0x00, 0x00, 0x00, 0x00, 0x02, 0x81, 0x11, 0x53, 0x22, 0x00, 0x00, 0x00, 0x00, 0x00, 0x00, 0x00, 0x00, 0x00, 0x00,
    0x00, 0x02, 0x81, 0x12, 0xD2, 0xCE, 0x20, 0x00, 0x00, 0x00, 0x00, 0x00, 0x00, 0x00, 0x00, 0x00, 0x00, 0x02, 0x81, 0x2A, 0x77, 0x77, 0xA2, 0x00,
    0x00, 0x00, 0x00, 0x00, 0x00, 0x00, 0x00, 0x00, 0x00, 0x02, 0x68, 0x27, 0x79, 0xB7, 0x72, 0x00, 0x00, 0x00, 0x00, 0x00, 0x00, 0x00, 0x00, 0x00,
    0x00, 0x02, 0x63, 0xA7, 0x99, 0x99, 0x7A, 0x20, 0x00, 0x00, 0x00, 0x00, 0x00, 0x00, 0x00, 0x00, 0x00, 0x02, 0x63, 0xA7, 0xB9, 0x9B, 0x7D, 0x20,
    0x00, 0x00, 0x00, 0x00, 0x00, 0x00, 0x00, 0x00, 0x00, 0x00, 0x03, 0x27, 0x7B, 0xB7, 0xC2, 0x00, 0x00, 0x00, 0x00, 0x00, 0x00, 0x00, 0x00, 0x00,
    0x00, 0x00, 0x03, 0x22, 0xC7, 0x7C, 0x22, 0x00, 0x00, 0x00, 0x00, 0x00, 0x00, 0x00, 0x00, 0x00, 0x00, 0x00, 0x05, 0x52, 0x22, 0x22, 0x20, 0x00,
    0x00, 0x00, 0x00, 0x00, 0x00, 0x00, 0x00, 0x00, 0x00, 0x00, 0x00, 0x00, 0x00, 0x00, 0x00, 0x00, 0x00, 0x00, 0x00, 0x00, 0x00, 0x00, 0x00, 0x00,
    0x00, 0x00, 0x00, 0x00, 0x00, 0x00, 0x00, 0x00,
  },
  {
    0x00, 0x00, 0x00, 0x00, 0x00, 0x00, 0x00, 0x00, 0x00, 0x00, 0x00, 0x00, 0x00, 0x00, 0x00, 0x00, 0x00, 0x00, 0x00, 0x00, 0x00, 0x00, 0x00, 0x00,
    0x00, 0x00, 0x00, 0x00, 0x00, 0x00, 0x00, 0x00, 0x00, 0x00, 0x00, 0x00, 0x00, 0x00, 0x00, 0x00, 0x00, 0x00, 0x00, 0x00, 0x00, 0x00, 0x00, 0x00,
    0x00, 0x00, 0x00, 0x00, 0x00, 0x00, 0x00, 0x00, 0x00, 0x00, 0x00, 0x00, 0x00, 0x00, 0x00, 0x00, 0x00, 0x00, 0x00, 0x01, 0x11, 0x11, 0x11, 0x11,
    0x11, 0x11, 0x11, 0x11, 0x11, 0x00, 0x00, 0x00, 0x00, 0x00, 0x00, 0x17, 0x22, 0x22, 0x23, 0x11, 0x61, 0x3C, 0x55, 0x55, 0x21, 0x10, 0x00, 0x00,
    0x00, 0x00, 0x11, 0x84, 0x22, 0x2D, 0x13, 0x27, 0x72, 0x31, 0x85, 0x55, 0x52, 0x11, 0x00, 0x00, 0x00, 0x01, 0x18, 0x42, 0x28, 0x66, 0x84, 0x43,
    0x34, 0x42, 0x66, 0x85, 0x55, 0x51, 0x10, 0x00, 0x00, 0x11, 0x82, 0x22, 0x31, 0x72, 0x22, 0x23, 0x32, 0x22, 0x27, 0x13, 0xCC, 0x58, 0x11, 0x00,
    0x00, 0x11, 0x61, 0x11, 0x11, 0x61, 0x11, 0x61, 0x16, 0x11, 0x16, 0x11, 0x16, 0x13, 0x11, 0x00, 0x00, 0x16, 0x22, 0x23, 0x32, 0x22, 0x22, 0x23,
    0x32, 0x22, 0x22, 0x23, 0x35, 0x55, 0x31, 0x00, 0x00, 0x01, 0x34, 0x22, 0x12, 0x22, 0x22, 0x43, 0x34, 0x22, 0x22, 0x21, 0x25, 0x5D, 0x10, 0x00,
    0x00, 0x00, 0x18, 0x22, 0x37, 0x22, 0x22, 0x43, 0x34, 0x22, 0x22, 0x73, 0x55, 0x81, 0x00, 0x00, 0x00, 0x00, 0x01, 0x22, 0x81, 0x22, 0x22, 0x43,
    0x34, 0x22, 0x22, 0x12, 0x5C, 0x10, 0x00, 0x00, 0x00, 0x00, 0x01, 0x12, 0x43, 0x72, 0x22, 0x43, 0x34, 0x22, 0x47, 0x35, 0x51, 0x10, 0x00, 0x00,
    0x00, 0x00, 0x00, 0x13, 0x48, 0x12, 0x22, 0x43, 0x34, 0x22, 0x21, 0x25, 0x31, 0x00, 0x00, 0x00, 0x00, 0x00, 0x00, 0x01, 0x74, 0x67, 0x22, 0x43,
    0x34, 0x22, 0x73, 0x5D, 0x10, 0x00, 0x00, 0x00, 0x00, 0x00, 0x00, 0x00, 0x18, 0x21, 0x22, 0x43, 0x34, 0x22, 0x12, 0x21, 0x00, 0x00, 0x00, 0x00,
    0x00, 0x00, 0x00, 0x00, 0x11, 0x23, 0x72, 0x23, 0x32, 0x27, 0x35, 0x11, 0x00, 0x00, 0x00, 0x00, 0x00, 0x00, 0x00, 0x00, 0x01, 0x68, 0x12, 0x43,
    0x34, 0x21, 0x23, 0x10, 0x00, 0x00, 0x00, 0x00, 0x00, 0x00, 0x00, 0x00, 0x00, 0x13, 0x37, 0x43, 0x34, 0x73, 0xD1, 0x00, 0x00, 0x00, 0x00, 0x00,
    0x00, 0x00, 0x00, 0x00, 0x00, 0x01, 0x36, 0x43, 0x34, 0x6A, 0x10, 0x00, 0x11, 0x11, 0x00, 0x00, 0x00, 0x00, 0x00, 0x00, 0x00, 0x00, 0x11, 0x87,
    0x78, 0x11, 0x00, 0x01, 0xAB, 0xBA, 0x10, 0x00, 0x00, 0x00, 0x00, 0x00, 0x00, 0x00, 0x11, 0x33, 0x33, 0x11, 0x00, 0x1E, 0x99, 0x99, 0xA1, 0x00,
    0x00, 0x00, 0x00, 0x00, 0x00, 0x00, 0x01, 0x16, 0x61, 0x10, 0x01, 0xA9, 0x44, 0x44, 0x91, 0x00, 0x00, 0x00, 0x00, 0x00, 0x00, 0x00, 0x00, 0x11,
    0x11, 0x00, 0x01, 0xA5, 0x24, 0x44, 0x9A, 0x10, 0x00, 0x00, 0x00, 0x00, 0x00, 0x00, 0x00, 0x01, 0x10, 0x00, 0x01, 0xA9, 0x54, 0x45, 0x96, 0x10,
    0x00, 0x00, 0x00, 0x00, 0x00, 0x00, 0x00, 0x00, 0x00, 0x00, 0x00, 0x19, 0x95, 0x59, 0xB1, 0x00, 0x00, 0x00, 0x00, 0x00, 0x00, 0x00, 0x00, 0x00,
    0x00, 0x00, 0x00, 0x11, 0xB9, 0x9B, 0x11, 0x00, 0x00, 0x00, 0x00, 0x00, 0x00, 0x00, 0x00, 0x00, 0x00, 0x00, 0x00, 0x01, 0x11, 0x11, 0x10, 0x00,
    0x00, 0x00, 0x00, 0x00, 0x00, 0x00, 0x00, 0x00, 0x00, 0x00, 0x00, 0x00, 0x00, 0x00, 0x00, 0x00, 0x00, 0x00, 0x00, 0x00, 0x00, 0x00, 0x00, 0x00,
    0x00, 0x00, 0x00, 0x00, 0x00, 0x00, 0x00, 0x00,
  },
  {
    0x00, 0x00, 0x00, 0x00, 0x00, 0x00, 0x00, 0x00, 0x00, 0x00, 0x00, 0x00, 0x00, 0x00, 0x00, 0x00, 0x00, 0x00, 0x00, 0x00, 0x00, 0x00, 0x00, 0x00,
    0x00, 0x00, 0x00, 0x00, 0x00, 0x00, 0x00, 0x00, 0x00, 0x00, 0x00, 0x00, 0x00, 0x00, 0x00, 0x00, 0x00, 0x00, 0x11, 0x00, 0x00, 0x00, 0x00, 0x00,
    0x00, 0x00, 0x00, 0x00, 0x00, 0x00, 0x00, 0x00, 0x00, 0x00, 0x92, 0x00, 0x00, 0x00, 0x00, 0x00, 0x00, 0x00, 0x00, 0x00, 0x00, 0x00, 0x00, 0x00,
    0x00, 0x01, 0xAD, 0x21, 0x00, 0x00, 0x00, 0x00, 0x00, 0x00, 0x00, 0x00, 0x00, 0x00, 0x00, 0x00, 0x00, 0x00, 0x99, 0x00, 0x00, 0x00, 0x00, 0x00,
    0x00, 0x00, 0x00, 0x00, 0x00, 0x00, 0x00, 0x00, 0x00, 0x00, 0x11, 0x00, 0x00, 0x00, 0x00, 0x00, 0x00, 0x00, 0x00, 0x00, 0x00, 0x00, 0x00, 0x00,
    0x00, 0x00, 0x00, 0x01, 0x11, 0x00, 0x00, 0x00, 0x00, 0x00, 0x00, 0x00, 0x00, 0x00, 0x00, 0x00, 0x00, 0x00, 0x00, 0x11, 0x61, 0x10, 0x00, 0x00,
    0x00, 0x00, 0x00, 0x00, 0x00, 0x00, 0x00, 0x00, 0x00, 0x00, 0x01, 0x16, 0x51, 0x00, 0x00, 0x00, 0x00, 0x00, 0x00, 0x00, 0x00, 0x00, 0x00, 0x00,
    0x00, 0x00, 0x11, 0x65, 0x10, 0x00, 0x00, 0x00, 0x00, 0x00, 0x00, 0x00, 0x00, 0x00, 0x00, 0x00, 0x00, 0x01, 0x16, 0x51, 0x00, 0x00, 0x00, 0x00,
    0x00, 0x00, 0x00, 0x00, 0x00, 0x00, 0x00, 0x00, 0x00, 0x11, 0x32, 0x10, 0x01, 0x10, 0x00, 0x00, 0x00, 0x00, 0x00, 0x00, 0x00, 0x00, 0x00, 0x00,
    0x01, 0x12, 0x31, 0x00, 0x2E, 0x91, 0x00, 0x00, 0x00, 0x00, 0x00, 0x00, 0x00, 0x00, 0x00, 0x00, 0x11, 0x23, 0x10, 0x01, 0x1A, 0xA1, 0x10, 0x00,
    0x00, 0x00, 0x00, 0x00, 0x00, 0x00, 0x00, 0x01, 0x12, 0x31, 0x00, 0x00, 0x02, 0x20, 0x00, 0x00, 0x00, 0x00, 0x00, 0x00, 0x00, 0x00, 0x00, 0x11,
    0x23, 0x10, 0x00, 0x00, 0x01, 0x10, 0x00, 0x00, 0x00, 0x00, 0x00, 0x00, 0x00, 0x00, 0x01, 0x12, 0x31, 0x00, 0x00, 0x00, 0x00, 0x00, 0x00, 0x00,
    0x00, 0x00, 0x00, 0x00, 0x00, 0x00, 0x11, 0x23, 0x10, 0x00, 0x00, 0x00, 0x00, 0x00, 0x00, 0x00, 0x00, 0x00, 0x00, 0x00, 0x00, 0x01, 0x12, 0x31,
    0x00, 0x00, 0x00, 0x00, 0x00, 0x00, 0x00, 0x00, 0x00, 0x00, 0x00, 0x00, 0x00, 0x11, 0x23, 0x10, 0x00, 0x00, 0x00, 0x00, 0x00, 0x00, 0x00, 0x00,
    0x00, 0x00, 0x00, 0x00, 0x01, 0x12, 0x31, 0x00, 0x00, 0x00, 0x00, 0x00, 0x22, 0x23, 0x00, 0x00, 0x00, 0x00, 0x00, 0x00, 0x11, 0x23, 0x10, 0x00,
    0x00, 0x00, 0x00, 0x02, 0x56, 0x6B, 0x20, 0x00, 0x00, 0x00, 0x00, 0x01, 0x12, 0x31, 0x00, 0x00, 0x00, 0x00, 0x00, 0x35, 0x44, 0x44, 0x53, 0x00,
    0x00, 0x00, 0x00, 0x11, 0x33, 0x10, 0x00, 0x00, 0x00, 0x00, 0x02, 0xB4, 0x4C, 0x74, 0x42, 0x00, 0x00, 0x00, 0x01, 0x16, 0x21, 0x00, 0x00, 0x00,
    0x00, 0x00, 0x02, 0x54, 0x78, 0x87, 0x45, 0x20, 0x00, 0x00, 0x11, 0x65, 0x10, 0x00, 0x00, 0x00, 0x00, 0x00, 0x02, 0x54, 0x88, 0x8C, 0x45, 0x20,
    0x00, 0x01, 0x36, 0x51, 0x00, 0x00, 0x00, 0x00, 0x00, 0x00, 0x00, 0x24, 0x47, 0x74, 0x63, 0x00, 0x00, 0x01, 0x55, 0x10, 0x00, 0x00, 0x00, 0x00,
    0x00, 0x00, 0x00, 0x22, 0x64, 0x46, 0x22, 0x00, 0x00, 0x00, 0x11, 0x00, 0x00, 0x00, 0x00, 0x00, 0x00, 0x00, 0x00, 0x02, 0x32, 0x22, 0x20, 0x00,
    0x00, 0x00, 0x00, 0x00, 0x00, 0x00, 0x00, 0x00, 0x00, 0x00, 0x00, 0x00, 0x00, 0x00, 0x00, 0x00, 0x00, 0x00, 0x00, 0x00, 0x00, 0x00, 0x00, 0x00,
    0x00, 0x00, 0x00, 0x00, 0x00, 0x00, 0x00, 0x00,
  },
  {
    0x00, 0x00, 0x00, 0x00, 0x00, 0x00, 0x00, 0x00, 0x00, 0x00, 0x00, 0x00, 0x00, 0x00, 0x00, 0x00, 0x00, 0x00, 0x00, 0x00, 0x00, 0x00, 0x00, 0x00,
    0x00, 0x00, 0x00, 0x00, 0x00, 0x00, 0x00, 0x00, 0x00, 0x00, 0x00, 0x00, 0x00, 0x00, 0x00, 0x00, 0x00, 0x00, 0x00, 0x00, 0x00, 0x00, 0x00, 0x00,
    0x00, 0x00, 0x00, 0x00, 0x00, 0x00, 0x00, 0x00, 0x00, 0x00, 0x00, 0x00, 0x00, 0x00, 0x00, 0x00, 0x00, 0x00, 0x00, 0x00, 0x00, 0x00, 0x00, 0x00,
    0x00, 0x00, 0x00, 0x00, 0x00, 0x00, 0x00, 0x00, 0x00, 0x00, 0x00, 0x00, 0x00, 0x00, 0x00, 0x00, 0x00, 0x00, 0x00, 0x00, 0x00, 0x00, 0x00, 0x00,
    0x00, 0x00, 0x02, 0x22, 0x22, 0x20, 0x00, 0x00, 0x00, 0x00, 0x02, 0x22, 0x22, 0x20, 0x00, 0x00, 0x00, 0x00, 0x22, 0x71, 0x16, 0x52, 0x00, 0x00,
    0x00, 0x00, 0x25, 0x61, 0x17, 0x22, 0x00, 0x00, 0x00, 0x02, 0x21, 0x11, 0x11, 0x15, 0x20, 0x00, 0x00, 0x02, 0x51, 0x11, 0x11, 0x12, 0x20, 0x00,
    0x00, 0x02, 0x61, 0x11, 0x11, 0x16, 0x20, 0x00, 0x00, 0x02, 0x61, 0x11, 0x11, 0x16, 0x20, 0x00, 0x00, 0x25, 0x11, 0x11, 0x11, 0x11, 0x20, 0x00,
    0x00, 0x02, 0x11, 0x11, 0x11, 0x11, 0x22, 0x00, 0x00, 0x25, 0x11, 0x11, 0x11, 0x11, 0x20, 0x00, 0x00, 0x02, 0x11, 0x11, 0x11, 0x11, 0x52, 0x00,
    0x00, 0x25, 0x11, 0x11, 0x11, 0x11, 0x20, 0x00, 0x00, 0x02, 0x11, 0x11, 0x11, 0x11, 0x52, 0x00, 0x00, 0x23, 0x11, 0x11, 0x11, 0x11, 0x22, 0x20,
    0x02, 0x22, 0x11, 0x11, 0x11, 0x11, 0x32, 0x00, 0x00, 0x23, 0x11, 0x11, 0x11, 0x11, 0x22, 0x22, 0x22, 0x22, 0x11, 0x11, 0x11, 0x11, 0x32, 0x00,
    0x00, 0x23, 0x11, 0x11, 0x11, 0x16, 0x21, 0x32, 0x23, 0x12, 0x61, 0x11, 0x11, 0x11, 0x32, 0x00, 0x00, 0x23, 0x11, 0x11, 0x11, 0x16, 0x21, 0x32,
    0x23, 0x12, 0x61, 0x11, 0x11, 0x11, 0x32, 0x00, 0x00, 0x27, 0x11, 0x11, 0x11, 0x17, 0x21, 0x32, 0x23, 0x12, 0x71, 0x11, 0x11, 0x11, 0x72, 0x00,
    0x00, 0x27, 0x11, 0x11, 0x11, 0x13, 0x21, 0x32, 0x23, 0x12, 0x31, 0x11, 0x11, 0x11, 0x72, 0x00, 0x00, 0x27, 0x11, 0x11, 0x11, 0x16, 0x31, 0x52,
    0x23, 0x13, 0x61, 0x11, 0x11, 0x11, 0x72, 0x00, 0x00, 0x23, 0x11, 0x11, 0x11, 0x11, 0x11, 0x52, 0x25, 0x11, 0x11, 0x11, 0x11, 0x11, 0x32, 0x00,
    0x00, 0x23, 0x11, 0x11, 0x11, 0x11, 0x11, 0x50, 0x05, 0x11, 0x11, 0x11, 0x35, 0x57, 0x32, 0x00, 0x00, 0x25, 0x11, 0x11, 0x11, 0x11, 0x16, 0x20,
    0x02, 0x61, 0x11, 0x12, 0xED, 0xDA, 0x22, 0x00, 0x00, 0x22, 0x11, 0x11, 0x11, 0x11, 0x15, 0x20, 0x02, 0x51, 0x11, 0x28, 0x44, 0x44, 0x82, 0x00,
    0x00, 0x02, 0x71, 0x11, 0x11, 0x11, 0x32, 0x00, 0x00, 0x23, 0x17, 0xA4, 0x4B, 0xF4, 0x42, 0x00, 0x00, 0x02, 0x22, 0x22, 0x22, 0x22, 0x20, 0x00,
    0x00, 0x02, 0x22, 0x84, 0x9B, 0xB9, 0x48, 0x20, 0x00, 0x00, 0x00, 0x00, 0x00, 0x00, 0x00, 0x00, 0x00, 0x00, 0x02, 0x84, 0x49, 0x94, 0x4A, 0x20,
    0x00, 0x00, 0x00, 0x00, 0x00, 0x00, 0x00, 0x00, 0x00, 0x00, 0x00, 0x24, 0x49, 0x44, 0xC2, 0x00, 0x00, 0x00, 0x00, 0x00, 0x00, 0x00, 0x00, 0x00,
    0x00, 0x00, 0x00, 0x22, 0xC4, 0x4C, 0x22, 0x00, 0x00, 0x00, 0x00, 0x00, 0x00, 0x00, 0x00, 0x00, 0x00, 0x00, 0x00, 0x02, 0x22, 0x22, 0x20, 0x00,
    0x00, 0x00, 0x00, 0x00, 0x00, 0x00, 0x00, 0x00, 0x00, 0x00, 0x00, 0x00, 0x00, 0x00, 0x00, 0x00, 0x00, 0x00, 0x00, 0x00, 0x00, 0x00, 0x00, 0x00,
    0x00, 0x00, 0x00, 0x00, 0x00, 0x00, 0x00, 0x00,
  },
  {
    0x00, 0x00, 0x00, 0x00, 0x00, 0x00, 0x00, 0x00, 0x00, 0x00, 0x00, 0x00, 0x00, 0x00, 0x00, 0x00, 0x00, 0x00, 0x00, 0x00, 0x00, 0x00, 0x00, 0x00,
    0x00, 0x00, 0x00, 0x00, 0x00, 0x00, 0x00, 0x00, 0x00, 0x00, 0x00, 0x00, 0x00, 0x00, 0x00, 0x00, 0x00, 0x00, 0x00, 0x00, 0x00, 0x00, 0x00, 0x00,
    0x00, 0x00, 0x00, 0x00, 0x00, 0x00, 0x00, 0x00, 0x00, 0x00, 0x00, 0x00, 0x00, 0x00, 0x00, 0x00, 0x00, 0x00, 0x00, 0x01, 0x11, 0x11, 0x11, 0x11,
    0x11, 0x11, 0x11, 0x11, 0x11, 0x00, 0x00, 0x00, 0x00, 0x00, 0x00, 0x17, 0x22, 0x22, 0x23, 0x11, 0x61, 0x3D, 0x55, 0x55, 0x21, 0x10, 0x00, 0x00,
    0x00, 0x00, 0x11, 0x84, 0x22, 0x2A, 0x13, 0x27, 0x72, 0x31, 0x85, 0x55, 0x52, 0x11, 0x00, 0x00, 0x00, 0x01, 0x18, 0x42, 0x28, 0x66, 0x84, 0x43,
    0x34, 0x42, 0x66, 0x85, 0x55, 0x51, 0x10, 0x00, 0x00, 0x11, 0x82, 0x22, 0x31, 0x72, 0x22, 0x23, 0x32, 0x22, 0x27, 0x13, 0xDD, 0x58, 0x11, 0x00,
    0x00, 0x11, 0x61, 0x11, 0x11, 0x61, 0x11, 0x61, 0x16, 0x11, 0x16, 0x11, 0x16, 0x13, 0x11, 0x00, 0x00, 0x16, 0x22, 0x23, 0x32, 0x22, 0x22, 0x23,
    0x32, 0x22, 0x22, 0x23, 0x35, 0x55, 0x31, 0x00, 0x00, 0x01, 0x34, 0x22, 0x12, 0x22, 0x22, 0x43, 0x34, 0x22, 0x22, 0x21, 0x25, 0x5A, 0x10, 0x00,
    0x00, 0x00, 0x18, 0x22, 0x37, 0x22, 0x22, 0x43, 0x34, 0x22, 0x22, 0x73, 0x55, 0x81, 0x00, 0x00, 0x00, 0x00, 0x01, 0x22, 0x81, 0x22, 0x22, 0x43,
    0x34, 0x22, 0x22, 0x12, 0x5D, 0x10, 0x00, 0x00, 0x00, 0x00, 0x01, 0x12, 0x43, 0x72, 0x22, 0x43, 0x34, 0x22, 0x47, 0x35, 0x51, 0x10, 0x00, 0x00,
    0x00, 0x00, 0x00, 0x13, 0x48, 0x12, 0x22, 0x43, 0x34, 0x22, 0x21, 0x25, 0x31, 0x00, 0x00, 0x00, 0x00, 0x00, 0x00, 0x01, 0x74, 0x67, 0x22, 0x43,
    0x34, 0x22, 0x73, 0x5A, 0x10, 0x00, 0x00, 0x00, 0x00, 0x00, 0x00, 0x00, 0x18, 0x21, 0x22, 0x43, 0x34, 0x22, 0x12, 0x21, 0x00, 0x00, 0x00, 0x00,
    0x00, 0x00, 0x00, 0x00, 0x11, 0x23, 0x72, 0x23, 0x32, 0x27, 0x35, 0x11, 0x00, 0x00, 0x00, 0x00, 0x00, 0x00, 0x00, 0x00, 0x01, 0x68, 0x12, 0x43,
    0x34, 0x21, 0x23, 0x10, 0x00, 0x00, 0x00, 0x00, 0x00, 0x00, 0x00, 0x00, 0x00, 0x13, 0x37, 0x43, 0x34, 0x73, 0xA1, 0x00, 0x00, 0x00, 0x00, 0x00,
    0x00, 0x00, 0x00, 0x00, 0x00, 0x01, 0x36, 0x43, 0x34, 0x6B, 0x10, 0x00, 0x11, 0x11, 0x00, 0x00, 0x00, 0x00, 0x00, 0x00, 0x00, 0x00, 0x11, 0x87,
    0x78, 0x11, 0x00, 0x01, 0xBC, 0xC6, 0x10, 0x00, 0x00, 0x00, 0x00, 0x00, 0x00, 0x00, 0x11, 0x33, 0x33, 0x11, 0x00, 0x18, 0x9E, 0x99, 0xB1, 0x00,
    0x00, 0x00, 0x00, 0x00, 0x00, 0x00, 0x01, 0x16, 0x61, 0x10, 0x01, 0x39, 0x1E, 0x99, 0x91, 0x00, 0x00, 0x00, 0x00, 0x00, 0x00, 0x00, 0x00, 0x11,
    0x11, 0x00, 0x01, 0xAE, 0xF9, 0x99, 0x9B, 0x10, 0x00, 0x00, 0x00, 0x00, 0x00, 0x00, 0x00, 0x01, 0x10, 0x00, 0x01, 0xB9, 0xF1, 0x91, 0x93, 0x10,
    0x00, 0x00, 0x00, 0x00, 0x00, 0x00, 0x00, 0x00, 0x00, 0x00, 0x00, 0x19, 0xEF, 0x11, 0xC1, 0x00, 0x00, 0x00, 0x00, 0x00, 0x00, 0x00, 0x00, 0x00,
    0x00, 0x00, 0x00, 0x11, 0xC9, 0x9C, 0x11, 0x00, 0x00, 0x00, 0x00, 0x00, 0x00, 0x00, 0x00, 0x00, 0x00, 0x00, 0x00, 0x01, 0x11, 0x11, 0x10, 0x00,
    0x00, 0x00, 0x00, 0x00, 0x00, 0x00, 0x00, 0x00, 0x00, 0x00, 0x00, 0x00, 0x00, 0x00, 0x00, 0x00, 0x00, 0x00, 0x00, 0x00, 0x00, 0x00, 0x00, 0x00,
    0x00, 0x00, 0x00, 0x00, 0x00, 0x00, 0x00, 0x00,
  },
  {
    0x00, 0x00, 0x00, 0x00, 0x00, 0x00, 0x00, 0x00, 0x00, 0x00, 0x00, 0x00, 0x00, 0x00, 0x00, 0x00, 0x00, 0x00, 0x00, 0x00, 0x00, 0x00, 0x00, 0x00,
    0x00, 0x00, 0x00, 0x00, 0x00, 0x00, 0x00, 0x00, 0x00, 0x00, 0x00, 0x00, 0x00, 0x00, 0x00, 0x00, 0x00, 0x00, 0x00, 0x00, 0x00, 0x00, 0x00, 0x00,
    0x00, 0x00, 0x00, 0x00, 0x00, 0x00, 0x00, 0x00, 0x00, 0x00, 0x00, 0x00, 0x00, 0x00, 0x00, 0x00, 0x00, 0x00, 0x00, 0x01, 0x11, 0x11, 0x11, 0x11,
    0x11, 0x11, 0x11, 0x11, 0x11, 0x00, 0x00, 0x00, 0x00, 0x00, 0x00, 0x18, 0x22, 0x22, 0x23, 0x11, 0x61, 0x3D, 0x55, 0x55, 0x21, 0x10, 0x00, 0x00,
    0x00, 0x00, 0x11, 0x94, 0x22, 0x2B, 0x13, 0x28, 0x82, 0x31, 0x95, 0x55, 0x52, 0x11, 0x00, 0x00, 0x00, 0x01, 0x19, 0x42, 0x29, 0x66, 0x94, 0x43,
    0x34, 0x42, 0x66, 0x95, 0x55, 0x51, 0x10, 0x00, 0x00, 0x11, 0x92, 0x22, 0x31, 0x82, 0x22, 0x23, 0x32, 0x22, 0x28, 0x13, 0xDD, 0x59, 0x11, 0x00,
    0x00, 0x11, 0x61, 0x11, 0x11, 0x61, 0x11, 0x61, 0x16, 0x11, 0x16, 0x11, 0x16, 0x13, 0x11, 0x00, 0x00, 0x16, 0x22, 0x23, 0x32, 0x22, 0x22, 0x23,
    0x32, 0x22, 0x22, 0x23, 0x35, 0x55, 0x31, 0x00, 0x00, 0x01, 0x34, 0x22, 0x12, 0x22, 0x22, 0x43, 0x34, 0x22, 0x22, 0x21, 0x25, 0x5B, 0x10, 0x00,
    0x00, 0x00, 0x19, 0x22, 0x38, 0x22, 0x22, 0x43, 0x34, 0x22, 0x22, 0x83, 0x55, 0x91, 0x00, 0x00, 0x00, 0x00, 0x01, 0x22, 0x91, 0x22, 0x22, 0x43,
    0x34, 0x22, 0x22, 0x12, 0x5D, 0x10, 0x00, 0x00, 0x00, 0x00, 0x01, 0x12, 0x43, 0x82, 0x22, 0x43, 0x34, 0x22, 0x48, 0x35, 0x51, 0x10, 0x00, 0x00,
    0x00, 0x00, 0x00, 0x13, 0x49, 0x12, 0x22, 0x43, 0x34, 0x22, 0x21, 0x25, 0x31, 0x00, 0x00, 0x00, 0x00, 0x00, 0x00, 0x01, 0x84, 0x68, 0x22, 0x43,
    0x34, 0x22, 0x83, 0x5B, 0x10, 0x00, 0x00, 0x00, 0x00, 0x00, 0x00, 0x00, 0x19, 0x21, 0x22, 0x43, 0x34, 0x22, 0x12, 0x21, 0x00, 0x00, 0x00, 0x00,
    0x00, 0x00, 0x00, 0x00, 0x11, 0x23, 0x82, 0x23, 0x32, 0x28, 0x35, 0x11, 0x00, 0x00, 0x00, 0x00, 0x00, 0x00, 0x00, 0x00, 0x01, 0x69, 0x12, 0x43,
    0x34, 0x21, 0x23, 0x10, 0x00, 0x00, 0x00, 0x00, 0x00, 0x00, 0x00, 0x00, 0x00, 0x13, 0x38, 0x43, 0x34, 0x83, 0xB1, 0x00, 0x00, 0x00, 0x00, 0x00,
    0x00, 0x00, 0x00, 0x00, 0x00, 0x01, 0x36, 0x43, 0x34, 0x6A, 0x10, 0x00, 0x11, 0x11, 0x00, 0x00, 0x00, 0x00, 0x00, 0x00, 0x00, 0x00, 0x11, 0x98,
    0x89, 0x11, 0x00, 0x01, 0xAC, 0xC6, 0x10, 0x00, 0x00, 0x00, 0x00, 0x00, 0x00, 0x00, 0x11, 0x33, 0x33, 0x11, 0x00, 0x1B, 0x77, 0x77, 0xA1, 0x00,
    0x00, 0x00, 0x00, 0x00, 0x00, 0x00, 0x01, 0x16, 0x61, 0x10, 0x01, 0x67, 0x7E, 0xE7, 0x71, 0x00, 0x00, 0x00, 0x00, 0x00, 0x00, 0x00, 0x00, 0x11,
    0x11, 0x00, 0x01, 0xA7, 0xEF, 0xFE, 0x7A, 0x10, 0x00, 0x00, 0x00, 0x00, 0x00, 0x00, 0x00, 0x01, 0x10, 0x00, 0x01, 0xA7, 0x7F, 0xF7, 0x76, 0x10,
    0x00, 0x00, 0x00, 0x00, 0x00, 0x00, 0x00, 0x00, 0x00, 0x00, 0x00, 0x17, 0x77, 0x77, 0xC1, 0x00, 0x00, 0x00, 0x00, 0x00, 0x00, 0x00, 0x00, 0x00,
    0x00, 0x00, 0x00, 0x11, 0xC7, 0x7C, 0x11, 0x00, 0x00, 0x00, 0x00, 0x00, 0x00, 0x00, 0x00, 0x00, 0x00, 0x00, 0x00, 0x01, 0x11, 0x11, 0x10, 0x00,
    0x00, 0x00, 0x00, 0x00, 0x00, 0x00, 0x00, 0x00, 0x00, 0x00, 0x00, 0x00, 0x00, 0x00, 0x00, 0x00, 0x00, 0x00, 0x00, 0x00, 0x00, 0x00, 0x00, 0x00,
    0x00, 0x00, 0x00, 0x00, 0x00, 0x00, 0x00, 0x00,
  },
  {
    0x00, 0x00, 0x00, 0x00, 0x00, 0x00, 0x00, 0x00, 0x00, 0x00, 0x00, 0x00, 0x00, 0x00, 0x00, 0x00, 0x00, 0x00, 0x00, 0x00, 0x00, 0x00, 0x00, 0x00,
    0x00, 0x00, 0x00, 0x00, 0x00, 0x00, 0x00, 0x00, 0x00, 0x00, 0x00, 0x00, 0x00, 0x00, 0x00, 0x00, 0x00, 0x00, 0x00, 0x00, 0x00, 0x00, 0x00, 0x00,
    0x00, 0x00, 0x00, 0x00, 0x00, 0x00, 0x00, 0x00, 0x00, 0x00, 0x00, 0x00, 0x00, 0x00, 0x00, 0x00, 0x00, 0x00, 0x00, 0x01, 0x11, 0x11, 0x11, 0x11,
    0x11, 0x11, 0x11, 0x11, 0x11, 0x00, 0x00, 0x00, 0x00, 0x00, 0x00, 0x17, 0x22, 0x22, 0x23, 0x11, 0x61, 0x3D, 0x55, 0x55, 0x21, 0x10, 0x00, 0x00,
    0x00, 0x00, 0x11, 0x84, 0x22, 0x2B, 0x13, 0x27, 0x72, 0x31, 0x85, 0x55, 0x52, 0x11, 0x00, 0x00, 0x00, 0x01, 0x18, 0x42, 0x28, 0x66, 0x84, 0x43,
    0x34, 0x42, 0x66, 0x85, 0x55, 0x51, 0x10, 0x00, 0x00, 0x11, 0x82, 0x22, 0x31, 0x72, 0x22, 0x23, 0x32, 0x22, 0x27, 0x13, 0xDD, 0x58, 0x11, 0x00,
    0x00, 0x11, 0x61, 0x11, 0x11, 0x61, 0x11, 0x61, 0x16, 0x11, 0x16, 0x11, 0x16, 0x13, 0x11, 0x00, 0x00, 0x16, 0x22, 0x23, 0x32, 0x22, 0x22, 0x23,
    0x32, 0x22, 0x22, 0x23, 0x35, 0x55, 0x31, 0x00, 0x00, 0x01, 0x34, 0x22, 0x12, 0x22, 0x22, 0x43, 0x34, 0x22, 0x22, 0x21, 0x25, 0x5B, 0x10, 0x00,
    0x00, 0x00, 0x18, 0x22, 0x37, 0x22, 0x22, 0x43, 0x34, 0x22, 0x22, 0x73, 0x55, 0x81, 0x00, 0x00, 0x00, 0x00, 0x01, 0x22, 0x81, 0x22, 0x22, 0x43,
    0x34, 0x22, 0x22, 0x12, 0x5D, 0x10, 0x00, 0x00, 0x00, 0x00, 0x01, 0x12, 0x43, 0x72, 0x22, 0x43, 0x34, 0x22, 0x47, 0x35, 0x51, 0x10, 0x00, 0x00,
    0x00, 0x00, 0x00, 0x13, 0x48, 0x12, 0x22, 0x43, 0x34, 0x22, 0x21, 0x25, 0x31, 0x00, 0x00, 0x00, 0x00, 0x00, 0x00, 0x01, 0x74, 0x67, 0x22, 0x43,
    0x34, 0x22, 0x73, 0x5B, 0x10, 0x00, 0x00, 0x00, 0x00, 0x00, 0x00, 0x00, 0x18, 0x21, 0x22, 0x43, 0x34, 0x22, 0x12, 0x21, 0x00, 0x00, 0x00, 0x00,
    0x00, 0x00, 0x00, 0x00, 0x11, 0x23, 0x72, 0x23, 0x32, 0x27, 0x35, 0x11, 0x00, 0x00, 0x00, 0x00, 0x00, 0x00, 0x00, 0x00, 0x01, 0x68, 0x12, 0x43,
    0x34, 0x21, 0x23, 0x10, 0x00, 0x00, 0x00, 0x00, 0x00, 0x00, 0x00, 0x00, 0x00, 0x13, 0x37, 0x43, 0x34, 0x73, 0xB1, 0x00, 0x00, 0x00, 0x00, 0x00,
    0x00, 0x00, 0x00, 0x00, 0x00, 0x01, 0x36, 0x43, 0x34, 0x6A, 0x10, 0x00, 0x11, 0x11, 0x00, 0x00, 0x00, 0x00, 0x00, 0x00, 0x00, 0x00, 0x11, 0x87,
    0x78, 0x11, 0x00, 0x01, 0xAC, 0xC6, 0x10, 0x00, 0x00, 0x00, 0x00, 0x00, 0x00, 0x00, 0x11, 0x33, 0x33, 0x11, 0x00, 0x1B, 0x99, 0x99, 0xA1, 0x00,
    0x00, 0x00, 0x00, 0x00, 0x00, 0x00, 0x01, 0x16, 0x61, 0x10, 0x01, 0x69, 0x95, 0x59, 0x91, 0x00, 0x00, 0x00, 0x00, 0x00, 0x00, 0x00, 0x00, 0x11,
    0x11, 0x00, 0x01, 0xA9, 0x44, 0x44, 0x9A, 0x10, 0x00, 0x00, 0x00, 0x00, 0x00, 0x00, 0x00, 0x01, 0x10, 0x00, 0x01, 0xA5, 0xE4, 0x4E, 0x9A, 0x10,
    0x00, 0x00, 0x00, 0x00, 0x00, 0x00, 0x00, 0x00, 0x00, 0x00, 0x00, 0x15, 0x54, 0x45, 0xC1, 0x00, 0x00, 0x00, 0x00, 0x00, 0x00, 0x00, 0x00, 0x00,
    0x00, 0x00, 0x00, 0x11, 0xC9, 0x9C, 0x11, 0x00, 0x00, 0x00, 0x00, 0x00, 0x00, 0x00, 0x00, 0x00, 0x00, 0x00, 0x00, 0x01, 0x11, 0x11, 0x10, 0x00,
    0x00, 0x00, 0x00, 0x00, 0x00, 0x00, 0x00, 0x00, 0x00, 0x00, 0x00, 0x00, 0x00, 0x00, 0x00, 0x00, 0x00, 0x00, 0x00, 0x00, 0x00, 0x00, 0x00, 0x00,
    0x00, 0x00, 0x00, 0x00, 0x00, 0x00, 0x00, 0x00,
  },
  {
    0x00, 0x00, 0x00, 0x00, 0x00, 0x00, 0x00, 0x00, 0x00, 0x00, 0x00, 0x00, 0x00, 0x00, 0x00, 0x00, 0x00, 0x00, 0x00, 0x00, 0x00, 0x00, 0x00, 0x00,
    0x00, 0x00, 0x00, 0x00, 0x00, 0x00, 0x00, 0x00, 0x00, 0x00, 0x00, 0x02, 0x29, 0x22, 0x22, 0x22, 0x22, 0x22, 0x22, 0x32, 0x00, 0x00, 0x00, 0x00,
    0x00, 0x00, 0x00, 0x02, 0x45, 0x82, 0x8A, 0x33, 0x3A, 0xAA, 0x24, 0x5A, 0x20, 0x00, 0x00, 0x00, 0x00, 0x00, 0x00, 0x23, 0x45, 0x13, 0x87, 0x77,
    0x77, 0x73, 0xA4, 0x41, 0x20, 0x00, 0x00, 0x00, 0x00, 0x00, 0x00, 0x23, 0x15, 0x48, 0x27, 0x77, 0x77, 0xA2, 0x15, 0x41, 0x20, 0x00, 0x00, 0x00,
    0x00, 0x00, 0x00, 0x23, 0x14, 0x41, 0x33, 0x77, 0x77, 0x28, 0x15, 0x11, 0x20, 0x00, 0x00, 0x00, 0x00, 0x00, 0x00, 0x23, 0x14, 0x41, 0x12, 0x17,
    0x73, 0x31, 0x45, 0x11, 0x20, 0x00, 0x00, 0x00, 0x00, 0x00, 0x00, 0x23, 0x14, 0x41, 0x18, 0x37, 0x12, 0x11, 0x44, 0x11, 0x20, 0x00, 0x00, 0x00,
    0x00, 0x00, 0x00, 0x23, 0x14, 0x51, 0x11, 0x28, 0x38, 0x11, 0x44, 0x11, 0x20, 0x00, 0x00, 0x00, 0x00, 0x00, 0x00, 0x23, 0x11, 0x51, 0x11, 0x93,
    0x31, 0x11, 0x54, 0x11, 0x20, 0x00, 0x00, 0x00, 0x00, 0x00, 0x00, 0x23, 0x11, 0x54, 0x11, 0x33, 0x31, 0x11, 0x54, 0x11, 0x20, 0x00, 0x00, 0x00,
    0x00, 0x00, 0x00, 0x23, 0x11, 0x44, 0x11, 0x33, 0x31, 0x11, 0x51, 0x11, 0x20, 0x00, 0x00, 0x00, 0x00, 0x00, 0x00, 0x23, 0x11, 0x44, 0x11, 0x33,
    0x31, 0x14, 0x51, 0x11, 0x20, 0x00, 0x00, 0x00, 0x00, 0x00, 0x00, 0x23, 0x11, 0x44, 0x11, 0x33, 0x31, 0x14, 0x41, 0x11, 0x20, 0x00, 0x00, 0x00,
    0x00, 0x00, 0x00, 0x23, 0x11, 0x45, 0x11, 0x33, 0x31, 0x14, 0x41, 0x11, 0x20, 0x00, 0x00, 0x00, 0x00, 0x00, 0x00, 0x23, 0x11, 0x15, 0x11, 0x93,
    0x31, 0x15, 0x41, 0x11, 0x20, 0x00, 0x00, 0x00, 0x00, 0x00, 0x00, 0x23, 0x11, 0x15, 0x41, 0x93, 0x31, 0x15, 0x11, 0x11, 0x20, 0x00, 0x00, 0x00,
    0x00, 0x00, 0x00, 0x23, 0x11, 0x14, 0x41, 0x93, 0x31, 0x45, 0x11, 0x11, 0x20, 0x00, 0x00, 0x00, 0x00, 0x00, 0x00, 0x23, 0x11, 0x14, 0x41, 0x93,
    0x31, 0x44, 0x11, 0x11, 0x20, 0x00, 0x00, 0x00, 0x00, 0x00, 0x00, 0x23, 0x41, 0x14, 0x51, 0x93, 0x31, 0x44, 0x11, 0x11, 0x20, 0x00, 0x00, 0x00,
    0x00, 0x00, 0x00, 0x29, 0x55, 0x55, 0x55, 0x83, 0x34, 0x55, 0x55, 0x54, 0x22, 0x22, 0x00, 0x00, 0x00, 0x00, 0x00, 0x23, 0x41, 0x11, 0x14, 0x93,
    0x31, 0x11, 0x11, 0x12, 0xCD, 0xDE, 0x20, 0x00, 0x00, 0x00, 0x00, 0x23, 0x11, 0x11, 0x11, 0x33, 0x31, 0x11, 0x11, 0x2F, 0x66, 0x66, 0xC2, 0x00,
    0x00, 0x00, 0x00, 0x23, 0x11, 0x11, 0x11, 0x33, 0x31, 0x11, 0x18, 0xE6, 0x62, 0xB6, 0x62, 0x00, 0x00, 0x00, 0x00, 0x29, 0x54, 0x44, 0x45, 0x83,
    0x34, 0x44, 0x59, 0xC6, 0xBB, 0xBB, 0x6C, 0x20, 0x00, 0x00, 0x00, 0x29, 0x44, 0x44, 0x44, 0x83, 0x34, 0x44, 0x48, 0xC6, 0x6B, 0xB6, 0x6E, 0x20,
    0x00, 0x00, 0x00, 0x03, 0x11, 0x11, 0x11, 0x33, 0x31, 0x11, 0x11, 0x26, 0x66, 0x66, 0xD2, 0x00, 0x00, 0x00, 0x00, 0x02, 0x91, 0x11, 0x11, 0x28,
    0x33, 0x11, 0x11, 0x32, 0xD6, 0x6D, 0x22, 0x00, 0x00, 0x00, 0x00, 0x00, 0x22, 0x33, 0x32, 0x22, 0x22, 0x23, 0x33, 0x22, 0x22, 0x22, 0x20, 0x00,
    0x00, 0x00, 0x00, 0x00, 0x00, 0x00, 0x00, 0x00, 0x00, 0x00, 0x00, 0x00, 0x00, 0x00, 0x00, 0x00, 0x00, 0x00, 0x00, 0x00, 0x00, 0x00, 0x00, 0x00,
    0x00, 0x00, 0x00, 0x00, 0x00, 0x00, 0x00, 0x00,
  },
  {
    0x00, 0x00, 0x00, 0x00, 0x00, 0x00, 0x00, 0x00, 0x00, 0x00, 0x00, 0x00, 0x00, 0x00, 0x00, 0x00, 0x00, 0x00, 0x00, 0x00, 0x00, 0x00, 0x00, 0x00,
    0x00, 0x00, 0x00, 0x00, 0x00, 0x00, 0x00, 0x00, 0x00, 0x00, 0x00, 0x00, 0x00, 0x00, 0x11, 0x11, 0x11, 0x11, 0x00, 0x00, 0x00, 0x00, 0x00, 0x00,
    0x00, 0x00, 0x00, 0x00, 0x01, 0x11, 0x55, 0x44, 0x44, 0x55, 0x11, 0x10, 0x00, 0x00, 0x00, 0x00, 0x00, 0x00, 0x00, 0x01, 0x15, 0x46, 0x44, 0x55,
    0x5C, 0x44, 0x64, 0x51, 0x10, 0x00, 0x00, 0x00, 0x00, 0x00, 0x00, 0x15, 0x64, 0x51, 0x11, 0x77, 0x77, 0x11, 0x15, 0x16, 0x51, 0x00, 0x00, 0x00,
    0x00, 0x00, 0x01, 0x56, 0x51, 0x7D, 0x33, 0x38, 0x22, 0x22, 0x97, 0x15, 0x65, 0x10, 0x00, 0x00, 0x00, 0x00, 0x01, 0x65, 0x18, 0x33, 0x33, 0x33,
    0x22, 0x22, 0x22, 0x91, 0x56, 0x10, 0x00, 0x00, 0x00, 0x00, 0x15, 0x41, 0x83, 0x33, 0x33, 0x33, 0x82, 0x22, 0x22, 0x29, 0x16, 0x10, 0x00, 0x00,
    0x00, 0x00, 0x01, 0x41, 0x33, 0x33, 0x33, 0x33, 0x22, 0x22, 0x22, 0x29, 0x14, 0x10, 0x00, 0x00, 0x00, 0x00, 0x01, 0x41, 0x83, 0x33, 0x33, 0x38,
    0x22, 0x22, 0x22, 0x29, 0x14, 0x10, 0x00, 0x00, 0x00, 0x00, 0x01, 0x41, 0x93, 0x33, 0x33, 0x38, 0x22, 0x22, 0x22, 0x27, 0x54, 0x10, 0x00, 0x00,
    0x00, 0x00, 0x01, 0x45, 0x93, 0x33, 0x33, 0x33, 0x82, 0x22, 0x22, 0x27, 0x55, 0x10, 0x00, 0x00, 0x00, 0x00, 0x01, 0x55, 0x73, 0x33, 0x33, 0x33,
    0x82, 0x22, 0x22, 0x21, 0xC5, 0x10, 0x00, 0x00, 0x00, 0x00, 0x01, 0x14, 0x13, 0x33, 0x33, 0x38, 0x22, 0x22, 0x22, 0x21, 0x41, 0x00, 0x00, 0x00,
    0x00, 0x00, 0x00, 0x14, 0x18, 0x33, 0x33, 0x38, 0x22, 0x22, 0x22, 0x91, 0x41, 0x00, 0x00, 0x00, 0x00, 0x00, 0x00, 0x14, 0xE9, 0x33, 0x33, 0x33,
    0x22, 0x22, 0x22, 0x75, 0x51, 0x00, 0x00, 0x00, 0x00, 0x00, 0x00, 0x15, 0xC1, 0x33, 0x33, 0x33, 0x82, 0x22, 0x22, 0x14, 0x11, 0x00, 0x00, 0x00,
    0x00, 0x00, 0x00, 0x01, 0x41, 0xD3, 0x33, 0x33, 0x22, 0x22, 0x29, 0x14, 0x10, 0x00, 0x00, 0x00, 0x00, 0x00, 0x00, 0x01, 0x15, 0x73, 0x33, 0x38,
    0x22, 0x22, 0x21, 0x45, 0x10, 0x00, 0x00, 0x00, 0x00, 0x00, 0x00, 0x01, 0x14, 0x1D, 0x33, 0x33, 0x22, 0x22, 0x91, 0x41, 0x00, 0x00, 0x00, 0x00,
    0x00, 0x00, 0x00, 0x00, 0x14, 0x51, 0x33, 0x33, 0x82, 0x22, 0x14, 0x51, 0x11, 0x11, 0x00, 0x00, 0x00, 0x00, 0x00, 0x00, 0x11, 0x61, 0x73, 0x33,
    0x22, 0x27, 0x54, 0x11, 0x54, 0x4F, 0x10, 0x00, 0x00, 0x00, 0x00, 0x00, 0x01, 0x54, 0x19, 0x38, 0x22, 0x71, 0x65, 0x11, 0x66, 0x66, 0x51, 0x00,
    0x00, 0x00, 0x00, 0x00, 0x00, 0x14, 0x41, 0x98, 0x27, 0x14, 0x11, 0xF6, 0x6A, 0xB6, 0x61, 0x00, 0x00, 0x00, 0x00, 0x00, 0x00, 0x11, 0x64, 0x17,
    0x71, 0x44, 0x11, 0x56, 0xAA, 0xAA, 0x65, 0x10, 0x00, 0x00, 0x00, 0x00, 0x00, 0x01, 0x16, 0x41, 0x56, 0x41, 0x11, 0x56, 0xBA, 0xB1, 0x6E, 0x10,
    0x00, 0x00, 0x00, 0x00, 0x00, 0x00, 0x11, 0x46, 0x64, 0x11, 0x00, 0x16, 0x6B, 0xB6, 0x41, 0x00, 0x00, 0x00, 0x00, 0x00, 0x00, 0x00, 0x01, 0x14,
    0x51, 0x10, 0x00, 0x11, 0x46, 0x64, 0x11, 0x00, 0x00, 0x00, 0x00, 0x00, 0x00, 0x00, 0x00, 0x11, 0x10, 0x00, 0x00, 0x01, 0x11, 0x11, 0x10, 0x00,
    0x00, 0x00, 0x00, 0x00, 0x00, 0x00, 0x00, 0x00, 0x00, 0x00, 0x00, 0x00, 0x00, 0x00, 0x00, 0x00, 0x00, 0x00, 0x00, 0x00, 0x00, 0x00, 0x00, 0x00,
    0x00, 0x00, 0x00, 0x00, 0x00, 0x00, 0x00, 0x00,
  },
  {
    0x00, 0x00, 0x00, 0x00, 0x00, 0x00, 0x00, 0x00, 0x00, 0x00, 0x00, 0x00, 0x00, 0x00, 0x00, 0x00, 0x00, 0x00, 0x00, 0x00, 0x00, 0x00, 0x00, 0x00,
    0x00, 0x00, 0x00, 0x00, 0x00, 0x00, 0x00, 0x00, 0x00, 0x00, 0x00, 0x00, 0x22, 0x20, 0x00, 0x00, 0x00, 0x00, 0x02, 0x22, 0x00, 0x00, 0x00, 0x00,
    0x00, 0x00, 0x00, 0x02, 0x36, 0x32, 0x22, 0x00, 0x00, 0x22, 0x23, 0x43, 0x20, 0x00, 0x00, 0x00, 0x00, 0x00, 0x00, 0x23, 0x11, 0x16, 0x33, 0x22,
    0x22, 0x35, 0x61, 0x44, 0x22, 0x00, 0x00, 0x00, 0x00, 0x00, 0x00, 0x23, 0x11, 0x11, 0x11, 0x16, 0x61, 0x11, 0x11, 0x44, 0x32, 0x00, 0x00, 0x00,
    0x00, 0x00, 0x00, 0x23, 0x11, 0x11, 0x11, 0x11, 0x11, 0x11, 0x11, 0x44, 0x32, 0x00, 0x00, 0x00, 0x00, 0x00, 0x00, 0x22, 0x11, 0x11, 0x11, 0x11,
    0x11, 0x11, 0x11, 0x44, 0x22, 0x00, 0x00, 0x00, 0x00, 0x00, 0x22, 0x25, 0x75, 0x61, 0x11, 0x11, 0x11, 0x11, 0x16, 0x44, 0x52, 0x22, 0x00, 0x00,
    0x00, 0x00, 0x25, 0x11, 0x72, 0x22, 0x33, 0x35, 0x33, 0x32, 0x76, 0x44, 0x44, 0x52, 0x00, 0x00, 0x00, 0x02, 0x31, 0x11, 0x11, 0x65, 0x33, 0x33,
    0x33, 0x37, 0x16, 0x44, 0x44, 0x43, 0x20, 0x00, 0x00, 0x02, 0x51, 0x11, 0x11, 0x11, 0x11, 0x11, 0x11, 0x11, 0x14, 0x44, 0x44, 0x43, 0x20, 0x00,
    0x00, 0x02, 0x31, 0x11, 0x11, 0x11, 0x11, 0x11, 0x11, 0x11, 0x14, 0x44, 0x44, 0x43, 0x20, 0x00, 0x00, 0x00, 0x26, 0x11, 0x11, 0x11, 0x11, 0x11,
    0x11, 0x11, 0x14, 0x44, 0x44, 0x52, 0x00, 0x00, 0x00, 0x00, 0x22, 0x35, 0x77, 0x61, 0x11, 0x11, 0x11, 0x11, 0x55, 0x55, 0x53, 0x22, 0x00, 0x00,
    0x00, 0x00, 0x00, 0x22, 0x22, 0x22, 0x22, 0x22, 0x22, 0x22, 0x22, 0x22, 0x23, 0x50, 0x00, 0x00, 0x00, 0x00, 0x00, 0x00, 0x00, 0x00, 0x00, 0x00,
    0x00, 0x05, 0x61, 0x11, 0x11, 0x32, 0x00, 0x00, 0x00, 0x00, 0x00, 0x00, 0x00, 0x00, 0x00, 0x00, 0x00, 0x02, 0x61, 0x11, 0x11, 0x20, 0x00, 0x00,
    0x00, 0x00, 0x00, 0x00, 0x00, 0x00, 0x00, 0x00, 0x00, 0x02, 0x71, 0x11, 0x11, 0x20, 0x00, 0x00, 0x00, 0x00, 0x00, 0x00, 0x00, 0x00, 0x00, 0x00,
    0x00, 0x02, 0x71, 0x11, 0x11, 0x20, 0x00, 0x00, 0x00, 0x00, 0x00, 0x00, 0x00, 0x00, 0x00, 0x00, 0x00, 0x02, 0x71, 0x11, 0x11, 0x20, 0x00, 0x00,
    0x00, 0x00, 0x00, 0x00, 0x00, 0x00, 0x00, 0x00, 0x00, 0x02, 0x71, 0x11, 0x53, 0x22, 0x00, 0x00, 0x00, 0x00, 0x00, 0x00, 0x00, 0x00, 0x00, 0x00,
    0x00, 0x02, 0x71, 0x12, 0xE2, 0xAE, 0x20, 0x00, 0x00, 0x00, 0x00, 0x00, 0x00, 0x00, 0x00, 0x00, 0x00, 0x02, 0x71, 0x22, 0xC8, 0x88, 0xB2, 0x00,
    0x00, 0x00, 0x00, 0x00, 0x00, 0x00, 0x00, 0x00, 0x00, 0x02, 0x67, 0xFC, 0x92, 0x11, 0xC2, 0x00, 0x00, 0x00, 0x00, 0x00, 0x00, 0x00, 0x00, 0x00,
    0x00, 0x02, 0x63, 0xBD, 0x91, 0x19, 0x8B, 0x20, 0x00, 0x00, 0x00, 0x00, 0x00, 0x00, 0x00, 0x00, 0x00, 0x02, 0x63, 0xB8, 0x29, 0x9D, 0x8F, 0x20,
    0x00, 0x00, 0x00, 0x00, 0x00, 0x00, 0x00, 0x00, 0x00, 0x00, 0x03, 0x28, 0x82, 0xD8, 0xA2, 0x00, 0x00, 0x00, 0x00, 0x00, 0x00, 0x00, 0x00, 0x00,
    0x00, 0x00, 0x03, 0x22, 0xA8, 0x8A, 0x22, 0x00, 0x00, 0x00, 0x00, 0x00, 0x00, 0x00, 0x00, 0x00, 0x00, 0x00, 0x05, 0x52, 0x22, 0x22, 0x20, 0x00,
    0x00, 0x00, 0x00, 0x00, 0x00, 0x00, 0x00, 0x00, 0x00, 0x00, 0x00, 0x00, 0x00, 0x00, 0x00, 0x00, 0x00, 0x00, 0x00, 0x00, 0x00, 0x00, 0x00, 0x00,
    0x00, 0x00, 0x00, 0x00, 0x00, 0x00, 0x00, 0x00,
  },
  {
    0x00, 0x00, 0x00, 0x00, 0x00, 0x00, 0x00, 0x00, 0x00, 0x00, 0x00, 0x00, 0x00, 0x00, 0x00, 0x00, 0x00, 0x00, 0x00, 0x00, 0x00, 0x00, 0x00, 0x00,
    0x00, 0x00, 0x00, 0x00, 0x00, 0x00, 0x00, 0x00, 0x00, 0x00, 0x00, 0x02, 0x22, 0x22, 0x00, 0x00, 0x00, 0x00, 0x22, 0x22, 0x20, 0x00, 0x00, 0x00,
    0x00, 0x00, 0x02, 0x24, 0x66, 0x66, 0x42, 0x00, 0x00, 0x24, 0x66, 0x66, 0x42, 0x20, 0x00, 0x00, 0x00, 0x00, 0x24, 0x71, 0x33, 0x33, 0x76, 0x20,
    0x02, 0x67, 0x33, 0x33, 0x17, 0x42, 0x00, 0x00, 0x00, 0x02, 0x47, 0x31, 0x55, 0x55, 0x33, 0x62, 0x26, 0x33, 0x55, 0x55, 0x13, 0x74, 0x20, 0x00,
    0x00, 0x02, 0x73, 0x51, 0x11, 0x11, 0x51, 0x34, 0x43, 0x15, 0x11, 0x11, 0x15, 0x37, 0x20, 0x00, 0x00, 0x24, 0x31, 0x11, 0x11, 0x11, 0x11, 0x35,
    0x53, 0x11, 0x11, 0x11, 0x11, 0x13, 0x42, 0x00, 0x00, 0x26, 0x35, 0x11, 0x11, 0x11, 0x11, 0x13, 0x31, 0x11, 0x11, 0x11, 0x11, 0x53, 0x62, 0x00,
    0x00, 0x27, 0x35, 0x11, 0x11, 0x11, 0x11, 0x11, 0x11, 0x11, 0x11, 0x11, 0x11, 0x53, 0x72, 0x00, 0x00, 0x27, 0x35, 0x11, 0x11, 0x11, 0x11, 0x11,
    0x11, 0x11, 0x11, 0x11, 0x11, 0x53, 0x72, 0x00, 0x00, 0x26, 0x35, 0x11, 0x11, 0x11, 0x11, 0x11, 0x11, 0x11, 0x11, 0x11, 0x11, 0x53, 0x62, 0x00,
    0x00, 0x24, 0x11, 0x11, 0x11, 0x11, 0x11, 0x11, 0x11, 0x11, 0x11, 0x11, 0x11, 0x11, 0x42, 0x00, 0x00, 0x02, 0x73, 0x51, 0x11, 0x11, 0x11, 0x11,
    0x11, 0x11, 0x11, 0x11, 0x15, 0x37, 0x20, 0x00, 0x00, 0x02, 0x47, 0x35, 0x11, 0x11, 0x11, 0x11, 0x11, 0x11, 0x11, 0x11, 0x53, 0x74, 0x20, 0x00,
    0x00, 0x00, 0x24, 0x51, 0x11, 0x11, 0x11, 0x11, 0x11, 0x11, 0x11, 0x11, 0x15, 0x42, 0x00, 0x00, 0x00, 0x00, 0x02, 0x63, 0x11, 0x11, 0x11, 0x11,
    0x11, 0x11, 0x11, 0x11, 0x36, 0x20, 0x00, 0x00, 0x00, 0x00, 0x00, 0x26, 0x35, 0x11, 0x11, 0x11, 0x11, 0x11, 0x11, 0x53, 0x62, 0x00, 0x00, 0x00,
    0x00, 0x00, 0x00, 0x02, 0x73, 0x51, 0x11, 0x11, 0x11, 0x11, 0x15, 0x37, 0x20, 0x00, 0x00, 0x00, 0x00, 0x00, 0x00, 0x02, 0x47, 0x35, 0x11, 0x11,
    0x11, 0x11, 0x53, 0x74, 0x20, 0x00, 0x00, 0x00, 0x00, 0x00, 0x00, 0x00, 0x24, 0x53, 0x11, 0x11, 0x11, 0x11, 0x35, 0x42, 0x00, 0x00, 0x00, 0x00,
    0x00, 0x00, 0x00, 0x00, 0x02, 0x63, 0x11, 0x11, 0x11, 0x11, 0x36, 0x20, 0x44, 0x44, 0x00, 0x00, 0x00, 0x00, 0x00, 0x00, 0x00, 0x26, 0x35, 0x11,
    0x11, 0x53, 0x62, 0x04, 0xAB, 0xBD, 0x40, 0x00, 0x00, 0x00, 0x00, 0x00, 0x00, 0x02, 0x73, 0x51, 0x15, 0x37, 0x20, 0x4A, 0x88, 0x88, 0xA4, 0x00,
    0x00, 0x00, 0x00, 0x00, 0x00, 0x02, 0x27, 0x35, 0x53, 0x72, 0x24, 0xD8, 0x89, 0x98, 0x84, 0x00, 0x00, 0x00, 0x00, 0x00, 0x00, 0x00, 0x24, 0x51,
    0x15, 0x42, 0x04, 0xA8, 0xC9, 0x9C, 0x8A, 0x40, 0x00, 0x00, 0x00, 0x00, 0x00, 0x00, 0x02, 0x63, 0x36, 0x20, 0x04, 0xA8, 0x99, 0x99, 0x8E, 0x40,
    0x00, 0x00, 0x00, 0x00, 0x00, 0x00, 0x00, 0x26, 0x62, 0x00, 0x00, 0x48, 0x89, 0xC8, 0xB4, 0x00, 0x00, 0x00, 0x00, 0x00, 0x00, 0x00, 0x00, 0x02,
    0x20, 0x00, 0x00, 0x44, 0xB8, 0x8B, 0x44, 0x00, 0x00, 0x00, 0x00, 0x00, 0x00, 0x00, 0x00, 0x02, 0x20, 0x00, 0x00, 0x04, 0x44, 0x44, 0x40, 0x00,
    0x00, 0x00, 0x00, 0x00, 0x00, 0x00, 0x00, 0x00, 0x00, 0x00, 0x00, 0x00, 0x00, 0x00, 0x00, 0x00, 0x00, 0x00, 0x00, 0x00, 0x00, 0x00, 0x00, 0x00,
    0x00, 0x00, 0x00, 0x00, 0x00, 0x00, 0x00, 0x00,
  },
  {
    0x00, 0x00, 0x00, 0x00, 0x00, 0x00, 0x00, 0x00, 0x00, 0x00, 0x00, 0x00, 0x00, 0x00, 0x00, 0x00, 0x00, 0x00, 0x00, 0x00, 0x00, 0x00, 0x00, 0x00,
    0x00, 0x00, 0x00, 0x00, 0x00, 0x00, 0x00, 0x00, 0x00, 0x00, 0x00, 0x11, 0x11, 0x11, 0x11, 0x11, 0x11, 0x11, 0x11, 0x11, 0x11, 0x00, 0x00, 0x00,
    0x00, 0x00, 0x00, 0x18, 0x55, 0x55, 0x55, 0x55, 0x55, 0x57, 0x77, 0x77, 0x31, 0x00, 0x00, 0x00, 0x00, 0x00, 0x11, 0x18, 0x22, 0x22, 0x22, 0x22,
    0x22, 0x22, 0x22, 0x22, 0x91, 0x11, 0x00, 0x00, 0x00, 0x01, 0x11, 0x13, 0x22, 0x22, 0x22, 0x22, 0x22, 0x24, 0x44, 0x44, 0x31, 0x11, 0x10, 0x00,
    0x00, 0x11, 0x00, 0x01, 0x22, 0x22, 0x22, 0x25, 0x52, 0x24, 0x44, 0x45, 0x10, 0x00, 0x11, 0x00, 0x00, 0x10, 0x00, 0x01, 0x52, 0x22, 0x25, 0x33,
    0x33, 0x52, 0x44, 0x47, 0x10, 0x00, 0x11, 0x00, 0x00, 0x11, 0x00, 0x01, 0x82, 0x22, 0x23, 0x74, 0x48, 0x34, 0x44, 0x49, 0x10, 0x00, 0x11, 0x00,
    0x00, 0x11, 0x00, 0x01, 0x82, 0x22, 0x53, 0x24, 0x44, 0x35, 0x44, 0x43, 0x10, 0x00, 0x11, 0x00, 0x00, 0x01, 0x11, 0x01, 0x32, 0x22, 0x53, 0x44,
    0x44, 0x35, 0x44, 0x43, 0x00, 0x01, 0x10, 0x00, 0x00, 0x00, 0x11, 0x10, 0x12, 0x22, 0x23, 0x84, 0x48, 0x34, 0x44, 0x71, 0x01, 0x11, 0x00, 0x00,
    0x00, 0x00, 0x00, 0x11, 0x15, 0x22, 0x25, 0x33, 0x33, 0x22, 0x44, 0x71, 0x11, 0x00, 0x00, 0x00, 0x00, 0x00, 0x00, 0x01, 0x18, 0x22, 0x22, 0x25,
    0x52, 0x24, 0x44, 0x91, 0x10, 0x00, 0x00, 0x00, 0x00, 0x00, 0x00, 0x00, 0x13, 0x22, 0x22, 0x22, 0x22, 0x24, 0x44, 0x31, 0x00, 0x00, 0x00, 0x00,
    0x00, 0x00, 0x00, 0x00, 0x01, 0x52, 0x22, 0x22, 0x22, 0x24, 0x27, 0x10, 0x00, 0x00, 0x00, 0x00, 0x00, 0x00, 0x00, 0x00, 0x01, 0x32, 0x22, 0x22,
    0x22, 0x44, 0x43, 0x10, 0x00, 0x00, 0x00, 0x00, 0x00, 0x00, 0x00, 0x00, 0x00, 0x18, 0x22, 0x22, 0x22, 0x24, 0x91, 0x00, 0x00, 0x00, 0x00, 0x00,
    0x00, 0x00, 0x00, 0x00, 0x00, 0x01, 0x35, 0x22, 0x22, 0x73, 0x10, 0x00, 0x00, 0x00, 0x00, 0x00, 0x00, 0x00, 0x00, 0x00, 0x00, 0x00, 0x11, 0x33,
    0x33, 0x11, 0x00, 0x00, 0x00, 0x00, 0x00, 0x00, 0x00, 0x00, 0x00, 0x00, 0x00, 0x00, 0x00, 0x01, 0x10, 0x00, 0x00, 0x00, 0x00, 0x00, 0x00, 0x00,
    0x00, 0x00, 0x00, 0x00, 0x00, 0x00, 0x00, 0x01, 0x10, 0x00, 0x00, 0x00, 0x33, 0x33, 0x00, 0x00, 0x00, 0x00, 0x00, 0x00, 0x00, 0x00, 0x00, 0x01,
    0x10, 0x00, 0x00, 0x03, 0xAC, 0xCD, 0x30, 0x00, 0x00, 0x00, 0x00, 0x00, 0x00, 0x01, 0x11, 0x11, 0x11, 0x11, 0x10, 0x3A, 0x66, 0x66, 0xA3, 0x00,
    0x00, 0x00, 0x00, 0x00, 0x00, 0x13, 0x33, 0x33, 0x33, 0x33, 0x11, 0xD6, 0x6B, 0xE6, 0x63, 0x00, 0x00, 0x00, 0x00, 0x00, 0x00, 0x15, 0x22, 0x22,
    0x22, 0x44, 0x91, 0xA6, 0xBB, 0xBE, 0x6A, 0x30, 0x00, 0x00, 0x00, 0x00, 0x00, 0x15, 0x22, 0x22, 0x24, 0x44, 0x91, 0xA6, 0x6B, 0xB6, 0x6D, 0x30,
    0x00, 0x00, 0x00, 0x00, 0x00, 0x15, 0x22, 0x22, 0x22, 0x42, 0x91, 0x36, 0x6E, 0x66, 0xC3, 0x00, 0x00, 0x00, 0x00, 0x00, 0x00, 0x18, 0x55, 0x55,
    0x57, 0x75, 0x31, 0x33, 0xC6, 0x6C, 0x33, 0x00, 0x00, 0x00, 0x00, 0x00, 0x00, 0x11, 0x11, 0x11, 0x11, 0x11, 0x11, 0x03, 0x33, 0x33, 0x30, 0x00,
    0x00, 0x00, 0x00, 0x00, 0x00, 0x00, 0x00, 0x00, 0x00, 0x00, 0x00, 0x00, 0x00, 0x00, 0x00, 0x00, 0x00, 0x00, 0x00, 0x00, 0x00, 0x00, 0x00, 0x00,
    0x00, 0x00, 0x00, 0x00, 0x00, 0x00, 0x00, 0x00,
  },
  {
    0x00, 0x00, 0x00, 0x00, 0x00, 0x00, 0x00, 0x00, 0x00, 0x00, 0x00, 0x00, 0x00, 0x00, 0x00, 0x00, 0x00, 0x00, 0x00, 0x00, 0x00, 0x00, 0x00, 0x00,
    0x00, 0x00, 0x00, 0x00, 0x00, 0x00, 0x00, 0x00, 0x00, 0x00, 0x00, 0x00, 0x00, 0x00, 0x00, 0x11, 0x10, 0x00, 0x00, 0x00, 0x00, 0x00, 0x00, 0x00,
    0x00, 0x00, 0x00, 0x01, 0x11, 0x11, 0x01, 0x18, 0x11, 0x00, 0x00, 0x00, 0x00, 0x00, 0x00, 0x00, 0x00, 0x00, 0x00, 0x01, 0x17, 0x81, 0x11, 0x73,
    0x71, 0x10, 0x00, 0x00, 0x00, 0x00, 0x00, 0x00, 0x00, 0x00, 0x00, 0x01, 0x13, 0xF1, 0x17, 0x33, 0x37, 0x11, 0x00, 0x00, 0x00, 0x00, 0x00, 0x00,
    0x00, 0x00, 0x00, 0x01, 0x83, 0x81, 0x73, 0x33, 0x33, 0x51, 0x10, 0x00, 0x00, 0x00, 0x00, 0x00, 0x00, 0x00, 0x00, 0x01, 0x18, 0x17, 0x33, 0x33,
    0x33, 0x3F, 0x11, 0x00, 0x00, 0x00, 0x00, 0x00, 0x00, 0x00, 0x00, 0x01, 0x11, 0x73, 0x33, 0x33, 0x33, 0x33, 0x31, 0x10, 0x00, 0x00, 0x00, 0x00,
    0x00, 0x00, 0x00, 0x01, 0x17, 0x33, 0x33, 0x33, 0x33, 0x33, 0x33, 0x81, 0x10, 0x00, 0x00, 0x00, 0x00, 0x00, 0x00, 0x11, 0x73, 0x33, 0x33, 0x33,
    0x33, 0x33, 0x33, 0x38, 0x11, 0x00, 0x00, 0x00, 0x00, 0x00, 0x01, 0x17, 0x33, 0x33, 0x33, 0x33, 0x33, 0x33, 0x33, 0x33, 0x81, 0x10, 0x00, 0x00,
    0x00, 0x00, 0x11, 0x73, 0x33, 0x33, 0x33, 0x33, 0x33, 0x33, 0x33, 0x33, 0x37, 0x11, 0x00, 0x00, 0x00, 0x00, 0x11, 0x11, 0x11, 0x11, 0x11, 0x11,
    0x11, 0x11, 0x11, 0x11, 0x11, 0x11, 0x00, 0x00, 0x00, 0x00, 0x16, 0x44, 0x44, 0x44, 0x44, 0x44, 0x44, 0x44, 0x44, 0x44, 0x44, 0x61, 0x00, 0x00,
    0x00, 0x00, 0x14, 0x22, 0x22, 0x22, 0x22, 0x22, 0x22, 0x22, 0x22, 0x22, 0x22, 0x41, 0x00, 0x00, 0x00, 0x00, 0x14, 0x22, 0x22, 0x22, 0x22, 0x22,
    0x22, 0x22, 0x22, 0x22, 0x22, 0x41, 0x00, 0x00, 0x00, 0x00, 0x14, 0x22, 0x22, 0x22, 0x22, 0x22, 0x22, 0x22, 0x22, 0x22, 0x22, 0x41, 0x00, 0x00,
    0x00, 0x00, 0x14, 0x22, 0x66, 0x66, 0x66, 0x62, 0x22, 0x66, 0x66, 0x66, 0x42, 0x41, 0x00, 0x00, 0x00, 0x00, 0x14, 0x22, 0x11, 0x11, 0x11, 0x14,
    0x22, 0x11, 0xCC, 0xC1, 0x62, 0x41, 0x00, 0x00, 0x00, 0x00, 0x14, 0x22, 0x19, 0x1A, 0xAA, 0x14, 0x22, 0x1D, 0xBB, 0xB1, 0x62, 0x41, 0x00, 0x00,
    0x00, 0x00, 0x14, 0x22, 0x19, 0xE5, 0x55, 0x14, 0x22, 0x1D, 0xBB, 0xB1, 0x62, 0x41, 0x00, 0x00, 0x00, 0x00, 0x14, 0x22, 0x19, 0xA5, 0x55, 0x14,
    0x22, 0x1D, 0xB1, 0xB1, 0x62, 0x41, 0x00, 0x00, 0x00, 0x00, 0x14, 0x22, 0x19, 0xA5, 0x55, 0x14, 0x22, 0x11, 0x11, 0x11, 0x62, 0x41, 0x00, 0x00,
    0x00, 0x00, 0x14, 0x22, 0x19, 0xA5, 0x55, 0x14, 0x22, 0x24, 0x44, 0x44, 0x22, 0x41, 0x00, 0x00, 0x00, 0x00, 0x14, 0x22, 0x19, 0xA5, 0x55, 0x14,
    0x22, 0x22, 0x22, 0x22, 0x22, 0x41, 0x00, 0x00, 0x00, 0x00, 0x14, 0x22, 0x19, 0xE5, 0x55, 0x14, 0x22, 0x22, 0x22, 0x22, 0x22, 0x41, 0x00, 0x00,
    0x00, 0x00, 0x14, 0x22, 0x19, 0xA5, 0xE5, 0x14, 0x22, 0x22, 0x22, 0x22, 0x22, 0x41, 0x00, 0x00, 0x00, 0x00, 0x16, 0x22, 0x18, 0x55, 0x55, 0x14,
    0x22, 0x22, 0x22, 0x22, 0x22, 0x61, 0x00, 0x00, 0x00, 0x00, 0x11, 0x11, 0x11, 0x11, 0x11, 0x11, 0x11, 0x11, 0x11, 0x11, 0x11, 0x11, 0x00, 0x00,
    0x00, 0x00, 0x00, 0x00, 0x00, 0x00, 0x00, 0x00, 0x00, 0x00, 0x00, 0x00, 0x00, 0x00, 0x00, 0x00, 0x00, 0x00, 0x00, 0x00, 0x00, 0x00, 0x00, 0x00,
    0x00, 0x00, 0x00, 0x00, 0x00, 0x00, 0x00, 0x00,
  },
  {
    0x00, 0x00, 0x00, 0x00, 0x00, 0x00, 0x00, 0x00, 0x00, 0x00, 0x00, 0x00, 0x00, 0x00, 0x00, 0x00, 0x00, 0x00, 0x00, 0x00, 0x00, 0x00, 0x00, 0x00,
    0x00, 0x00, 0x00, 0x00, 0x00, 0x00, 0x00, 0x00, 0x00, 0x00, 0x00, 0x00, 0x00, 0x02, 0x29, 0xAA, 0x22, 0x20, 0x00, 0x00, 0x00, 0x00, 0x00, 0x00,
    0x00, 0x00, 0x00, 0x00, 0x02, 0x98, 0x73, 0x41, 0x76, 0xD2, 0x20, 0x00, 0x00, 0x00, 0x00, 0x00, 0x00, 0x00, 0x00, 0x00, 0x2D, 0x3B, 0x41, 0x11,
    0x44, 0x47, 0x92, 0x00, 0x00, 0x00, 0x00, 0x00, 0x00, 0x00, 0x00, 0x02, 0x8B, 0x43, 0x31, 0x11, 0x13, 0x34, 0x79, 0x20, 0x00, 0x00, 0x00, 0x00,
    0x00, 0x00, 0x00, 0x2A, 0x41, 0x31, 0x11, 0x11, 0x11, 0x13, 0x47, 0x22, 0x22, 0x00, 0x00, 0x00, 0x00, 0x00, 0x00, 0x26, 0x43, 0x11, 0x11, 0x11,
    0x11, 0x11, 0x11, 0x77, 0x78, 0x92, 0x00, 0x00, 0x00, 0x00, 0x00, 0x93, 0x11, 0x11, 0x11, 0x11, 0x11, 0x11, 0x11, 0x44, 0x4B, 0x3A, 0x20, 0x00,
    0x00, 0x00, 0x00, 0xA4, 0x11, 0x11, 0x11, 0x11, 0x11, 0x11, 0x11, 0x33, 0x33, 0x41, 0x90, 0x00, 0x00, 0x00, 0x02, 0xA4, 0x11, 0x11, 0x11, 0x11,
    0x11, 0x11, 0x11, 0x11, 0x11, 0x3B, 0x82, 0x00, 0x00, 0x00, 0x28, 0x71, 0x11, 0x11, 0x11, 0x11, 0x11, 0x11, 0x11, 0x11, 0x11, 0x3B, 0x82, 0x00,
    0x00, 0x02, 0x6B, 0x41, 0x11, 0x11, 0x11, 0x11, 0x17, 0x31, 0x31, 0x11, 0x13, 0x41, 0x90, 0x00, 0x00, 0x28, 0xB3, 0x31, 0x11, 0x11, 0x11, 0x31,
    0xE5, 0x63, 0x11, 0x11, 0x14, 0x3A, 0x20, 0x00, 0x00, 0x26, 0x43, 0x11, 0x11, 0x11, 0x11, 0x11, 0xC5, 0x56, 0x67, 0x33, 0x78, 0x92, 0x00, 0x00,
    0x00, 0x28, 0xB3, 0x11, 0x11, 0x13, 0x31, 0x16, 0x55, 0x55, 0x55, 0x5C, 0x62, 0x20, 0x00, 0x00, 0x00, 0x09, 0xE4, 0x33, 0x33, 0x14, 0x43, 0x65,
    0x55, 0x55, 0x55, 0x5C, 0x82, 0x00, 0x00, 0x00, 0x00, 0x02, 0x97, 0x44, 0x4B, 0x47, 0x6C, 0x65, 0x55, 0x55, 0x56, 0xC6, 0x92, 0x00, 0x00, 0x00,
    0x00, 0x00, 0x22, 0xA8, 0x88, 0xA2, 0x2D, 0x65, 0xCC, 0xCC, 0x66, 0xD2, 0x20, 0x00, 0x00, 0x00, 0x00, 0x00, 0x00, 0x22, 0x22, 0x20, 0x02, 0x2A,
    0xDD, 0xDD, 0xA2, 0x20, 0x00, 0x00, 0x00, 0x00, 0x00, 0x00, 0x00, 0x00, 0x00, 0x02, 0x20, 0x00, 0x22, 0x22, 0x20, 0x00, 0x00, 0x00, 0x00, 0x00,
    0x00, 0x00, 0x00, 0x00, 0x00, 0x00, 0x22, 0x00, 0x02, 0x00, 0x00, 0x00, 0x00, 0x00, 0x00, 0x00, 0x00, 0x00, 0x00, 0x00, 0x00, 0x00, 0x02, 0x20,
    0x22, 0x00, 0x00, 0x00, 0x00, 0x00, 0x00, 0x00, 0x00, 0x00, 0x00, 0x00, 0x00, 0x00, 0x00, 0x22, 0x20, 0x00, 0x00, 0x00, 0x00, 0x00, 0x00, 0x00,
    0x00, 0x00, 0x00, 0x00, 0x00, 0x00, 0x00, 0x02, 0x00, 0x00, 0x00, 0x00, 0x00, 0x00, 0x00, 0x00, 0x00, 0x00, 0x00, 0x00, 0x00, 0x00, 0x00, 0x02,
    0x00, 0x00, 0x00, 0x00, 0x00, 0x00, 0x00, 0x00, 0x00, 0x00, 0x00, 0x00, 0x00, 0x00, 0x00, 0x02, 0x00, 0x00, 0x00, 0x00, 0x00, 0x00, 0x00, 0x00,
    0x00, 0x00, 0x00, 0x00, 0x00, 0x00, 0x00, 0x02, 0x00, 0x00, 0x00, 0x00, 0x00, 0x00, 0x00, 0x00, 0x00, 0x00, 0x00, 0x00, 0x00, 0x00, 0x00, 0x02,
    0x00, 0x00, 0x00, 0x00, 0x00, 0x00, 0x00, 0x00, 0x00, 0x00, 0x00, 0x00, 0x00, 0x00, 0x00, 0x02, 0x00, 0x00, 0x00, 0x00, 0x00, 0x00, 0x00, 0x00,
    0x00, 0x00, 0x00, 0x00, 0x00, 0x00, 0x00, 0x00, 0x00, 0x00, 0x00, 0x00, 0x00, 0x00, 0x00, 0x00, 0x00, 0x00, 0x00, 0x00, 0x00, 0x00, 0x00, 0x00,
    0x00, 0x00, 0x00, 0x00, 0x00, 0x00, 0x00, 0x00,
  },
  {
    0x00, 0x00, 0x00, 0x00, 0x00, 0x00, 0x00, 0x00, 0x00, 0x00, 0x00, 0x00, 0x00, 0x00, 0x00, 0x00, 0x00, 0x00, 0x00, 0x00, 0x00, 0x00, 0x00, 0x00,
    0x00, 0x00, 0x00, 0x00, 0x00, 0x00, 0x00, 0x00, 0x00, 0x00, 0x00, 0x00, 0x00, 0x00, 0x00, 0x00, 0x11, 0x11, 0x11, 0x11, 0x10, 0x00, 0x00, 0x00,
    0x00, 0x00, 0x00, 0x00, 0x00, 0x00, 0x00, 0x01, 0xBC, 0xD7, 0x1C, 0x3D, 0x91, 0x00, 0x00, 0x00, 0x00, 0x00, 0x00, 0x00, 0x00, 0x00, 0x00, 0x17,
    0x22, 0x22, 0x22, 0x22, 0x27, 0x10, 0x00, 0x00, 0x00, 0x00, 0x00, 0x00, 0x00, 0x00, 0x01, 0x12, 0x23, 0x32, 0xC3, 0x23, 0x33, 0x11, 0x00, 0x00,
    0x00, 0x00, 0x00, 0x00, 0x00, 0x00, 0x01, 0x72, 0x33, 0x22, 0x61, 0x37, 0x32, 0x71, 0x00, 0x00, 0x00, 0x00, 0x00, 0x00, 0x00, 0x00, 0x01, 0x13,
    0x22, 0x33, 0x21, 0x32, 0x23, 0x11, 0x00, 0x00, 0x00, 0x00, 0x00, 0x00, 0x00, 0x00, 0x01, 0x93, 0x23, 0x15, 0x11, 0xC3, 0x33, 0x61, 0x00, 0x00,
    0x00, 0x00, 0x00, 0x00, 0x00, 0x00, 0x1B, 0x23, 0x27, 0x5A, 0x81, 0x37, 0x32, 0x26, 0x10, 0x00, 0x00, 0x01, 0x10, 0x00, 0x00, 0x00, 0x16, 0x23,
    0x26, 0x1A, 0x88, 0x13, 0x23, 0x23, 0x10, 0x00, 0x00, 0x01, 0x51, 0x11, 0x00, 0x00, 0x16, 0x23, 0x23, 0x91, 0xAA, 0x56, 0x23, 0x21, 0x10, 0x00,
    0x00, 0x01, 0x44, 0x8E, 0x10, 0x00, 0x1B, 0x23, 0x33, 0x29, 0x15, 0x13, 0x23, 0x27, 0x10, 0x00, 0x00, 0x01, 0x44, 0x44, 0x51, 0x00, 0x01, 0x62,
    0x22, 0x23, 0x69, 0x32, 0x22, 0x31, 0x00, 0x00, 0x00, 0x01, 0x84, 0x44, 0xA5, 0x10, 0x01, 0x17, 0x63, 0x23, 0x22, 0x23, 0x67, 0x11, 0x00, 0x00,
    0x00, 0x01, 0x54, 0x44, 0x44, 0x10, 0x00, 0x01, 0x19, 0x22, 0x33, 0x2C, 0x11, 0x00, 0x00, 0x00, 0x00, 0x01, 0x14, 0x44, 0x44, 0x51, 0x00, 0x00,
    0x01, 0x63, 0x22, 0x31, 0x10, 0x00, 0x00, 0x00, 0x00, 0x00, 0x15, 0x44, 0x44, 0x51, 0x00, 0x00, 0x00, 0x11, 0xBB, 0x11, 0x00, 0x00, 0x00, 0x00,
    0x00, 0x00, 0x01, 0x18, 0x4A, 0x81, 0x00, 0x11, 0x00, 0x00, 0x11, 0x00, 0x00, 0x00, 0x00, 0x00, 0x00, 0x00, 0x00, 0x11, 0xE5, 0x51, 0x00, 0x11,
    0x00, 0x00, 0x00, 0x00, 0x00, 0x00, 0x00, 0x00, 0x00, 0x00, 0x00, 0x00, 0x11, 0x11, 0x01, 0x10, 0x00, 0x00, 0x00, 0x00, 0x00, 0x00, 0x00, 0x00,
    0x00, 0x00, 0x00, 0x00, 0x00, 0x00, 0x01, 0x00, 0x00, 0x00, 0x00, 0x00, 0x00, 0x00, 0x00, 0x00, 0x00, 0x00, 0x00, 0x00, 0x00, 0x00, 0x11, 0x00,
    0x00, 0x00, 0x00, 0x00, 0x00, 0x00, 0x00, 0x00, 0x00, 0x00, 0x00, 0x00, 0x00, 0x00, 0x11, 0x00, 0x00, 0x00, 0x00, 0x00, 0x00, 0x00, 0x00, 0x00,
    0x00, 0x00, 0x00, 0x00, 0x00, 0x00, 0x10, 0x00, 0x00, 0x00, 0x00, 0x00, 0x00, 0x00, 0x00, 0x00, 0x00, 0x00, 0x00, 0x00, 0x00, 0x00, 0x10, 0x00,
    0x00, 0x00, 0x00, 0x00, 0x00, 0x00, 0x00, 0x00, 0x00, 0x00, 0x00, 0x00, 0x00, 0x00, 0x10, 0x00, 0x00, 0x00, 0x00, 0x00, 0x00, 0x00, 0x00, 0x00,
    0x00, 0x00, 0x00, 0x00, 0x00, 0x00, 0x10, 0x00, 0x00, 0x00, 0x00, 0x00, 0x00, 0x00, 0x00, 0x00, 0x00, 0x00, 0x00, 0x00, 0x00, 0x00, 0x10, 0x00,
    0x00, 0x00, 0x00, 0x00, 0x00, 0x00, 0x00, 0x00, 0x00, 0x00, 0x00, 0x00, 0x00, 0x00, 0x10, 0x00, 0x00, 0x00, 0x00, 0x00, 0x00, 0x00, 0x00, 0x00,
    0x00, 0x00, 0x00, 0x00, 0x00, 0x00, 0x00, 0x00, 0x00, 0x00, 0x00, 0x00, 0x00, 0x00, 0x00, 0x00, 0x00, 0x00, 0x00, 0x00, 0x00, 0x00, 0x00, 0x00,
    0x00, 0x00, 0x00, 0x00, 0x00, 0x00, 0x00, 0x00,
  },
  {
    0x00, 0x00, 0x00, 0x00, 0x00, 0x00, 0x00, 0x00, 0x00, 0x00, 0x00, 0x00, 0x00, 0x00, 0x00, 0x00, 0x00, 0x00, 0x00, 0x00, 0x00, 0x00, 0x00, 0x00,
    0x00, 0x00, 0x00, 0x00, 0x00, 0x00, 0x00, 0x00, 0x00, 0x00, 0x00, 0x00, 0x00, 0x00, 0x00, 0x00, 0x00, 0x00, 0x00, 0x00, 0x00, 0x00, 0x00, 0x00,
    0x00, 0x00, 0x00, 0x00, 0x00, 0x00, 0x60, 0x00, 0x00, 0x06, 0x00, 0x00, 0x00, 0x00, 0x00, 0x00, 0x00, 0x00, 0x00, 0x00, 0x00, 0x67, 0x59, 0x60,
    0x07, 0xA5, 0x70, 0x00, 0x00, 0x00, 0x00, 0x00, 0x00, 0x00, 0x00, 0x00, 0x00, 0x72, 0x22, 0x46, 0x75, 0x44, 0x87, 0x00, 0x00, 0x00, 0x00, 0x00,
    0x00, 0x00, 0x00, 0x00, 0x00, 0x44, 0x11, 0x86, 0x95, 0x11, 0x4A, 0x00, 0x00, 0x00, 0x00, 0x00, 0x00, 0x00, 0x00, 0x00, 0x00, 0x53, 0x11, 0x52,
    0x24, 0x11, 0x45, 0x00, 0x00, 0x00, 0x00, 0x00, 0x00, 0x00, 0x00, 0x00, 0x00, 0x52, 0x11, 0x56, 0x24, 0x11, 0x45, 0x00, 0x00, 0x00, 0x00, 0x00,
    0x00, 0x00, 0x00, 0x00, 0x00, 0x53, 0x11, 0x56, 0x94, 0x11, 0x45, 0x00, 0x00, 0x00, 0x00, 0x00, 0x00, 0x00, 0x06, 0x66, 0x00, 0x53, 0x11, 0x27,
    0xA5, 0x11, 0x45, 0x00, 0xC7, 0x70, 0x00, 0x00, 0x00, 0x00, 0x75, 0x8B, 0x60, 0x53, 0x11, 0x61, 0x16, 0x11, 0x45, 0x07, 0x52, 0x87, 0x00, 0x00,
    0x00, 0x06, 0x53, 0x14, 0xB0, 0x53, 0x33, 0x11, 0x11, 0x33, 0x45, 0x05, 0x41, 0x45, 0xC0, 0x00, 0x00, 0x06, 0x41, 0x13, 0x50, 0x53, 0x32, 0x22,
    0x22, 0x21, 0x45, 0x08, 0x31, 0x18, 0x70, 0x00, 0x00, 0x06, 0x41, 0x13, 0x50, 0x53, 0x14, 0x41, 0x32, 0x31, 0x45, 0x15, 0x31, 0x18, 0x70, 0x00,
    0x00, 0x06, 0x41, 0x13, 0x61, 0x11, 0x11, 0x21, 0x32, 0x11, 0x11, 0x13, 0x41, 0x18, 0x70, 0x00, 0x00, 0x06, 0x41, 0x14, 0x24, 0x33, 0x11, 0x23,
    0x44, 0x11, 0x33, 0x22, 0x41, 0x18, 0x70, 0x00, 0x00, 0x06, 0x41, 0x11, 0x12, 0x24, 0x24, 0x22, 0x22, 0x22, 0x22, 0x41, 0x11, 0x18, 0x70, 0x00,
    0x00, 0x06, 0x41, 0x11, 0x11, 0x44, 0x11, 0x13, 0x33, 0x33, 0x23, 0x11, 0x11, 0x18, 0x70, 0x00, 0x00, 0x06, 0x41, 0x11, 0x11, 0x14, 0x41, 0x11,
    0x33, 0x32, 0x41, 0x11, 0x11, 0x18, 0x70, 0x00, 0x00, 0x06, 0x41, 0x11, 0x11, 0x11, 0x23, 0x11, 0x33, 0x42, 0x11, 0x11, 0x11, 0x18, 0x70, 0x00,
    0x00, 0x06, 0xB1, 0x11, 0x11, 0x11, 0x34, 0x11, 0x33, 0x23, 0x11, 0x11, 0x11, 0x15, 0x00, 0x00, 0x00, 0x22, 0x41, 0x11, 0x11, 0x11, 0x12, 0x11,
    0x33, 0x21, 0x11, 0x11, 0x11, 0x12, 0x22, 0x00, 0x00, 0x23, 0x42, 0x43, 0x11, 0x11, 0x14, 0x31, 0x34, 0x41, 0x11, 0x11, 0x34, 0x24, 0x42, 0x00,
    0x00, 0x23, 0x11, 0x34, 0x22, 0x44, 0x32, 0x43, 0x44, 0x23, 0x44, 0x22, 0x24, 0x33, 0x32, 0x00, 0x00, 0x23, 0x11, 0x11, 0x13, 0x34, 0x44, 0x44,
    0x22, 0x22, 0x44, 0x33, 0x33, 0x33, 0x32, 0x00, 0x00, 0x23, 0x11, 0x11, 0x11, 0x11, 0x11, 0x11, 0x33, 0x33, 0x33, 0x33, 0x33, 0x33, 0x32, 0x00,
    0x00, 0x24, 0x33, 0x33, 0x33, 0x33, 0x33, 0x33, 0x44, 0x44, 0x44, 0x44, 0x44, 0x44, 0x42, 0x00, 0x00, 0x22, 0x22, 0x22, 0x22, 0x22, 0x22, 0x22,
    0x22, 0x22, 0x22, 0x22, 0x22, 0x22, 0x22, 0x00, 0x00, 0x00, 0x00, 0x00, 0x00, 0x00, 0x00, 0x00, 0x00, 0x00, 0x00, 0x00, 0x00, 0x00, 0x00, 0x00,
    0x00, 0x00, 0x00, 0x00, 0x00, 0x00, 0x00, 0x00, 0x00, 0x00, 0x00, 0x00, 0x00, 0x00, 0x00, 0x00, 0x00, 0x00, 0x00, 0x00, 0x00, 0x00, 0x00, 0x00,
    0x00, 0x00, 0x00, 0x00, 0x00, 0x00, 0x00, 0x00,
  },
  {
    0x00, 0x00, 0x00, 0x00, 0x00, 0x00, 0x00, 0x00, 0x00, 0x00, 0x00, 0x00, 0x00, 0x00, 0x00, 0x00, 0x00, 0x00, 0x00, 0x00, 0x00, 0x00, 0x00, 0x00,
    0x00, 0x00, 0x00, 0x00, 0x00, 0x00, 0x00, 0x00, 0x00, 0x00, 0x00, 0x00, 0x00, 0x00, 0x00, 0x00, 0x00, 0x00, 0x00, 0x00, 0x00, 0x00, 0x00, 0x00,
    0x00, 0x00, 0x00, 0x00, 0x00, 0x00, 0x00, 0x00, 0x00, 0x00, 0x00, 0x00, 0x00, 0x00, 0x00, 0x00, 0x00, 0x00, 0x00, 0x00, 0x00, 0x00, 0x00, 0x00,
    0x00, 0x00, 0x00, 0x00, 0x00, 0x00, 0x00, 0x00, 0x00, 0x00, 0x00, 0x00, 0x00, 0x00, 0x00, 0x00, 0x00, 0x00, 0x00, 0x00, 0x00, 0x00, 0x00, 0x00,
    0x00, 0x00, 0x00, 0x00, 0x00, 0x00, 0x00, 0x00, 0x00, 0x00, 0x00, 0x00, 0x00, 0x00, 0x00, 0x00, 0x00, 0x00, 0x00, 0x00, 0x11, 0x00, 0x00, 0x00,
    0x00, 0x00, 0x00, 0x00, 0x00, 0x00, 0x00, 0x00, 0x00, 0x00, 0x00, 0x00, 0x11, 0x10, 0x00, 0x00, 0x00, 0x00, 0x00, 0x00, 0x00, 0x00, 0x00, 0x00,
    0x00, 0x00, 0x00, 0x01, 0x12, 0x11, 0x00, 0x00, 0x00, 0x00, 0x00, 0x00, 0x00, 0x00, 0x00, 0x00, 0x00, 0x00, 0x00, 0x01, 0x32, 0x11, 0x00, 0x00,
    0x00, 0x00, 0x00, 0x00, 0x00, 0x00, 0x00, 0x00, 0x00, 0x00, 0x00, 0x01, 0x22, 0x31, 0x10, 0x00, 0x00, 0x00, 0x00, 0x00, 0x00, 0x00, 0x00, 0x00,
    0x00, 0x00, 0x00, 0x13, 0x22, 0x31, 0x11, 0x10, 0x00, 0x00, 0x00, 0x00, 0x00, 0x00, 0x00, 0x00, 0x00, 0x00, 0x00, 0x13, 0x22, 0x22, 0x22, 0x11,
    0x10, 0x00, 0x00, 0x00, 0x11, 0x10, 0x00, 0x00, 0x00, 0x00, 0x00, 0x12, 0x22, 0x22, 0x22, 0x31, 0x30, 0x01, 0x00, 0x01, 0x96, 0x71, 0x10, 0x00,
    0x00, 0x00, 0x00, 0x12, 0x22, 0x22, 0x22, 0x31, 0x21, 0x17, 0x11, 0xA6, 0x84, 0x49, 0x71, 0x00, 0x00, 0x00, 0x00, 0x12, 0x22, 0x22, 0x22, 0x13,
    0x3A, 0x44, 0x61, 0x16, 0x44, 0x48, 0x61, 0x00, 0x00, 0x00, 0x01, 0x32, 0x22, 0x22, 0x23, 0x12, 0x19, 0x44, 0x44, 0x61, 0x64, 0x86, 0x11, 0x00,
    0x00, 0x00, 0x11, 0x22, 0x22, 0x22, 0x11, 0x23, 0x78, 0x44, 0x44, 0xA7, 0x71, 0x71, 0x10, 0x00, 0x00, 0x00, 0x33, 0x22, 0x22, 0x22, 0x32, 0x23,
    0x17, 0x76, 0x67, 0x10, 0x01, 0x10, 0x00, 0x00, 0x00, 0x00, 0x11, 0x11, 0x00, 0x00, 0x11, 0x11, 0x01, 0x11, 0x11, 0x00, 0x01, 0x00, 0x00, 0x00,
    0x00, 0x11, 0x35, 0x53, 0x11, 0x11, 0x15, 0x5B, 0x10, 0x01, 0x00, 0x00, 0x01, 0x00, 0x00, 0x00, 0x00, 0x1B, 0x55, 0x55, 0x31, 0x1C, 0x55, 0x55,
    0x00, 0x01, 0x10, 0x00, 0x01, 0x00, 0x00, 0x00, 0x00, 0x00, 0x00, 0x00, 0x00, 0x00, 0x00, 0x00, 0x00, 0x01, 0x10, 0x00, 0x00, 0x00, 0x00, 0x00,
    0x00, 0x00, 0x00, 0x00, 0x00, 0x00, 0x00, 0x00, 0x00, 0x00, 0x00, 0x00, 0x00, 0x00, 0x00, 0x00, 0x00, 0x00, 0x00, 0x00, 0x00, 0x00, 0x00, 0x00,
    0x00, 0x00, 0x00, 0x00, 0x00, 0x00, 0x00, 0x00, 0x00, 0x00, 0x00, 0x00, 0x00, 0x00, 0x00, 0x00, 0x00, 0x00, 0x00, 0x00, 0x00, 0x00, 0x00, 0x00,
    0x00, 0x00, 0x00, 0x00, 0x00, 0x00, 0x00, 0x00, 0x00, 0x00, 0x00, 0x00, 0x00, 0x00, 0x00, 0x00, 0x00, 0x00, 0x00, 0x00, 0x00, 0x00, 0x00, 0x00,
    0x00, 0x00, 0x00, 0x00, 0x00, 0x00, 0x00, 0x00, 0x00, 0x00, 0x00, 0x00, 0x00, 0x00, 0x00, 0x00, 0x00, 0x00, 0x00, 0x00, 0x00, 0x00, 0x00, 0x00,
    0x00, 0x00, 0x00, 0x00, 0x00, 0x00, 0x00, 0x00, 0x00, 0x00, 0x00, 0x00, 0x00, 0x00, 0x00, 0x00, 0x00, 0x00, 0x00, 0x00, 0x00, 0x00, 0x00, 0x00,
    0x00, 0x00, 0x00, 0x00, 0x00, 0x00, 0x00, 0x00,
  },
  {
    0x00, 0x00, 0x00, 0x00, 0x00, 0x00, 0x00, 0x00, 0x00, 0x00, 0x00, 0x00, 0x00, 0x00, 0x00, 0x00, 0x00, 0x00, 0x00, 0x00, 0x00, 0x00, 0x00, 0x00,
    0x00, 0x00, 0x00, 0x00, 0x00, 0x00, 0x00, 0x00, 0x00, 0x00, 0x00, 0x00, 0x00, 0x00, 0x00, 0x00, 0x00, 0x00, 0x00, 0x00, 0x00, 0x00, 0x00, 0x00,
    0x00, 0x00, 0x00, 0x00, 0x00, 0x00, 0x00, 0x00, 0x01, 0x11, 0x00, 0x00, 0x00, 0x00, 0x00, 0x00, 0x00, 0x00, 0x00, 0x00, 0x00, 0x00, 0x00, 0x01,
    0x9C, 0xC9, 0x10, 0x00, 0x00, 0x00, 0x00, 0x00, 0x00, 0x00, 0x00, 0x00, 0x00, 0x00, 0x00, 0x01, 0x88, 0x88, 0x91, 0x00, 0x00, 0x00, 0x00, 0x00,
    0x00, 0x00, 0x00, 0x00, 0x00, 0x00, 0x00, 0x0B, 0x88, 0x88, 0x91, 0x11, 0x00, 0x00, 0x00, 0x00, 0x00, 0x00, 0x00, 0x00, 0x00, 0x00, 0x00, 0x0B,
    0x88, 0x88, 0x91, 0x01, 0x11, 0x00, 0x00, 0x00, 0x00, 0x00, 0x00, 0x00, 0x00, 0x00, 0x00, 0x01, 0x9C, 0xCC, 0x10, 0x00, 0x01, 0x10, 0x00, 0x00,
    0x00, 0x00, 0x00, 0x00, 0x00, 0x00, 0x00, 0x00, 0x11, 0x11, 0x00, 0x00, 0x00, 0x10, 0x00, 0x00, 0x00, 0x00, 0x00, 0x00, 0x00, 0x00, 0x00, 0x00,
    0x00, 0x00, 0x00, 0x00, 0x00, 0x11, 0x00, 0x00, 0x00, 0x00, 0x00, 0x00, 0x00, 0x00, 0x00, 0x00, 0x00, 0x00, 0x00, 0x00, 0x00, 0x01, 0x00, 0x00,
    0x00, 0x00, 0x00, 0x11, 0x11, 0x11, 0x11, 0x11, 0x11, 0x11, 0x11, 0x10, 0x00, 0x01, 0x00, 0x00, 0x00, 0x00, 0x01, 0x35, 0x55, 0x55, 0x55, 0x55,
    0x55, 0x55, 0x55, 0x11, 0x00, 0x01, 0x00, 0x00, 0x00, 0x00, 0x01, 0xE2, 0x22, 0x22, 0x22, 0x22, 0x22, 0x22, 0x22, 0x51, 0x00, 0x01, 0x10, 0x00,
    0x00, 0x11, 0x11, 0x42, 0x22, 0x22, 0x22, 0x22, 0x22, 0x22, 0x22, 0x51, 0x11, 0x01, 0x10, 0x00, 0x00, 0x11, 0xA1, 0x42, 0x22, 0x22, 0x22, 0x22,
    0x22, 0x22, 0x22, 0x31, 0x43, 0x11, 0x10, 0x00, 0x00, 0x14, 0x71, 0x42, 0x22, 0x22, 0x22, 0x22, 0x22, 0x22, 0x22, 0x3A, 0x73, 0x01, 0x10, 0x00,
    0x00, 0x14, 0x41, 0x42, 0x22, 0x22, 0x22, 0x22, 0x22, 0x22, 0x22, 0x3A, 0x73, 0x01, 0x10, 0x00, 0x00, 0x14, 0x41, 0xE2, 0x22, 0x22, 0x22, 0x22,
    0x22, 0x22, 0x22, 0x5A, 0x73, 0x01, 0x10, 0x00, 0x00, 0x14, 0x41, 0x56, 0x66, 0x66, 0x66, 0x66, 0x66, 0x66, 0x66, 0x1A, 0x73, 0x01, 0x10, 0x00,
    0x00, 0x14, 0x41, 0xD3, 0x33, 0x33, 0x33, 0x33, 0x33, 0x33, 0x33, 0x1A, 0x73, 0x01, 0x10, 0x00, 0x00, 0x14, 0x41, 0x47, 0x44, 0x44, 0x44, 0x44,
    0x44, 0x44, 0x47, 0x3A, 0x73, 0x01, 0x10, 0x00, 0x00, 0x14, 0x7D, 0x47, 0x44, 0x44, 0x44, 0x44, 0x44, 0x44, 0x47, 0x3A, 0x73, 0x01, 0x10, 0x00,
    0x00, 0x13, 0x31, 0x33, 0x33, 0x33, 0x33, 0x33, 0x33, 0x33, 0x33, 0x1D, 0xA1, 0x11, 0x10, 0x00, 0x00, 0x1B, 0x91, 0x11, 0x11, 0x11, 0x11, 0x11,
    0x11, 0x11, 0x11, 0x1B, 0xB1, 0x01, 0x00, 0x00, 0x00, 0x0B, 0x91, 0x00, 0x00, 0x00, 0x00, 0x00, 0x00, 0x00, 0x00, 0x0B, 0x91, 0x11, 0x11, 0x00,
    0x00, 0x01, 0x11, 0x00, 0x00, 0x00, 0x00, 0x00, 0x00, 0x00, 0x00, 0x01, 0x11, 0x11, 0x11, 0x00, 0x00, 0x01, 0x10, 0x00, 0x00, 0x00, 0x00, 0x00,
    0x00, 0x00, 0x00, 0x01, 0x10, 0x00, 0x00, 0x00, 0x00, 0x00, 0x00, 0x00, 0x00, 0x00, 0x00, 0x00, 0x00, 0x00, 0x00, 0x00, 0x00, 0x00, 0x00, 0x00,
    0x00, 0x00, 0x00, 0x00, 0x00, 0x00, 0x00, 0x00, 0x00, 0x00, 0x00, 0x00, 0x00, 0x00, 0x00, 0x00, 0x00, 0x00, 0x00, 0x00, 0x00, 0x00, 0x00, 0x00,
    0x00, 0x00, 0x00, 0x00, 0x00, 0x00, 0x00, 0x00,
  },
  {
    0x00, 0x00, 0x00, 0x00, 0x00, 0x00, 0x00, 0x00, 0x00, 0x00, 0x00, 0x00, 0x00, 0x00, 0x00, 0x00, 0x00, 0x00, 0x00, 0x00, 0x00, 0x00, 0x00, 0x00,
    0x00, 0x00, 0x00, 0x00, 0x00, 0x00, 0x00, 0x00, 0x00, 0x00, 0x00, 0x00, 0x00, 0x00, 0x00, 0x00, 0x00, 0x00, 0x00, 0x00, 0x00, 0x00, 0x00, 0x00,
    0x00, 0x00, 0x00, 0x00, 0x00, 0x00, 0x00, 0x00, 0x00, 0x00, 0x00, 0x00, 0x00, 0x00, 0x00, 0x00, 0x00, 0x00, 0x00, 0x00, 0x00, 0x00, 0x00, 0x00,
    0x00, 0x00, 0x00, 0x00, 0x00, 0x00, 0x00, 0x00, 0x00, 0x00, 0x00, 0x00, 0x00, 0x00, 0x00, 0x00, 0x00, 0x00, 0x00, 0x00, 0x00, 0x00, 0x00, 0x00,
    0x00, 0x00, 0x00, 0x00, 0x00, 0x00, 0x00, 0x00, 0x00, 0x00, 0x00, 0x00, 0x00, 0x00, 0x00, 0x00, 0x00, 0x10, 0x00, 0x00, 0x00, 0x00, 0x00, 0x00,
    0x00, 0x00, 0x00, 0x00, 0x00, 0x00, 0x00, 0x00, 0x00, 0x10, 0x00, 0x00, 0x00, 0x00, 0x00, 0x00, 0x00, 0x00, 0x00, 0x00, 0x00, 0x00, 0x00, 0x00,
    0x00, 0x10, 0x00, 0x00, 0x00, 0x00, 0x00, 0x00, 0x00, 0x00, 0x00, 0x00, 0x00, 0x00, 0x00, 0x00, 0x00, 0x10, 0x00, 0x00, 0x00, 0x00, 0x00, 0x00,
    0x00, 0x00, 0x00, 0x00, 0x00, 0x00, 0x00, 0x00, 0x00, 0x10, 0x00, 0x00, 0x00, 0x00, 0x00, 0x00, 0x00, 0x00, 0x00, 0x00, 0x00, 0x00, 0x00, 0x00,
    0x00, 0x11, 0x11, 0x11, 0x10, 0x00, 0x00, 0x00, 0x00, 0x00, 0x00, 0x00, 0x00, 0x00, 0x01, 0x00, 0x00, 0x17, 0x22, 0x22, 0x77, 0x11, 0x11, 0x11,
    0x11, 0x11, 0x11, 0x11, 0x11, 0x11, 0x11, 0x00, 0x00, 0x17, 0x77, 0x77, 0x79, 0x9B, 0x55, 0x55, 0x55, 0x55, 0x55, 0x55, 0x55, 0x55, 0x51, 0x00,
    0x00, 0x18, 0x88, 0x88, 0x81, 0x72, 0x22, 0x22, 0x22, 0x22, 0x22, 0x22, 0x22, 0x22, 0x29, 0x00, 0x00, 0x16, 0x66, 0x66, 0x68, 0xC2, 0x22, 0x22,
    0x22, 0x22, 0x22, 0x22, 0x22, 0x22, 0x29, 0x00, 0x00, 0x86, 0x66, 0x66, 0x68, 0x72, 0x22, 0x22, 0x22, 0x22, 0x22, 0x22, 0x22, 0x22, 0x29, 0x00,
    0x00, 0x11, 0x11, 0x11, 0x11, 0x11, 0x11, 0x11, 0x11, 0x11, 0x11, 0x11, 0x11, 0x11, 0x11, 0x00, 0x00, 0x13, 0x33, 0x33, 0x33, 0x33, 0x33, 0x33,
    0x33, 0x33, 0x33, 0x33, 0x33, 0x33, 0x31, 0x00, 0x00, 0x1D, 0xA4, 0x44, 0x4A, 0x44, 0x44, 0x44, 0x44, 0x44, 0x44, 0x44, 0x44, 0x44, 0x41, 0x00,
    0x00, 0x11, 0x11, 0x11, 0x11, 0x11, 0x11, 0x11, 0x11, 0x11, 0x11, 0x11, 0x11, 0x11, 0x11, 0x00, 0x00, 0x10, 0x00, 0x00, 0x00, 0x00, 0x00, 0x00,
    0x00, 0x00, 0x00, 0x00, 0x00, 0x00, 0x01, 0x00, 0x00, 0x10, 0x00, 0x00, 0x00, 0x00, 0x00, 0x00, 0x00, 0x00, 0x00, 0x00, 0x00, 0x00, 0x01, 0x00,
    0x00, 0x10, 0x00, 0x00, 0x00, 0x00, 0x00, 0x00, 0x00, 0x00, 0x00, 0x00, 0x00, 0x00, 0x01, 0x00, 0x00, 0x00, 0x00, 0x00, 0x00, 0x00, 0x00, 0x00,
    0x00, 0x00, 0x00, 0x00, 0x00, 0x00, 0x00, 0x00, 0x00, 0x00, 0x00, 0x00, 0x00, 0x00, 0x00, 0x00, 0x00, 0x00, 0x00, 0x00, 0x00, 0x00, 0x00, 0x00,
    0x00, 0x00, 0x00, 0x00, 0x00, 0x00, 0x00, 0x00, 0x00, 0x00, 0x00, 0x00, 0x00, 0x00, 0x00, 0x00, 0x00, 0x00, 0x00, 0x00, 0x00, 0x00, 0x00, 0x00,
    0x00, 0x00, 0x00, 0x00, 0x00, 0x00, 0x00, 0x00, 0x00, 0x00, 0x00, 0x00, 0x00, 0x00, 0x00, 0x00, 0x00, 0x00, 0x00, 0x00, 0x00, 0x00, 0x00, 0x00,
    0x00, 0x00, 0x00, 0x00, 0x00, 0x00, 0x00, 0x00, 0x00, 0x00, 0x00, 0x00, 0x00, 0x00, 0x00, 0x00, 0x00, 0x00, 0x00, 0x00, 0x00, 0x00, 0x00, 0x00,
    0x00, 0x00, 0x00, 0x00, 0x00, 0x00, 0x00, 0x00,
  },
  {
    0x00, 0x00, 0x00, 0x00, 0x00, 0x00, 0x00, 0x00, 0x00, 0x00, 0x00, 0x00, 0x00, 0x00, 0x00, 0x00, 0x00, 0x00, 0x00, 0x00, 0x00, 0x00, 0x00, 0x00,
    0x00, 0x00, 0x00, 0x00, 0x00, 0x00, 0x00, 0x00, 0x00, 0x00, 0x00, 0x00, 0x00, 0x00, 0x00, 0x00, 0x00, 0x00, 0x00, 0x00, 0x00, 0x00, 0x00, 0x00,
    0x00, 0x00, 0x00, 0x00, 0x00, 0x00, 0x00, 0x00, 0x00, 0x00, 0x00, 0x00, 0x00, 0x00, 0x00, 0x00, 0x00, 0x00, 0x00, 0x00, 0x00, 0x00, 0x00, 0x00,
    0x00, 0x00, 0x00, 0x00, 0x00, 0x00, 0x00, 0x00, 0x00, 0x00, 0x00, 0x00, 0x00, 0x00, 0x00, 0x00, 0x00, 0x00, 0x00, 0x00, 0x00, 0x00, 0x00, 0x00,
    0x00, 0x00, 0x00, 0x00, 0x00, 0x00, 0x00, 0x00, 0x00, 0x00, 0x00, 0x00, 0x00, 0x00, 0x00, 0x00, 0x00, 0x00, 0x00, 0x00, 0x00, 0x00, 0x00, 0x11,
    0x11, 0x00, 0x00, 0x00, 0x00, 0x00, 0x00, 0x00, 0x00, 0x00, 0x00, 0x00, 0x01, 0x11, 0x11, 0x11, 0x11, 0x11, 0x11, 0x10, 0x00, 0x00, 0x00, 0x00,
    0x00, 0x00, 0x00, 0x01, 0x11, 0x33, 0x37, 0x22, 0x82, 0x71, 0x11, 0x11, 0x10, 0x00, 0x00, 0x00, 0x00, 0x00, 0x00, 0x11, 0x42, 0x23, 0x66, 0x32,
    0x22, 0x54, 0xA6, 0x34, 0x51, 0x10, 0x00, 0x00, 0x00, 0x00, 0x01, 0x32, 0x22, 0x3B, 0x99, 0x67, 0x23, 0x42, 0xA2, 0x52, 0x23, 0x10, 0x00, 0x00,
    0x00, 0x00, 0x11, 0x22, 0x22, 0x3B, 0x99, 0x67, 0x23, 0x42, 0x22, 0x58, 0x22, 0x11, 0x00, 0x00, 0x00, 0x00, 0x01, 0x72, 0x22, 0x25, 0x66, 0x32,
    0x22, 0x54, 0x4C, 0x32, 0x24, 0x11, 0x00, 0x00, 0x00, 0x00, 0x01, 0x13, 0x22, 0x22, 0x82, 0x22, 0x22, 0x23, 0x34, 0x22, 0x71, 0x10, 0x00, 0x00,
    0x00, 0x00, 0x00, 0x11, 0x13, 0x48, 0x22, 0x22, 0x22, 0x22, 0x24, 0x31, 0x11, 0x00, 0x00, 0x00, 0x00, 0x00, 0x00, 0x01, 0x11, 0x11, 0x11, 0x55,
    0x55, 0x11, 0x11, 0x11, 0x00, 0x00, 0x00, 0x00, 0x00, 0x00, 0x00, 0x01, 0x10, 0x00, 0x11, 0x11, 0x11, 0x11, 0x01, 0x11, 0x00, 0x00, 0x00, 0x00,
    0x00, 0x00, 0x00, 0x01, 0x10, 0x00, 0x00, 0x00, 0x00, 0x00, 0x01, 0x11, 0x00, 0x00, 0x00, 0x00, 0x00, 0x00, 0x00, 0x01, 0x10, 0x00, 0x00, 0x00,
    0x00, 0x00, 0x01, 0x11, 0x00, 0x00, 0x00, 0x00, 0x00, 0x00, 0x00, 0x01, 0x10, 0x00, 0x00, 0x00, 0x00, 0x00, 0x01, 0x11, 0x00, 0x00, 0x00, 0x00,
    0x00, 0x00, 0x00, 0x01, 0x10, 0x00, 0x00, 0x00, 0x00, 0x00, 0x01, 0x10, 0x00, 0x00, 0x00, 0x00, 0x00, 0x00, 0x00, 0x01, 0x10, 0x00, 0x00, 0x00,
    0x00, 0x00, 0x01, 0x10, 0x00, 0x00, 0x00, 0x00, 0x00, 0x00, 0x00, 0x01, 0x10, 0x00, 0x00, 0x00, 0x00, 0x00, 0x01, 0x10, 0x00, 0x00, 0x00, 0x00,
    0x00, 0x00, 0x00, 0x01, 0x10, 0x00, 0x00, 0x00, 0x00, 0x00, 0x01, 0x10, 0x00, 0x00, 0x00, 0x00, 0x00, 0x00, 0x00, 0x11, 0x10, 0x00, 0x00, 0x00,
    0x00, 0x00, 0x01, 0x10, 0x00, 0x00, 0x00, 0x00, 0x00, 0x00, 0x00, 0x11, 0x10, 0x00, 0x00, 0x00, 0x00, 0x00, 0x01, 0x10, 0x00, 0x00, 0x00, 0x00,
    0x00, 0x00, 0x00, 0x01, 0x00, 0x00, 0x00, 0x00, 0x00, 0x00, 0x01, 0x10, 0x00, 0x00, 0x00, 0x00, 0x00, 0x00, 0x00, 0x00, 0x00, 0x00, 0x00, 0x00,
    0x00, 0x00, 0x00, 0x00, 0x00, 0x00, 0x00, 0x00, 0x00, 0x00, 0x00, 0x00, 0x00, 0x00, 0x00, 0x00, 0x00, 0x00, 0x00, 0x00, 0x00, 0x00, 0x00, 0x00,
    0x00, 0x00, 0x00, 0x00, 0x00, 0x00, 0x00, 0x00, 0x00, 0x00, 0x00, 0x00, 0x00, 0x00, 0x00, 0x00, 0x00, 0x00, 0x00, 0x00, 0x00, 0x00, 0x00, 0x00,
    0x00, 0x00, 0x00, 0x00, 0x00, 0x00, 0x00, 0x00,
  },
  {
    0x00, 0x00, 0x00, 0x00, 0x00, 0x00, 0x00, 0x00, 0x00, 0x00, 0x00, 0x00, 0x00, 0x00, 0x00, 0x00, 0x00, 0x00, 0x00, 0x00, 0x00, 0x00, 0x00, 0x00,
    0x00, 0x00, 0x00, 0x00, 0x00, 0x00, 0x00, 0x00, 0x00, 0x00, 0x00, 0x00, 0x00, 0x00, 0x22, 0x33, 0x33, 0x22, 0x00, 0x00, 0x00, 0x00, 0x00, 0x00,
    0x00, 0x00, 0x00, 0x00, 0x00, 0x02, 0xB8, 0x77, 0x77, 0x83, 0x20, 0x00, 0x00, 0x00, 0x00, 0x00, 0x00, 0x00, 0x00, 0x00, 0x00, 0x28, 0x77, 0x7D,
    0x99, 0x99, 0xE2, 0x00, 0x00, 0x00, 0x00, 0x00, 0x00, 0x00, 0x00, 0x00, 0x02, 0x87, 0x79, 0x14, 0x11, 0x11, 0x5E, 0x20, 0x00, 0x00, 0x00, 0x00,
    0x00, 0x00, 0x00, 0x00, 0x2B, 0x77, 0x44, 0x11, 0x11, 0x11, 0x15, 0x62, 0x00, 0x00, 0x00, 0x00, 0x00, 0x00, 0x00, 0x00, 0x27, 0x74, 0x14, 0x11,
    0x11, 0x11, 0x15, 0xA2, 0x00, 0x00, 0x00, 0x00, 0x00, 0x00, 0x00, 0x00, 0x37, 0x94, 0x11, 0x11, 0x11, 0x11, 0x11, 0x13, 0x00, 0x00, 0x00, 0x00,
    0x00, 0x00, 0x00, 0x00, 0xBD, 0x41, 0x11, 0x11, 0x11, 0x11, 0x11, 0x5F, 0x20, 0x00, 0x00, 0x00, 0x00, 0x00, 0x00, 0x02, 0xB9, 0x11, 0x11, 0x11,
    0x11, 0x11, 0x11, 0x56, 0x20, 0x00, 0x00, 0x00, 0x00, 0x00, 0x00, 0x00, 0x31, 0x11, 0x11, 0x11, 0x11, 0x11, 0x11, 0x13, 0x00, 0x00, 0x00, 0x00,
    0x00, 0x00, 0x00, 0x00, 0x2C, 0x51, 0x11, 0x11, 0x11, 0x11, 0x15, 0xA2, 0x00, 0x00, 0x00, 0x00, 0x00, 0x00, 0x00, 0x00, 0x26, 0x51, 0x11, 0x11,
    0x11, 0x11, 0x15, 0x62, 0x00, 0x00, 0x00, 0x00, 0x00, 0x00, 0x00, 0x00, 0x02, 0xA5, 0x11, 0x11, 0x11, 0x11, 0x5C, 0x20, 0x00, 0x00, 0x00, 0x00,
    0x00, 0x00, 0x00, 0x00, 0x02, 0xF5, 0x43, 0x33, 0x33, 0x3C, 0x56, 0x20, 0x00, 0x00, 0x00, 0x00, 0x00, 0x00, 0x00, 0x00, 0x00, 0x24, 0x1C, 0x46,
    0x64, 0xC1, 0x13, 0x00, 0x00, 0x00, 0x00, 0x00, 0x00, 0x00, 0x00, 0x00, 0x00, 0x2A, 0x51, 0x46, 0x64, 0x15, 0xA2, 0x00, 0x00, 0x00, 0x00, 0x00,
    0x00, 0x00, 0x00, 0x00, 0x00, 0x26, 0x51, 0x56, 0x65, 0x45, 0x62, 0x00, 0x00, 0x00, 0x00, 0x00, 0x00, 0x00, 0x00, 0x00, 0x00, 0x03, 0x11, 0x46,
    0x64, 0x11, 0x30, 0x00, 0x00, 0x00, 0x00, 0x00, 0x00, 0x00, 0x00, 0x00, 0x00, 0x02, 0xA4, 0x46, 0x64, 0x4A, 0x20, 0x00, 0x00, 0x00, 0x00, 0x00,
    0x00, 0x00, 0x00, 0x00, 0x00, 0x02, 0x33, 0x33, 0x23, 0x33, 0x20, 0x00, 0x00, 0x00, 0x00, 0x00, 0x00, 0x00, 0x00, 0x00, 0x00, 0x00, 0x22, 0x20,
    0x00, 0x00, 0x00, 0x00, 0x00, 0x00, 0x00, 0x00, 0x00, 0x00, 0x00, 0x00, 0x00, 0x00, 0x22, 0x22, 0x22, 0x22, 0x00, 0x00, 0x00, 0x00, 0x00, 0x00,
    0x00, 0x00, 0x00, 0x00, 0x00, 0x00, 0x22, 0x22, 0x22, 0x22, 0x00, 0x00, 0x00, 0x00, 0x00, 0x00, 0x00, 0x00, 0x00, 0x00, 0x00, 0x00, 0x20, 0x00,
    0x02, 0x22, 0x00, 0x00, 0x00, 0x00, 0x00, 0x00, 0x00, 0x00, 0x00, 0x00, 0x00, 0x00, 0x22, 0x22, 0x22, 0x22, 0x00, 0x00, 0x00, 0x00, 0x00, 0x00,
    0x00, 0x00, 0x00, 0x00, 0x00, 0x00, 0x38, 0x88, 0x88, 0x83, 0x00, 0x00, 0x00, 0x00, 0x00, 0x00, 0x00, 0x00, 0x00, 0x00, 0x00, 0x00, 0x2B, 0x87,
    0x78, 0xB2, 0x00, 0x00, 0x00, 0x00, 0x00, 0x00, 0x00, 0x00, 0x00, 0x00, 0x00, 0x00, 0x02, 0x23, 0x32, 0x20, 0x00, 0x00, 0x00, 0x00, 0x00, 0x00,
    0x00, 0x00, 0x00, 0x00, 0x00, 0x00, 0x00, 0x00, 0x00, 0x00, 0x00, 0x00, 0x00, 0x00, 0x00, 0x00, 0x00, 0x00, 0x00, 0x00, 0x00, 0x00, 0x00, 0x00,
    0x00, 0x00, 0x00, 0x00, 0x00, 0x00, 0x00, 0x00,
  },
  {
    0x00, 0x00, 0x00, 0x00, 0x00, 0x00, 0x00, 0x00, 0x00, 0x00, 0x00, 0x00, 0x00, 0x00, 0x00, 0x00, 0x00, 0x00, 0x00, 0x00, 0x00, 0x00, 0x00, 0x00,
    0x00, 0x00, 0x00, 0x00, 0x00, 0x00, 0x00, 0x00, 0x00, 0x00, 0x00, 0x00, 0x00, 0x00, 0x00, 0x00, 0x00, 0x00, 0x00, 0x00, 0x00, 0x00, 0x00, 0x00,
    0x00, 0x00, 0x00, 0x00, 0x00, 0x00, 0x00, 0x00, 0x00, 0x00, 0x00, 0x00, 0x00, 0x00, 0x00, 0x00, 0x00, 0x00, 0x00, 0x00, 0x00, 0x00, 0x00, 0x00,
    0x00, 0x00, 0x00, 0x00, 0x00, 0x00, 0x00, 0x00, 0x00, 0x00, 0x00, 0x00, 0x00, 0x00, 0x00, 0x00, 0x00, 0x00, 0x00, 0x00, 0x00, 0x00, 0x00, 0x00,
    0x00, 0x00, 0x00, 0x00, 0x00, 0x00, 0x00, 0x00, 0x00, 0x00, 0x00, 0x00, 0x00, 0x00, 0x00, 0x00, 0x00, 0x00, 0x00, 0x00, 0x00, 0x00, 0x00, 0x00,
    0x00, 0x00, 0x00, 0x00, 0x00, 0x00, 0x00, 0x00, 0x00, 0x00, 0x00, 0x00, 0x00, 0x00, 0x00, 0x00, 0x00, 0x00, 0x00, 0x00, 0x00, 0x00, 0x00, 0x00,
    0x00, 0x00, 0x00, 0x11, 0x11, 0x11, 0x11, 0x11, 0x11, 0x11, 0x11, 0x11, 0x11, 0x10, 0x00, 0x00, 0x00, 0x00, 0x01, 0xED, 0xEE, 0x1D, 0x11, 0x1D,
    0xDD, 0x11, 0xDD, 0x11, 0x1E, 0x11, 0x00, 0x00, 0x00, 0x00, 0x1E, 0x24, 0x77, 0x42, 0x45, 0x54, 0x22, 0xCB, 0x22, 0x41, 0x42, 0x11, 0x00, 0x00,
    0x00, 0x00, 0x13, 0x21, 0x88, 0x72, 0x59, 0x95, 0x2C, 0x66, 0xB2, 0x1A, 0xA4, 0x31, 0x00, 0x00, 0x00, 0x00, 0x13, 0x27, 0x88, 0x72, 0x59, 0x95,
    0x2C, 0x66, 0xB4, 0x1A, 0xA4, 0x31, 0x00, 0x00, 0x00, 0x00, 0x13, 0x27, 0x88, 0x72, 0x59, 0x95, 0x2C, 0x66, 0xB4, 0x1A, 0xA4, 0x31, 0x00, 0x00,
    0x00, 0x00, 0x13, 0x27, 0x88, 0x72, 0x59, 0x95, 0x2C, 0x66, 0xB4, 0x1A, 0xA4, 0x31, 0x00, 0x00, 0x00, 0x00, 0x13, 0x27, 0x88, 0x72, 0x59, 0x95,
    0x2C, 0x66, 0xB4, 0x1A, 0xA4, 0x31, 0x00, 0x00, 0x00, 0x00, 0x13, 0x27, 0x88, 0x72, 0x59, 0x95, 0x2C, 0x66, 0xB4, 0x1A, 0xA4, 0x31, 0x00, 0x00,
    0x00, 0x00, 0x13, 0x27, 0x88, 0x72, 0x59, 0x95, 0x2C, 0x66, 0xB4, 0x1A, 0xA4, 0x31, 0x00, 0x00, 0x00, 0x00, 0x13, 0x27, 0x88, 0x72, 0x59, 0x95,
    0x2C, 0x66, 0xB4, 0x1A, 0xA4, 0x31, 0x00, 0x00, 0x00, 0x00, 0x13, 0x27, 0x88, 0x72, 0x59, 0x95, 0x26, 0x66, 0xB4, 0x1A, 0xA4, 0x31, 0x00, 0x00,
    0x00, 0x00, 0x1D, 0x21, 0x88, 0x72, 0x59, 0x94, 0x2C, 0x66, 0x22, 0x1A, 0x14, 0x31, 0x00, 0x00, 0x00, 0x00, 0x11, 0x31, 0xBB, 0x33, 0x33, 0x33,
    0x33, 0xBB, 0x33, 0x33, 0x33, 0x11, 0x00, 0x00, 0x00, 0x00, 0x01, 0x11, 0x11, 0x11, 0x11, 0x11, 0x11, 0x11, 0x11, 0x11, 0x11, 0x10, 0x00, 0x00,
    0x00, 0x00, 0x00, 0x01, 0x11, 0x11, 0x11, 0x11, 0x11, 0x11, 0x11, 0x11, 0x10, 0x00, 0x00, 0x00, 0x00, 0x00, 0x00, 0x00, 0x00, 0x00, 0x00, 0x00,
    0x00, 0x00, 0x00, 0x00, 0x00, 0x00, 0x00, 0x00, 0x00, 0x00, 0x00, 0x00, 0x00, 0x00, 0x00, 0x00, 0x00, 0x00, 0x00, 0x00, 0x00, 0x00, 0x00, 0x00,
    0x00, 0x00, 0x00, 0x00, 0x00, 0x00, 0x00, 0x00, 0x00, 0x00, 0x00, 0x00, 0x00, 0x00, 0x00, 0x00, 0x00, 0x00, 0x00, 0x00, 0x00, 0x00, 0x00, 0x00,
    0x00, 0x00, 0x00, 0x00, 0x00, 0x00, 0x00, 0x00, 0x00, 0x00, 0x00, 0x00, 0x00, 0x00, 0x00, 0x00, 0x00, 0x00, 0x00, 0x00, 0x00, 0x00, 0x00, 0x00,
    0x00, 0x00, 0x00, 0x00, 0x00, 0x00, 0x00, 0x00, 0x00, 0x00, 0x00, 0x00, 0x00, 0x00, 0x00, 0x00, 0x00, 0x00, 0x00, 0x00, 0x00, 0x00, 0x00, 0x00,
    0x00, 0x00, 0x00, 0x00, 0x00, 0x00, 0x00, 0x00,
  },
  {
    0x00, 0x00, 0x00, 0x00, 0x00, 0x00, 0x00, 0x00, 0x00, 0x00, 0x00, 0x00, 0x00, 0x00, 0x00, 0x00, 0x00, 0x00, 0x00, 0x00, 0x00, 0x00, 0x00, 0x00,
    0x00, 0x00, 0x00, 0x00, 0x00, 0x00, 0x00, 0x00, 0x00, 0x00, 0x00, 0x00, 0x00, 0x00, 0x00, 0x00, 0x00, 0x00, 0x00, 0x00, 0x00, 0x00, 0x00, 0x00,
    0x00, 0x00, 0x00, 0x00, 0x00, 0x00, 0x00, 0x00, 0x00, 0x00, 0x00, 0x00, 0x00, 0x00, 0x00, 0x00, 0x00, 0x00, 0x00, 0x00, 0x00, 0x00, 0x00, 0x00,
    0x00, 0x00, 0x00, 0x00, 0x00, 0x00, 0x00, 0x00, 0x00, 0x00, 0x00, 0x01, 0x11, 0x11, 0x11, 0x11, 0x11, 0x11, 0x11, 0x11, 0x10, 0x00, 0x00, 0x00,
    0x00, 0x00, 0x00, 0x01, 0x11, 0x11, 0x87, 0x11, 0x11, 0x18, 0x71, 0x11, 0x10, 0x00, 0x00, 0x00, 0x00, 0x00, 0x00, 0x01, 0x11, 0x00, 0x20, 0x00,
    0x00, 0x02, 0x00, 0x01, 0x10, 0x00, 0x00, 0x00, 0x00, 0x00, 0x00, 0x01, 0x10, 0x00, 0x20, 0x00, 0x00, 0x02, 0x00, 0x01, 0x10, 0x00, 0x00, 0x00,
    0x00, 0x00, 0x00, 0x01, 0x10, 0x00, 0x20, 0x00, 0x00, 0x02, 0x00, 0x01, 0x10, 0x00, 0x00, 0x00, 0x00, 0x00, 0x00, 0x01, 0x10, 0x00, 0x20, 0x00,
    0x00, 0x02, 0x00, 0x01, 0x10, 0x00, 0x00, 0x00, 0x00, 0x00, 0x00, 0x01, 0x10, 0x00, 0x20, 0x00, 0x00, 0x02, 0x00, 0x01, 0x11, 0x00, 0x00, 0x00,
    0x00, 0x00, 0x00, 0x11, 0x10, 0x00, 0x20, 0x00, 0x00, 0x02, 0x00, 0x01, 0x11, 0x00, 0x00, 0x00, 0x00, 0x00, 0x00, 0x11, 0x10, 0x00, 0x20, 0x00,
    0x00, 0x02, 0x00, 0x00, 0x11, 0x00, 0x00, 0x00, 0x00, 0x00, 0x00, 0x11, 0x00, 0x00, 0x20, 0x00, 0x00, 0x02, 0x00, 0x00, 0x11, 0x00, 0x00, 0x00,
    0x00, 0x00, 0x00, 0x11, 0x00, 0x00, 0x20, 0x00, 0x00, 0x02, 0x00, 0x00, 0x11, 0x00, 0x00, 0x00, 0x00, 0x00, 0x00, 0x11, 0x00, 0x00, 0x20, 0x00,
    0x00, 0x02, 0x00, 0x00, 0x11, 0x00, 0x00, 0x00, 0x00, 0x00, 0x00, 0x11, 0x00, 0x00, 0x20, 0x00, 0x00, 0x02, 0x00, 0x00, 0x11, 0x00, 0x00, 0x00,
    0x00, 0x00, 0x00, 0x11, 0x00, 0x00, 0x20, 0x00, 0x00, 0x02, 0x00, 0x00, 0x11, 0x10, 0x00, 0x00, 0x00, 0x00, 0x01, 0x11, 0x00, 0x00, 0x20, 0x00,
    0x00, 0x02, 0x00, 0x00, 0x11, 0x10, 0x00, 0x00, 0x00, 0x00, 0x01, 0x11, 0x00, 0x11, 0x71, 0x11, 0x11, 0x17, 0x11, 0x00, 0x01, 0x10, 0x00, 0x00,
    0x00, 0x00, 0x01, 0x10, 0x00, 0x13, 0x33, 0x33, 0x33, 0x33, 0x31, 0x00, 0x01, 0x10, 0x00, 0x00, 0x00, 0x00, 0x01, 0x10, 0x00, 0x13, 0x44, 0x44,
    0x44, 0x44, 0x61, 0x00, 0x01, 0x10, 0x00, 0x00, 0x00, 0x00, 0x01, 0x10, 0x00, 0x13, 0x46, 0x66, 0x66, 0x64, 0x61, 0x00, 0x01, 0x10, 0x00, 0x00,
    0x00, 0x00, 0x01, 0x10, 0x00, 0x11, 0x55, 0x55, 0x55, 0x55, 0x51, 0x00, 0x01, 0x11, 0x00, 0x00, 0x00, 0x00, 0x01, 0x10, 0x00, 0x01, 0x11, 0x11,
    0x11, 0x11, 0x10, 0x00, 0x01, 0x11, 0x00, 0x00, 0x00, 0x00, 0x11, 0x10, 0x00, 0x00, 0x00, 0x00, 0x00, 0x00, 0x00, 0x00, 0x00, 0x11, 0x00, 0x00,
    0x00, 0x00, 0x11, 0x10, 0x00, 0x00, 0x00, 0x00, 0x00, 0x00, 0x00, 0x00, 0x00, 0x11, 0x00, 0x00, 0x00, 0x00, 0x01, 0x00, 0x00, 0x00, 0x00, 0x00,
    0x00, 0x00, 0x00, 0x00, 0x00, 0x10, 0x00, 0x00, 0x00, 0x00, 0x00, 0x00, 0x00, 0x00, 0x00, 0x00, 0x00, 0x00, 0x00, 0x00, 0x00, 0x00, 0x00, 0x00,
    0x00, 0x00, 0x00, 0x00, 0x00, 0x00, 0x00, 0x00, 0x00, 0x00, 0x00, 0x00, 0x00, 0x00, 0x00, 0x00, 0x00, 0x00, 0x00, 0x00, 0x00, 0x00, 0x00, 0x00,
    0x00, 0x00, 0x00, 0x00, 0x00, 0x00, 0x00, 0x00,
  },
  {
    0x00, 0x00, 0x00, 0x00, 0x00, 0x00, 0x00, 0x00, 0x00, 0x00, 0x00, 0x00, 0x00, 0x00, 0x00, 0x00, 0x00, 0x00, 0x00, 0x00, 0x00, 0x00, 0x00, 0x00,
    0x00, 0x00, 0x00, 0x00, 0x00, 0x00, 0x00, 0x00, 0x00, 0x00, 0x00, 0x00, 0x00, 0x00, 0x00, 0x00, 0x00, 0x00, 0x00, 0x00, 0x00, 0x00, 0x00, 0x00,
    0x00, 0x00, 0x00, 0x00, 0x00, 0x00, 0x00, 0x00, 0x00, 0x00, 0x00, 0x00, 0x00, 0x00, 0x00, 0x00, 0x00, 0x00, 0x00, 0x00, 0x22, 0x24, 0x44, 0x44,
    0x44, 0x44, 0x42, 0x22, 0x00, 0x00, 0x00, 0x00, 0x00, 0x00, 0x00, 0x00, 0x46, 0x55, 0x55, 0x55, 0x55, 0x55, 0x55, 0x64, 0x00, 0x00, 0x00, 0x00,
    0x00, 0x00, 0x00, 0x00, 0x26, 0x33, 0x33, 0x33, 0x33, 0x33, 0x33, 0x72, 0x00, 0x00, 0x00, 0x00, 0x00, 0x00, 0x00, 0x00, 0x42, 0x88, 0x88, 0x88,
    0x88, 0x88, 0x89, 0xC2, 0x00, 0x00, 0x00, 0x00, 0x00, 0x00, 0x00, 0x00, 0x02, 0xD9, 0x99, 0x99, 0x99, 0x99, 0x93, 0x52, 0x00, 0x00, 0x00, 0x00,
    0x00, 0x00, 0x00, 0x00, 0x02, 0x63, 0x33, 0x33, 0x33, 0x33, 0x31, 0x1B, 0x40, 0x00, 0x00, 0x00, 0x00, 0x00, 0x00, 0x00, 0x04, 0x63, 0x11, 0x11,
    0x11, 0x11, 0x11, 0x36, 0x20, 0x00, 0x00, 0x00, 0x00, 0x00, 0x00, 0x00, 0x04, 0x2A, 0x11, 0x11, 0x11, 0x11, 0x11, 0x36, 0x20, 0x00, 0x00, 0x00,
    0x00, 0x00, 0x00, 0x00, 0x00, 0x45, 0x31, 0x11, 0x11, 0x11, 0x11, 0x35, 0x20, 0x00, 0x00, 0x00, 0x00, 0x00, 0x00, 0x00, 0x00, 0x26, 0x31, 0x11,
    0x11, 0x11, 0x11, 0x35, 0x40, 0x00, 0x00, 0x00, 0x00, 0x00, 0x00, 0x00, 0x00, 0x46, 0x11, 0x11, 0x11, 0x11, 0x11, 0x1A, 0x24, 0x00, 0x00, 0x00,
    0x00, 0x00, 0x00, 0x00, 0x00, 0x42, 0xA1, 0x11, 0x11, 0x11, 0x11, 0x11, 0x64, 0x00, 0x00, 0x00, 0x00, 0x00, 0x00, 0x00, 0x00, 0x04, 0x53, 0x11,
    0x11, 0x11, 0x11, 0x13, 0x62, 0x00, 0x00, 0x00, 0x00, 0x00, 0x00, 0x00, 0x00, 0x02, 0x73, 0x11, 0x11, 0x11, 0x11, 0x13, 0x72, 0x00, 0x00, 0x00,
    0x00, 0x00, 0x00, 0x00, 0x00, 0x02, 0x63, 0x11, 0x11, 0x11, 0x11, 0x13, 0x54, 0x00, 0x00, 0x00, 0x00, 0x00, 0x00, 0x00, 0x00, 0x04, 0x2A, 0x11,
    0x11, 0x11, 0x11, 0x11, 0xA2, 0x40, 0x00, 0x00, 0x00, 0x00, 0x00, 0x00, 0x00, 0x00, 0x45, 0x31, 0x11, 0x11, 0x11, 0x11, 0x1B, 0x40, 0x00, 0x00,
    0x00, 0x00, 0x00, 0x00, 0x00, 0x00, 0x27, 0x31, 0x11, 0x11, 0x11, 0x11, 0x36, 0x20, 0x00, 0x00, 0x00, 0x00, 0x00, 0x00, 0x00, 0x00, 0x46, 0x31,
    0x11, 0x11, 0x11, 0x11, 0x36, 0x20, 0x00, 0x00, 0x00, 0x00, 0x00, 0x00, 0x00, 0x02, 0x22, 0x13, 0x33, 0x33, 0x33, 0x33, 0x35, 0x40, 0x00, 0x00,
    0x00, 0x00, 0x00, 0x00, 0x02, 0x22, 0x22, 0x67, 0x77, 0x77, 0x77, 0x77, 0x76, 0x20, 0x00, 0x00, 0x00, 0x00, 0x00, 0x00, 0x22, 0x22, 0x02, 0x42,
    0x22, 0x22, 0x22, 0x22, 0x24, 0x20, 0x00, 0x00, 0x00, 0x00, 0x00, 0x22, 0x22, 0x00, 0x00, 0x00, 0x00, 0x00, 0x00, 0x00, 0x00, 0x00, 0x00, 0x00,
    0x00, 0x00, 0x02, 0x22, 0x20, 0x00, 0x00, 0x00, 0x00, 0x00, 0x00, 0x00, 0x00, 0x00, 0x00, 0x00, 0x00, 0x00, 0x00, 0x20, 0x00, 0x00, 0x00, 0x00,
    0x00, 0x00, 0x00, 0x00, 0x00, 0x00, 0x00, 0x00, 0x00, 0x00, 0x00, 0x00, 0x00, 0x00, 0x00, 0x00, 0x00, 0x00, 0x00, 0x00, 0x00, 0x00, 0x00, 0x00,
    0x00, 0x00, 0x00, 0x00, 0x00, 0x00, 0x00, 0x00, 0x00, 0x00, 0x00, 0x00, 0x00, 0x00, 0x00, 0x00, 0x00, 0x00, 0x00, 0x00, 0x00, 0x00, 0x00, 0x00,
    0x00, 0x00, 0x00, 0x00, 0x00, 0x00, 0x00, 0x00,
  },
  {
    0x00, 0x00, 0x00, 0x00, 0x00, 0x00, 0x00, 0x00, 0x00, 0x00, 0x00, 0x00, 0x00, 0x00, 0x00, 0x00, 0x00, 0x00, 0x00, 0x00, 0x00, 0x00, 0x00, 0x00,
    0x00, 0x00, 0x00, 0x00, 0x00, 0x00, 0x00, 0x00, 0x00, 0x00, 0x00, 0x00, 0x00, 0x00, 0x00, 0x00, 0x00, 0x00, 0x00, 0x00, 0x00, 0x00, 0x00, 0x00,
    0x00, 0x00, 0x00, 0x00, 0x00, 0x00, 0x00, 0x00, 0x00, 0x00, 0x00, 0x00, 0x00, 0x00, 0x00, 0x00, 0x00, 0x00, 0x00, 0x00, 0x00, 0x00, 0x00, 0x00,
    0x00, 0x00, 0x00, 0x00, 0x00, 0x00, 0x00, 0x00, 0x00, 0x00, 0x00, 0x00, 0x00, 0x01, 0x11, 0x11, 0x00, 0x00, 0x00, 0x00, 0x00, 0x00, 0x00, 0x00,
    0x00, 0x00, 0x00, 0x00, 0x11, 0x16, 0x55, 0x51, 0x10, 0x00, 0x00, 0x00, 0x00, 0x00, 0x00, 0x00, 0x00, 0x00, 0x00, 0x11, 0x54, 0x97, 0x33, 0x9C,
    0x00, 0x00, 0x00, 0x00, 0x00, 0x00, 0x00, 0x00, 0x00, 0x00, 0x01, 0xC4, 0x38, 0x33, 0x73, 0x41, 0x00, 0x00, 0x00, 0x00, 0x00, 0x00, 0x00, 0x00,
    0x00, 0x00, 0x1C, 0x98, 0x97, 0x93, 0x78, 0x51, 0x00, 0x00, 0x00, 0x00, 0x00, 0x00, 0x00, 0x00, 0x00, 0x00, 0x14, 0x87, 0x33, 0x33, 0x39, 0x61,
    0x00, 0x00, 0x00, 0x00, 0x00, 0x00, 0x00, 0x00, 0x00, 0x01, 0x58, 0x73, 0x33, 0x37, 0x34, 0x10, 0x00, 0x00, 0x00, 0x00, 0x00, 0x00, 0x00, 0x00,
    0x00, 0x01, 0x43, 0x93, 0x33, 0x93, 0x36, 0x10, 0x00, 0x11, 0x10, 0x00, 0x00, 0x00, 0x00, 0x00, 0x00, 0x15, 0x33, 0x33, 0x97, 0x38, 0x51, 0x00,
    0x01, 0xD5, 0x61, 0x11, 0x00, 0x00, 0x00, 0x00, 0x00, 0x15, 0x87, 0x77, 0x33, 0x35, 0x10, 0x00, 0x01, 0x6A, 0x24, 0xB6, 0x11, 0x00, 0x00, 0x00,
    0x00, 0x14, 0x83, 0x88, 0x74, 0x61, 0x00, 0x00, 0x01, 0x62, 0x22, 0xA2, 0xBD, 0x10, 0x00, 0x00, 0x00, 0x14, 0x44, 0x55, 0x61, 0x10, 0x00, 0x00,
    0x01, 0x64, 0x22, 0x22, 0xE4, 0x61, 0x00, 0x00, 0x00, 0x11, 0x11, 0x11, 0x10, 0x00, 0x00, 0x00, 0x00, 0x14, 0x22, 0x22, 0x22, 0x4D, 0x10, 0x00,
    0x00, 0x00, 0x00, 0x00, 0x00, 0x00, 0x00, 0x00, 0x00, 0x1B, 0x22, 0x22, 0x22, 0xAB, 0x10, 0x00, 0x00, 0x00, 0x00, 0x00, 0x00, 0x00, 0x00, 0x00,
    0x00, 0x15, 0xA2, 0x22, 0x22, 0x22, 0xD1, 0x00, 0x00, 0x00, 0x00, 0x00, 0x00, 0x00, 0x00, 0x00, 0x00, 0x01, 0x42, 0x22, 0x22, 0x2A, 0x51, 0x00,
    0x00, 0x00, 0x00, 0x00, 0x00, 0x00, 0x00, 0x00, 0x00, 0x01, 0x6E, 0x22, 0x22, 0x2E, 0xB1, 0x00, 0x00, 0x00, 0x00, 0x00, 0x00, 0x00, 0x00, 0x00,
    0x00, 0x00, 0x15, 0x22, 0x22, 0x22, 0x41, 0x00, 0x00, 0x00, 0x00, 0x00, 0x00, 0x00, 0x00, 0x00, 0x00, 0x00, 0x01, 0x64, 0xA2, 0x22, 0x41, 0x00,
    0x00, 0x00, 0x00, 0x00, 0x00, 0x00, 0x00, 0x00, 0x00, 0x00, 0x00, 0x11, 0x6B, 0x42, 0x2C, 0x00, 0x00, 0x00, 0x00, 0x00, 0x00, 0x00, 0x00, 0x00,
    0x00, 0x00, 0x00, 0x00, 0x11, 0xC6, 0x51, 0x00, 0x00, 0x00, 0x00, 0x00, 0x00, 0x00, 0x00, 0x00, 0x00, 0x00, 0x00, 0x00, 0x00, 0x01, 0x11, 0x00,
    0x00, 0x00, 0x00, 0x00, 0x00, 0x00, 0x00, 0x00, 0x00, 0x00, 0x00, 0x00, 0x00, 0x00, 0x00, 0x00, 0x00, 0x00, 0x00, 0x00, 0x00, 0x00, 0x00, 0x00,
    0x00, 0x00, 0x00, 0x00, 0x00, 0x00, 0x00, 0x00, 0x00, 0x00, 0x00, 0x00, 0x00, 0x00, 0x00, 0x00, 0x00, 0x00, 0x00, 0x00, 0x00, 0x00, 0x00, 0x00,
    0x00, 0x00, 0x00, 0x00, 0x00, 0x00, 0x00, 0x00, 0x00, 0x00, 0x00, 0x00, 0x00, 0x00, 0x00, 0x00, 0x00, 0x00, 0x00, 0x00, 0x00, 0x00, 0x00, 0x00,
    0x00, 0x00, 0x00, 0x00, 0x00, 0x00, 0x00, 0x00,
  },
  {
    0x00, 0x00, 0x00, 0x00, 0x00, 0x00, 0x00, 0x00, 0x00, 0x00, 0x00, 0x00, 0x00, 0x00, 0x00, 0x00, 0x00, 0x00, 0x00, 0x00, 0x00, 0x00, 0x00, 0x00,
    0x00, 0x00, 0x00, 0x00, 0x00, 0x00, 0x00, 0x00, 0x00, 0x00, 0x00, 0x00, 0x00, 0x00, 0x11, 0x11, 0x11, 0x10, 0x00, 0x00, 0x10, 0x00, 0x00, 0x00,
    0x00, 0x00, 0x00, 0x00, 0x00, 0x00, 0x15, 0x55, 0x55, 0x60, 0x00, 0x11, 0x11, 0x00, 0x00, 0x00, 0x00, 0x00, 0x00, 0x00, 0x00, 0x00, 0x15, 0x99,
    0x59, 0x60, 0x00, 0x11, 0x11, 0x00, 0x00, 0x00, 0x00, 0x00, 0x00, 0x00, 0x00, 0x00, 0x15, 0x99, 0x59, 0x60, 0x00, 0x11, 0x11, 0x00, 0x00, 0x00,
    0x00, 0x00, 0x00, 0x11, 0x10, 0x00, 0x15, 0x55, 0x55, 0x60, 0x00, 0x01, 0x00, 0x00, 0x00, 0x00, 0x00, 0x00, 0x00, 0x11, 0x11, 0x01, 0x16, 0x66,
    0x66, 0x11, 0x00, 0x00, 0x00, 0x00, 0x00, 0x00, 0x00, 0x00, 0x00, 0x11, 0x10, 0x00, 0x34, 0x44, 0x48, 0x39, 0x00, 0x00, 0x00, 0x00, 0x00, 0x00,
    0x00, 0x00, 0x00, 0x11, 0x11, 0x01, 0x32, 0x22, 0x22, 0x8C, 0x00, 0x00, 0x00, 0x00, 0x00, 0x00, 0x00, 0x00, 0x00, 0x00, 0x00, 0x09, 0x2A, 0x32,
    0x8B, 0xDA, 0x10, 0x00, 0x00, 0x00, 0x00, 0x00, 0x00, 0x00, 0x00, 0x00, 0x00, 0x13, 0x2A, 0x32, 0x8B, 0x43, 0x60, 0x00, 0x00, 0x00, 0x00, 0x00,
    0x00, 0x01, 0x10, 0x00, 0x00, 0x13, 0x22, 0x22, 0x22, 0x73, 0x60, 0x00, 0x00, 0x11, 0x00, 0x00, 0x00, 0x00, 0x10, 0x00, 0x00, 0x1A, 0x23, 0x42,
    0x23, 0x83, 0x60, 0x00, 0x00, 0x10, 0x00, 0x00, 0x00, 0x11, 0x11, 0x00, 0x00, 0x0C, 0x23, 0x5B, 0x9B, 0x4B, 0x10, 0x00, 0x00, 0x11, 0x10, 0x00,
    0x00, 0x01, 0x11, 0x11, 0x00, 0x01, 0xB2, 0x24, 0x72, 0xA1, 0x00, 0x00, 0x11, 0x11, 0x00, 0x00, 0x00, 0x00, 0x00, 0x11, 0x11, 0x10, 0x1C, 0xA3,
    0x39, 0x10, 0x01, 0x11, 0x10, 0x00, 0x00, 0x00, 0x00, 0x00, 0x00, 0x00, 0x01, 0x11, 0x54, 0x3A, 0xA3, 0x31, 0x11, 0x00, 0x00, 0x00, 0x00, 0x00,
    0x00, 0x00, 0x10, 0x00, 0x00, 0x03, 0x82, 0x22, 0x22, 0x33, 0xA0, 0x00, 0x00, 0x11, 0x10, 0x00, 0x00, 0x01, 0x11, 0x00, 0x00, 0x13, 0x22, 0x22,
    0x22, 0x4D, 0xC0, 0x00, 0x00, 0x11, 0x11, 0x00, 0x00, 0x11, 0x11, 0x00, 0x01, 0xE2, 0x22, 0x24, 0x22, 0x44, 0x31, 0x00, 0x01, 0x11, 0x10, 0x00,
    0x00, 0x01, 0x11, 0x00, 0x06, 0x82, 0x22, 0x41, 0x32, 0xD8, 0xD5, 0x00, 0x00, 0x11, 0x10, 0x00, 0x00, 0x00, 0x00, 0x00, 0x0C, 0x72, 0x22, 0x23,
    0x42, 0x78, 0x4B, 0x10, 0x00, 0x00, 0x00, 0x00, 0x00, 0x00, 0x00, 0x00, 0x0C, 0x72, 0x22, 0x28, 0x72, 0x78, 0x4B, 0x10, 0x00, 0x00, 0x00, 0x00,
    0x00, 0x00, 0x00, 0x00, 0x0C, 0x72, 0x22, 0x41, 0x32, 0x78, 0x4B, 0x10, 0x00, 0x00, 0x00, 0x00, 0x00, 0x00, 0x00, 0x00, 0x01, 0x32, 0x22, 0x23,
    0x72, 0x4D, 0x8C, 0x00, 0x00, 0x00, 0x00, 0x00, 0x00, 0x00, 0x00, 0x00, 0x00, 0x52, 0x22, 0x23, 0x72, 0x47, 0xE1, 0x00, 0x00, 0x00, 0x00, 0x00,
    0x00, 0x00, 0x00, 0x00, 0x00, 0x1B, 0x72, 0x71, 0x32, 0x4A, 0x60, 0x00, 0x00, 0x00, 0x00, 0x00, 0x00, 0x00, 0x00, 0x00, 0x00, 0x01, 0x53, 0x43,
    0x43, 0x96, 0x00, 0x00, 0x00, 0x00, 0x00, 0x00, 0x00, 0x00, 0x00, 0x00, 0x00, 0x00, 0x01, 0x69, 0x51, 0x60, 0x00, 0x00, 0x00, 0x00, 0x00, 0x00,
    0x00, 0x00, 0x00, 0x00, 0x00, 0x00, 0x00, 0x00, 0x00, 0x00, 0x00, 0x00, 0x00, 0x00, 0x00, 0x00, 0x00, 0x00, 0x00, 0x00, 0x00, 0x00, 0x00, 0x00,
    0x00, 0x00, 0x00, 0x00, 0x00, 0x00, 0x00, 0x00,
  },
  {
    0x00, 0x00, 0x00, 0x00, 0x00, 0x00, 0x00, 0x00, 0x00, 0x00, 0x00, 0x00, 0x00, 0x00, 0x00, 0x00, 0x00, 0x00, 0x00, 0x00, 0x00, 0x00, 0x00, 0x00,
    0x00, 0x00, 0x00, 0x00, 0x00, 0x00, 0x00, 0x00, 0x00, 0x00, 0x00, 0x00, 0x00, 0x00, 0x00, 0x00, 0x00, 0x00, 0x00, 0x00, 0x00, 0x00, 0x00, 0x00,
    0x00, 0x00, 0x00, 0x00, 0x00, 0x00, 0x00, 0x00, 0x00, 0x00, 0x00, 0x00, 0x00, 0x00, 0x00, 0x00, 0x00, 0x00, 0x00, 0x00, 0x00, 0x00, 0x00, 0x01,
    0x10, 0x00, 0x00, 0x00, 0x00, 0x00, 0x00, 0x00, 0x00, 0x00, 0x00, 0x00, 0x00, 0x00, 0x00, 0x11, 0x10, 0x00, 0x00, 0x00, 0x00, 0x00, 0x00, 0x00,
    0x00, 0x00, 0x00, 0x00, 0x00, 0x00, 0x00, 0x11, 0x11, 0x00, 0x00, 0x00, 0x00, 0x00, 0x00, 0x00, 0x00, 0x00, 0x00, 0x00, 0x00, 0x00, 0x01, 0x66,
    0x66, 0x10, 0x00, 0x00, 0x00, 0x00, 0x00, 0x00, 0x00, 0x00, 0x00, 0x00, 0x00, 0x00, 0x01, 0xB5, 0x58, 0x10, 0x00, 0x00, 0x00, 0x00, 0x00, 0x00,
    0x00, 0x00, 0x00, 0x00, 0x00, 0x00, 0x16, 0x35, 0x54, 0x61, 0x00, 0x00, 0x00, 0x00, 0x00, 0x00, 0x00, 0x00, 0x00, 0x00, 0x00, 0x00, 0x1B, 0x7A,
    0x57, 0x81, 0x00, 0x00, 0x00, 0x00, 0x00, 0x00, 0x00, 0x00, 0x00, 0x00, 0x00, 0x01, 0x63, 0x7A, 0x54, 0x25, 0x10, 0x00, 0x00, 0x00, 0x00, 0x00,
    0x00, 0x00, 0x00, 0x00, 0x00, 0x11, 0x83, 0x7A, 0x54, 0x27, 0x11, 0x00, 0x00, 0x00, 0x00, 0x00, 0x00, 0x00, 0x00, 0x00, 0x00, 0x1A, 0x33, 0x7A,
    0x54, 0x24, 0x51, 0x00, 0x00, 0x00, 0x00, 0x00, 0x00, 0x00, 0x00, 0x00, 0x01, 0x13, 0x33, 0x7A, 0x54, 0x22, 0x76, 0x10, 0x00, 0x00, 0x00, 0x00,
    0x00, 0x00, 0x00, 0x00, 0x01, 0x53, 0x33, 0x7A, 0x54, 0x22, 0x48, 0x10, 0x00, 0x00, 0x00, 0x00, 0x00, 0x00, 0x00, 0x00, 0x16, 0x33, 0x33, 0x7A,
    0x54, 0x22, 0x22, 0x61, 0x00, 0x00, 0x00, 0x00, 0x00, 0x00, 0x00, 0x01, 0x1B, 0x33, 0x33, 0x7A, 0x54, 0x22, 0x24, 0x81, 0x00, 0x00, 0x00, 0x00,
    0x00, 0x00, 0x00, 0x01, 0x63, 0x33, 0x33, 0x7A, 0x54, 0x22, 0x22, 0x45, 0x10, 0x00, 0x00, 0x00, 0x00, 0x00, 0x00, 0x11, 0x83, 0x33, 0x33, 0x7A,
    0x54, 0x22, 0x22, 0x47, 0x61, 0x00, 0x00, 0x00, 0x00, 0x00, 0x00, 0x15, 0x33, 0x33, 0x33, 0x75, 0x54, 0x22, 0x22, 0x24, 0xB1, 0x00, 0x00, 0x00,
    0x00, 0x00, 0x01, 0x63, 0x33, 0x33, 0x33, 0xB6, 0x54, 0x22, 0x22, 0x22, 0x26, 0x10, 0x00, 0x00, 0x00, 0x00, 0x01, 0xB7, 0x3B, 0xA6, 0x61, 0x66,
    0x54, 0x22, 0x22, 0x22, 0x48, 0x10, 0x00, 0x00, 0x00, 0x00, 0x16, 0x33, 0x66, 0xDE, 0xEC, 0x9D, 0x57, 0x22, 0x22, 0x22, 0x24, 0x51, 0x00, 0x00,
    0x00, 0x01, 0x1B, 0x36, 0x69, 0x99, 0x99, 0x9D, 0x57, 0x22, 0x22, 0x22, 0x24, 0x31, 0x10, 0x00, 0x00, 0x01, 0x57, 0xB6, 0x99, 0x99, 0x99, 0xFD,
    0x57, 0x44, 0x44, 0x44, 0x44, 0x45, 0x10, 0x00, 0x00, 0x11, 0xB3, 0x66, 0xCC, 0xCC, 0xCC, 0xC6, 0x53, 0x88, 0x88, 0x88, 0x88, 0x88, 0x61, 0x00,
    0x00, 0x11, 0x11, 0x11, 0x11, 0x11, 0x11, 0x11, 0x11, 0x11, 0x11, 0x11, 0x11, 0x11, 0x11, 0x00, 0x00, 0x00, 0x00, 0x00, 0x00, 0x00, 0x00, 0x00,
    0x00, 0x00, 0x00, 0x00, 0x00, 0x00, 0x00, 0x00, 0x00, 0x00, 0x00, 0x00, 0x00, 0x00, 0x00, 0x00, 0x00, 0x00, 0x00, 0x00, 0x00, 0x00, 0x00, 0x00,
    0x00, 0x00, 0x00, 0x00, 0x00, 0x00, 0x00, 0x00, 0x00, 0x00, 0x00, 0x00, 0x00, 0x00, 0x00, 0x00, 0x00, 0x00, 0x00, 0x00, 0x00, 0x00, 0x00, 0x00,
    0x00, 0x00, 0x00, 0x00, 0x00, 0x00, 0x00, 0x00,
  },
  {
    0x00, 0x00, 0x00, 0x00, 0x00, 0x00, 0x00, 0x00, 0x00, 0x00, 0x00, 0x00, 0x00, 0x00, 0x00, 0x00, 0x00, 0x00, 0x00, 0x00, 0x00, 0x00, 0x00, 0x00,
    0x00, 0x00, 0x00, 0x00, 0x00, 0x00, 0x00, 0x00, 0x00, 0x00, 0x00, 0x00, 0x00, 0x00, 0x00, 0x03, 0x00, 0x00, 0x00, 0x00, 0x00, 0x00, 0x00, 0x00,
    0x00, 0x00, 0x00, 0x00, 0x00, 0x00, 0x00, 0x03, 0x80, 0x00, 0x00, 0x00, 0x00, 0x00, 0x00, 0x00, 0x00, 0x00, 0x00, 0x00, 0x00, 0x00, 0x00, 0x06,
    0xA8, 0x00, 0x00, 0x00, 0x00, 0x00, 0x00, 0x00, 0x00, 0x00, 0x00, 0x00, 0x00, 0x00, 0x00, 0x06, 0x57, 0x30, 0x00, 0x00, 0x00, 0x00, 0x00, 0x00,
    0x00, 0x00, 0x00, 0x00, 0x00, 0x00, 0x00, 0x08, 0x75, 0xA3, 0x00, 0x00, 0x00, 0x00, 0x00, 0x00, 0x00, 0x00, 0x00, 0x00, 0x00, 0x03, 0x00, 0x08,
    0x51, 0x46, 0x00, 0x00, 0x00, 0x00, 0x00, 0x00, 0x00, 0x00, 0x00, 0x00, 0x00, 0x03, 0x08, 0x39, 0x41, 0x4A, 0x30, 0x00, 0x00, 0x00, 0x00, 0x00,
    0x00, 0x00, 0x00, 0x00, 0x00, 0x33, 0x08, 0xC5, 0x11, 0x11, 0x60, 0x00, 0x00, 0x00, 0x00, 0x00, 0x00, 0x00, 0x00, 0x00, 0x00, 0x30, 0x39, 0x51,
    0x11, 0x14, 0xA3, 0x00, 0x00, 0x00, 0x00, 0x00, 0x00, 0x00, 0x00, 0x00, 0x00, 0x00, 0x37, 0x41, 0x11, 0x14, 0x53, 0x00, 0x00, 0x00, 0x00, 0x00,
    0x00, 0x00, 0x00, 0x00, 0x00, 0x00, 0x61, 0x11, 0x11, 0x11, 0x56, 0x00, 0x00, 0x00, 0x00, 0x00, 0x00, 0x00, 0x00, 0x00, 0x00, 0x00, 0x94, 0x11,
    0x11, 0x11, 0x16, 0x00, 0x00, 0x00, 0x00, 0x00, 0x00, 0x00, 0x00, 0x00, 0x03, 0x03, 0x94, 0x11, 0x51, 0x11, 0x46, 0x08, 0x00, 0x00, 0x00, 0x00,
    0x00, 0x00, 0x00, 0x00, 0x36, 0x03, 0x94, 0x11, 0x75, 0x11, 0x49, 0x33, 0x00, 0x00, 0x00, 0x00, 0x00, 0x00, 0x00, 0x00, 0x99, 0x00, 0x94, 0x1B,
    0x7B, 0x11, 0x15, 0x7C, 0x30, 0x00, 0x00, 0x00, 0x00, 0x00, 0x00, 0x03, 0xA7, 0x33, 0xA4, 0x52, 0x22, 0x11, 0x11, 0x45, 0x30, 0x00, 0x00, 0x00,
    0x00, 0x00, 0x00, 0x03, 0x54, 0xAA, 0x11, 0xB2, 0x22, 0x11, 0x11, 0x15, 0x80, 0x00, 0x00, 0x00, 0x00, 0x00, 0x00, 0x08, 0x51, 0x44, 0x11, 0x22,
    0x22, 0x11, 0x11, 0x15, 0x60, 0x00, 0x00, 0x00, 0x00, 0x00, 0x00, 0x08, 0x54, 0x11, 0x15, 0x22, 0x22, 0x11, 0x11, 0x45, 0x80, 0x00, 0x00, 0x00,
    0x00, 0x00, 0x00, 0x03, 0x74, 0x11, 0x15, 0x22, 0x22, 0x51, 0x11, 0x45, 0x30, 0x00, 0x00, 0x00, 0x00, 0x00, 0x00, 0x03, 0xC4, 0x11, 0x1B, 0x22,
    0x22, 0x2B, 0x11, 0x4A, 0x30, 0x00, 0x00, 0x00, 0x00, 0x00, 0x00, 0x00, 0x61, 0x1B, 0x22, 0x22, 0x22, 0x7B, 0x11, 0x16, 0x00, 0x00, 0x00, 0x00,
    0x00, 0x00, 0x00, 0x00, 0x3C, 0x4B, 0x72, 0x22, 0x22, 0x2B, 0x14, 0xA3, 0x00, 0x00, 0x00, 0x00, 0x00, 0x00, 0x00, 0x00, 0x06, 0x51, 0x72, 0x22,
    0x22, 0x22, 0x11, 0x90, 0x00, 0x00, 0x00, 0x00, 0x00, 0x00, 0x00, 0x00, 0x05, 0x41, 0x27, 0x22, 0x22, 0x7B, 0x44, 0x50, 0x00, 0x00, 0x00, 0x00,
    0x00, 0x00, 0x00, 0x00, 0x06, 0x91, 0x42, 0x27, 0x72, 0xB4, 0x59, 0x60, 0x00, 0x00, 0x00, 0x00, 0x00, 0x00, 0x00, 0x00, 0x00, 0x36, 0xA5, 0x22,
    0x25, 0x5C, 0x63, 0x00, 0x00, 0x00, 0x00, 0x00, 0x00, 0x00, 0x00, 0x00, 0x00, 0x00, 0x38, 0xDD, 0xD6, 0x63, 0x00, 0x00, 0x00, 0x00, 0x00, 0x00,
    0x00, 0x00, 0x00, 0x00, 0x00, 0x00, 0x00, 0x00, 0x00, 0x00, 0x00, 0x00, 0x00, 0x00, 0x00, 0x00, 0x00, 0x00, 0x00, 0x00, 0x00, 0x00, 0x00, 0x00,
    0x00, 0x00, 0x00, 0x00, 0x00, 0x00, 0x00, 0x00,
  },
  {
    0x00, 0x00, 0x00, 0x00, 0x00, 0x00, 0x00, 0x00, 0x00, 0x00, 0x00, 0x00, 0x00, 0x00, 0x00, 0x00, 0x00, 0x00, 0x00, 0x00, 0x00, 0x00, 0x00, 0x00,
    0x00, 0x00, 0x00, 0x00, 0x00, 0x00, 0x00, 0x00, 0x00, 0x00, 0x00, 0x00, 0x00, 0x00, 0x00, 0x00, 0x00, 0x00, 0x00, 0x00, 0x00, 0x00, 0x00, 0x00,
    0x00, 0x00, 0x00, 0x00, 0x00, 0x00, 0x00, 0x00, 0x00, 0x00, 0x00, 0x00, 0x00, 0x00, 0x00, 0x00, 0x00, 0x00, 0x00, 0x00, 0x00, 0x00, 0x00, 0x00,
    0x00, 0x00, 0x00, 0x00, 0x00, 0x00, 0x00, 0x00, 0x00, 0x00, 0x00, 0x10, 0x00, 0x00, 0x00, 0x00, 0x00, 0x00, 0x00, 0x00, 0x01, 0x00, 0x00, 0x00,
    0x00, 0x00, 0x00, 0x61, 0x00, 0x00, 0x00, 0x00, 0x00, 0x00, 0x00, 0x00, 0x11, 0x00, 0x00, 0x00, 0x00, 0x00, 0x00, 0x01, 0x11, 0x00, 0x00, 0x00,
    0x00, 0x00, 0x00, 0x01, 0x10, 0x00, 0x00, 0x00, 0x00, 0x00, 0x00, 0x00, 0x01, 0x10, 0x00, 0x00, 0x00, 0x00, 0x01, 0x11, 0x00, 0x00, 0x00, 0x00,
    0x00, 0x00, 0x00, 0x00, 0x00, 0x11, 0x00, 0x00, 0x00, 0x00, 0x11, 0x00, 0x00, 0x00, 0x00, 0x00, 0x00, 0x00, 0x00, 0x00, 0x00, 0x01, 0x11, 0x00,
    0x00, 0x11, 0x10, 0x00, 0x00, 0x00, 0x00, 0x00, 0x00, 0x00, 0x00, 0x00, 0x00, 0x00, 0x11, 0x12, 0x41, 0x11, 0x00, 0x00, 0x00, 0x00, 0x00, 0x00,
    0x00, 0x00, 0x00, 0x00, 0x00, 0x00, 0x00, 0x68, 0x36, 0x00, 0x00, 0x00, 0x00, 0x00, 0x00, 0x00, 0x00, 0x00, 0x00, 0x00, 0x00, 0x00, 0x00, 0x97,
    0x7A, 0x40, 0x00, 0x00, 0x00, 0x00, 0x00, 0x00, 0x00, 0x00, 0x00, 0x00, 0x00, 0x00, 0x00, 0x63, 0x31, 0x00, 0x00, 0x00, 0x00, 0x00, 0x00, 0x00,
    0x00, 0x00, 0x00, 0x00, 0x00, 0x00, 0x01, 0x61, 0x26, 0x11, 0x00, 0x00, 0x00, 0x00, 0x00, 0x00, 0x00, 0x00, 0x00, 0x00, 0x00, 0x01, 0x21, 0x23,
    0x54, 0x12, 0x10, 0x00, 0x00, 0x00, 0x00, 0x00, 0x00, 0x00, 0x00, 0x00, 0x00, 0x11, 0x10, 0x23, 0x54, 0x06, 0x11, 0x00, 0x00, 0x00, 0x00, 0x00,
    0x00, 0x00, 0x00, 0x00, 0x01, 0x10, 0x00, 0x23, 0x52, 0x00, 0x01, 0x10, 0x00, 0x00, 0x00, 0x00, 0x00, 0x00, 0x00, 0x00, 0x11, 0x00, 0x00, 0x23,
    0x54, 0x00, 0x00, 0x11, 0x10, 0x00, 0x00, 0x00, 0x00, 0x00, 0x00, 0x11, 0x10, 0x00, 0x00, 0x23, 0x54, 0x00, 0x00, 0x00, 0x11, 0x00, 0x00, 0x00,
    0x00, 0x00, 0x00, 0x10, 0x00, 0x00, 0x00, 0x23, 0x54, 0x00, 0x00, 0x00, 0x01, 0x00, 0x00, 0x00, 0x00, 0x00, 0x00, 0x00, 0x00, 0x00, 0x00, 0x23,
    0x54, 0x00, 0x00, 0x00, 0x00, 0x00, 0x00, 0x00, 0x00, 0x00, 0x00, 0x00, 0x00, 0x00, 0x00, 0x23, 0x54, 0x00, 0x00, 0x00, 0x00, 0x00, 0x00, 0x00,
    0x00, 0x00, 0x00, 0x00, 0x00, 0x00, 0x00, 0x23, 0x54, 0x00, 0x00, 0x00, 0x00, 0x00, 0x00, 0x00, 0x00, 0x00, 0x00, 0x00, 0x00, 0x00, 0x00, 0x23,
    0x54, 0x00, 0x00, 0x00, 0x00, 0x00, 0x00, 0x00, 0x00, 0x00, 0x00, 0x00, 0x00, 0x00, 0x00, 0x23, 0x54, 0x00, 0x00, 0x00, 0x00, 0x00, 0x00, 0x00,
    0x00, 0x00, 0x00, 0x00, 0x00, 0x00, 0x00, 0x23, 0x34, 0x00, 0x00, 0x00, 0x00, 0x00, 0x00, 0x00, 0x00, 0x00, 0x00, 0x00, 0x00, 0x00, 0x00, 0x01,
    0x20, 0x00, 0x00, 0x00, 0x00, 0x00, 0x00, 0x00, 0x00, 0x00, 0x00, 0x00, 0x00, 0x00, 0x00, 0x00, 0x00, 0x00, 0x00, 0x00, 0x00, 0x00, 0x00, 0x00,
    0x00, 0x00, 0x00, 0x00, 0x00, 0x00, 0x00, 0x00, 0x00, 0x00, 0x00, 0x00, 0x00, 0x00, 0x00, 0x00, 0x00, 0x00, 0x00, 0x00, 0x00, 0x00, 0x00, 0x00,
    0x00, 0x00, 0x00, 0x00, 0x00, 0x00, 0x00, 0x00,
  },
  {
    0x00, 0x00, 0x00, 0x00, 0x00, 0x00, 0x00, 0x00, 0x00, 0x00, 0x00, 0x00, 0x00, 0x00, 0x00, 0x00, 0x00, 0x00, 0x00, 0x00, 0x00, 0x00, 0x00, 0x00,
    0x00, 0x00, 0x00, 0x00, 0x00, 0x00, 0x00, 0x00, 0x00, 0x00, 0x00, 0x00, 0x33, 0x33, 0x33, 0x33, 0x33, 0x33, 0x33, 0x33, 0x20, 0x00, 0x00, 0x00,
    0x00, 0x00, 0x00, 0x03, 0x68, 0x88, 0x88, 0x88, 0x88, 0x88, 0x85, 0x56, 0x30, 0x00, 0x00, 0x00, 0x00, 0x00, 0x00, 0x03, 0xA1, 0x11, 0x11, 0x11,
    0x11, 0x11, 0x1A, 0x95, 0x30, 0x00, 0x00, 0x00, 0x00, 0x00, 0x00, 0x03, 0x86, 0x22, 0x22, 0x22, 0x22, 0x22, 0x22, 0x65, 0x30, 0x00, 0x00, 0x00,
    0x00, 0x00, 0x00, 0x03, 0x62, 0x55, 0x55, 0x55, 0x55, 0x55, 0x55, 0x25, 0x20, 0x00, 0x00, 0x00, 0x00, 0x00, 0x00, 0x02, 0x62, 0x55, 0x65, 0x66,
    0x66, 0x66, 0x66, 0x26, 0x20, 0x00, 0x00, 0x00, 0x00, 0x00, 0x00, 0x02, 0x63, 0x32, 0x22, 0x22, 0x22, 0x22, 0x33, 0x36, 0x20, 0x00, 0x00, 0x00,
    0x00, 0x00, 0x00, 0x03, 0x62, 0x27, 0xB4, 0x47, 0xB4, 0xCD, 0x26, 0x25, 0x20, 0x00, 0x00, 0x00, 0x00, 0x00, 0x00, 0x03, 0x63, 0x72, 0x74, 0x72,
    0x44, 0xB2, 0x2E, 0x35, 0x20, 0x00, 0x00, 0x00, 0x00, 0x00, 0x00, 0x03, 0x86, 0x62, 0x7B, 0x2B, 0x44, 0xB2, 0x72, 0x25, 0x30, 0x00, 0x00, 0x00,
    0x00, 0x00, 0x00, 0x03, 0x81, 0x16, 0x7B, 0x24, 0x44, 0xB2, 0x1A, 0x95, 0x30, 0x00, 0x00, 0x00, 0x00, 0x00, 0x00, 0x03, 0x81, 0x16, 0x74, 0x22,
    0x44, 0xB2, 0x1A, 0x95, 0x30, 0x00, 0x00, 0x00, 0x00, 0x00, 0x00, 0x03, 0x81, 0x16, 0x74, 0x42, 0x74, 0xB2, 0x1A, 0x95, 0x30, 0x00, 0x00, 0x00,
    0x00, 0x00, 0x00, 0x03, 0x81, 0x16, 0x74, 0x44, 0x27, 0x42, 0x1A, 0x95, 0x30, 0x00, 0x00, 0x00, 0x00, 0x00, 0x00, 0x03, 0x81, 0x16, 0x74, 0x44,
    0x42, 0x76, 0x1A, 0x95, 0x30, 0x00, 0x00, 0x00, 0x00, 0x00, 0x00, 0x03, 0x81, 0x15, 0x27, 0x77, 0x77, 0x32, 0x1A, 0x95, 0x30, 0x00, 0x00, 0x00,
    0x00, 0x00, 0x00, 0x03, 0x81, 0x11, 0x56, 0x66, 0x66, 0x65, 0x1A, 0x95, 0x30, 0x00, 0x00, 0x00, 0x00, 0x00, 0x00, 0x03, 0x81, 0x11, 0x11, 0x11,
    0x11, 0x11, 0x1A, 0x95, 0x30, 0x00, 0x00, 0x00, 0x00, 0x00, 0x00, 0x03, 0x81, 0x11, 0x11, 0x11, 0x11, 0x11, 0x1A, 0x95, 0x30, 0x00, 0x00, 0x00,
    0x00, 0x00, 0x00, 0x03, 0x81, 0x11, 0x11, 0x11, 0x11, 0x11, 0x1A, 0x95, 0x30, 0x00, 0x00, 0x00, 0x00, 0x00, 0x00, 0x03, 0x51, 0x11, 0x11, 0x11,
    0x11, 0x11, 0x19, 0x95, 0x30, 0x00, 0x00, 0x00, 0x00, 0x00, 0x00, 0x03, 0x32, 0x22, 0x22, 0x22, 0x22, 0x22, 0x22, 0x23, 0x30, 0x00, 0x00, 0x00,
    0x00, 0x00, 0x00, 0x00, 0x00, 0x00, 0x74, 0x44, 0x44, 0x40, 0x00, 0x00, 0x00, 0x00, 0x00, 0x00, 0x00, 0x00, 0x00, 0x00, 0x00, 0x00, 0x07, 0x44,
    0x44, 0x70, 0x00, 0x00, 0x00, 0x00, 0x00, 0x00, 0x00, 0x00, 0x00, 0x00, 0x00, 0x00, 0x02, 0x44, 0x44, 0x20, 0x00, 0x00, 0x00, 0x00, 0x00, 0x00,
    0x00, 0x00, 0x00, 0x00, 0x00, 0x00, 0x02, 0x44, 0x44, 0x20, 0x00, 0x00, 0x00, 0x00, 0x00, 0x00, 0x00, 0x00, 0x00, 0x00, 0x00, 0x00, 0x02, 0x44,
    0x44, 0x20, 0x00, 0x00, 0x00, 0x00, 0x00, 0x00, 0x00, 0x00, 0x00, 0x00, 0x00, 0x00, 0x02, 0x77, 0x72, 0x30, 0x00, 0x00, 0x00, 0x00, 0x00, 0x00,
    0x00, 0x00, 0x00, 0x00, 0x00, 0x00, 0x00, 0x00, 0x00, 0x00, 0x00, 0x00, 0x00, 0x00, 0x00, 0x00, 0x00, 0x00, 0x00, 0x00, 0x00, 0x00, 0x00, 0x00,
    0x00, 0x00, 0x00, 0x00, 0x00, 0x00, 0x00, 0x00,
  },
  {
    0x00, 0x00, 0x00, 0x00, 0x00, 0x00, 0x00, 0x00, 0x00, 0x00, 0x00, 0x00, 0x00, 0x00, 0x00, 0x00, 0x00, 0x00, 0x00, 0x00, 0x00, 0x00, 0x00, 0x00,
    0x00, 0x00, 0x00, 0x00, 0x00, 0x00, 0x00, 0x00, 0x00, 0x52, 0x22, 0x22, 0x22, 0x22, 0x22, 0x22, 0x22, 0x22, 0x22, 0x22, 0x22, 0x22, 0x25, 0x00,
    0x00, 0x23, 0x33, 0x33, 0x33, 0x33, 0x33, 0x33, 0x33, 0x33, 0x33, 0x33, 0x33, 0x33, 0x32, 0x00, 0x00, 0x23, 0x11, 0x46, 0x64, 0x11, 0x11, 0x11,
    0x11, 0x16, 0x11, 0x11, 0x11, 0x11, 0x32, 0x00, 0x00, 0x23, 0x13, 0x4D, 0xD4, 0x67, 0x17, 0x77, 0x76, 0x44, 0x67, 0x17, 0x77, 0x71, 0x32, 0x00,
    0x00, 0x23, 0x64, 0xEC, 0xCE, 0x46, 0x41, 0x11, 0x46, 0xDC, 0x46, 0x11, 0x11, 0x71, 0x32, 0x00, 0x00, 0x23, 0x64, 0xCC, 0xCC, 0x46, 0x41, 0x11,
    0x46, 0x4C, 0xD4, 0x47, 0x17, 0x71, 0x32, 0x00, 0x00, 0x23, 0x44, 0xDC, 0xCE, 0x44, 0x11, 0x11, 0x46, 0x4C, 0xE4, 0x46, 0x66, 0x61, 0x32, 0x00,
    0x00, 0x23, 0xA6, 0xDD, 0xDD, 0x64, 0x11, 0x14, 0x44, 0xDC, 0xE4, 0x74, 0xED, 0x61, 0x32, 0x00, 0x00, 0x23, 0x17, 0x66, 0x66, 0x11, 0x11, 0x46,
    0x44, 0xCC, 0xD6, 0x64, 0xCE, 0x6A, 0x32, 0x00, 0x00, 0x23, 0x17, 0x74, 0x44, 0x11, 0x14, 0x6F, 0xEC, 0xCE, 0x64, 0x11, 0x44, 0x61, 0x32, 0x00,
    0x00, 0x23, 0x17, 0x11, 0x11, 0x61, 0x14, 0x6D, 0xCE, 0xD6, 0x17, 0x11, 0x66, 0x71, 0x32, 0x00, 0x00, 0x23, 0x17, 0x11, 0x76, 0xEE, 0x64, 0x16,
    0x46, 0x67, 0x11, 0x71, 0x77, 0x71, 0x32, 0x00, 0x00, 0x23, 0x17, 0x17, 0x46, 0xDF, 0x64, 0x11, 0x64, 0x41, 0x13, 0x11, 0x71, 0x71, 0x32, 0x00,
    0x00, 0x23, 0x11, 0x31, 0x13, 0x66, 0x71, 0x11, 0x71, 0x11, 0x31, 0x31, 0x13, 0x11, 0x32, 0x00, 0x00, 0x23, 0x13, 0x11, 0xB2, 0x4A, 0x31, 0x11,
    0x11, 0x13, 0xA4, 0x2B, 0x11, 0x31, 0x32, 0x00, 0x00, 0x23, 0x11, 0x19, 0x55, 0x24, 0xA3, 0x11, 0x11, 0x3A, 0x42, 0x55, 0x91, 0x17, 0x32, 0x00,
    0x00, 0x23, 0x17, 0x99, 0xB9, 0xB5, 0xBA, 0x31, 0x13, 0xAB, 0x5B, 0x9B, 0x99, 0x31, 0x32, 0x00, 0x00, 0x21, 0x39, 0x98, 0x55, 0xBB, 0x58, 0xA3,
    0x3A, 0xB5, 0xBB, 0x55, 0x89, 0x23, 0x12, 0x00, 0x00, 0x24, 0x29, 0x82, 0x92, 0x99, 0x85, 0x8A, 0xA8, 0x58, 0x99, 0x29, 0x28, 0x92, 0x42, 0x00,
    0x00, 0x52, 0xB8, 0x28, 0x95, 0x89, 0x98, 0x2B, 0x82, 0x89, 0x9B, 0x29, 0x82, 0x8B, 0x25, 0x00, 0x00, 0x55, 0x95, 0x52, 0x55, 0x59, 0x52, 0x55,
    0x55, 0x25, 0x25, 0x55, 0x25, 0x59, 0x55, 0x00, 0x00, 0x58, 0xB8, 0xB8, 0x92, 0x8B, 0x8B, 0x88, 0x88, 0xB8, 0xB8, 0x29, 0x8B, 0x8B, 0x85, 0x00,
    0x00, 0x21, 0xAA, 0x14, 0x89, 0x4A, 0xAA, 0xAA, 0xAA, 0xAA, 0xA4, 0x98, 0x41, 0xAA, 0x12, 0x00, 0x00, 0x23, 0x73, 0x31, 0x89, 0xA3, 0x33, 0x33,
    0x33, 0x33, 0x3A, 0x98, 0x13, 0x37, 0x32, 0x00, 0x00, 0x23, 0x11, 0x3A, 0x89, 0xA3, 0x11, 0x11, 0x11, 0x11, 0x3A, 0x98, 0xA3, 0x11, 0x32, 0x00,
    0x00, 0x23, 0x11, 0x7A, 0x89, 0xA7, 0x11, 0x11, 0x11, 0x11, 0x7A, 0x98, 0xA7, 0x11, 0x32, 0x00, 0x00, 0x23, 0x33, 0x31, 0x89, 0x13, 0x33, 0x33,
    0x33, 0x33, 0x31, 0x98, 0x13, 0x33, 0x32, 0x00, 0x00, 0x52, 0x22, 0x22, 0x55, 0x22, 0x22, 0x22, 0x22, 0x22, 0x22, 0x55, 0x22, 0x22, 0x25, 0x00,
    0x00, 0x00, 0x00, 0x00, 0x00, 0x00, 0x00, 0x00, 0x00, 0x00, 0x00, 0x00, 0x00, 0x00, 0x00, 0x00, 0x00, 0x00, 0x00, 0x00, 0x00, 0x00, 0x00, 0x00,
    0x00, 0x00, 0x00, 0x00, 0x00, 0x00, 0x00, 0x00,
  },
  {
    0x00, 0x00, 0x00, 0x00, 0x00, 0x00, 0x00, 0x00, 0x00, 0x00, 0x00, 0x00, 0x00, 0x00, 0x00, 0x00, 0x00, 0x00, 0x00, 0x00, 0x00, 0x00, 0x00, 0x00,
    0x00, 0x00, 0x00, 0x00, 0x00, 0x00, 0x00, 0x00, 0x00, 0x00, 0x00, 0x00, 0x00, 0x00, 0x00, 0x00, 0x00, 0x00, 0x00, 0x00, 0x00, 0x00, 0x00, 0x00,
    0x00, 0x00, 0x00, 0x00, 0x00, 0x00, 0x00, 0x00, 0x00, 0x00, 0x00, 0x00, 0x00, 0x00, 0x00, 0x00, 0x00, 0x00, 0x00, 0x00, 0x00, 0x00, 0x00, 0x00,
    0x00, 0x00, 0x00, 0x00, 0x00, 0x00, 0x00, 0x00, 0x00, 0x00, 0x00, 0x00, 0x00, 0x00, 0x00, 0x00, 0x00, 0x00, 0x00, 0x00, 0x00, 0x00, 0x00, 0x00,
    0x00, 0x00, 0x00, 0x00, 0x00, 0x00, 0x00, 0x01, 0x10, 0x00, 0x00, 0x00, 0x00, 0x00, 0x00, 0x00, 0x00, 0x00, 0x00, 0x00, 0x00, 0x00, 0x00, 0x11,
    0x11, 0x00, 0x00, 0x00, 0x00, 0x00, 0x00, 0x00, 0x00, 0x00, 0x00, 0x00, 0x00, 0x00, 0x01, 0x62, 0x27, 0x10, 0x00, 0x00, 0x00, 0x00, 0x00, 0x00,
    0x00, 0x00, 0x00, 0x00, 0x00, 0x00, 0x16, 0x22, 0x22, 0x71, 0x00, 0x00, 0x00, 0x00, 0x00, 0x00, 0x00, 0x00, 0x00, 0x00, 0x00, 0x01, 0x12, 0x20,
    0x22, 0x11, 0x11, 0x00, 0x00, 0x00, 0x00, 0x00, 0x00, 0x00, 0x00, 0x00, 0x01, 0x11, 0x10, 0x00, 0x00, 0x01, 0x11, 0x10, 0x00, 0x00, 0x00, 0x00,
    0x00, 0x00, 0x00, 0x00, 0x11, 0x11, 0x00, 0x00, 0x00, 0x00, 0x11, 0x11, 0x00, 0x00, 0x00, 0x00, 0x00, 0x00, 0x00, 0x00, 0x18, 0x33, 0x00, 0x00,
    0x00, 0x00, 0x44, 0x9A, 0x10, 0x00, 0x00, 0x00, 0x00, 0x00, 0x00, 0x01, 0x83, 0x33, 0x30, 0x00, 0x00, 0x04, 0x44, 0x45, 0x10, 0x00, 0x00, 0x00,
    0x00, 0x00, 0x00, 0x01, 0x33, 0x03, 0x30, 0x00, 0x00, 0x04, 0x40, 0x55, 0x10, 0x00, 0x00, 0x00, 0x00, 0x00, 0x00, 0x01, 0x11, 0x00, 0x00, 0x00,
    0x00, 0x00, 0x00, 0x11, 0x10, 0x00, 0x00, 0x00, 0x00, 0x00, 0x00, 0x01, 0x11, 0x00, 0x00, 0x00, 0x00, 0x00, 0x00, 0x11, 0x10, 0x00, 0x00, 0x00,
    0x00, 0x00, 0x00, 0x01, 0x11, 0x00, 0x00, 0x00, 0x00, 0x00, 0x00, 0x11, 0x10, 0x00, 0x00, 0x00, 0x00, 0x00, 0x00, 0x01, 0x11, 0x00, 0x00, 0x00,
    0x00, 0x00, 0x00, 0x11, 0x10, 0x00, 0x00, 0x00, 0x00, 0x00, 0x00, 0x01, 0x11, 0x00, 0x00, 0x00, 0x00, 0x00, 0x00, 0x11, 0x10, 0x00, 0x00, 0x00,
    0x00, 0x00, 0x00, 0x01, 0x11, 0x00, 0x00, 0x00, 0x00, 0x00, 0x00, 0x11, 0x10, 0x00, 0x00, 0x00, 0x00, 0x00, 0x00, 0x01, 0x11, 0x00, 0x00, 0x00,
    0x00, 0x00, 0x00, 0x11, 0x10, 0x00, 0x00, 0x00, 0x00, 0x00, 0x00, 0x01, 0x11, 0x00, 0x00, 0x00, 0x00, 0x00, 0x00, 0x11, 0x10, 0x00, 0x00, 0x00,
    0x00, 0x00, 0x00, 0x01, 0x11, 0x00, 0x00, 0x00, 0x00, 0x00, 0x00, 0x11, 0x10, 0x00, 0x00, 0x00, 0x00, 0x00, 0x00, 0x01, 0x11, 0x00, 0x00, 0x00,
    0x00, 0x00, 0x00, 0x11, 0x10, 0x00, 0x00, 0x00, 0x00, 0x00, 0x00, 0x01, 0x11, 0x00, 0x00, 0x00, 0x00, 0x00, 0x00, 0x11, 0x10, 0x00, 0x00, 0x00,
    0x00, 0x00, 0x00, 0x00, 0x11, 0x00, 0x00, 0x00, 0x00, 0x00, 0x00, 0x11, 0x10, 0x00, 0x00, 0x00, 0x00, 0x00, 0x00, 0x00, 0x00, 0x00, 0x00, 0x00,
    0x00, 0x00, 0x00, 0x00, 0x00, 0x00, 0x00, 0x00, 0x00, 0x00, 0x00, 0x00, 0x00, 0x00, 0x00, 0x00, 0x00, 0x00, 0x00, 0x00, 0x00, 0x00, 0x00, 0x00,
    0x00, 0x00, 0x00, 0x00, 0x00, 0x00, 0x00, 0x00, 0x00, 0x00, 0x00, 0x00, 0x00, 0x00, 0x00, 0x00, 0x00, 0x00, 0x00, 0x00, 0x00, 0x00, 0x00, 0x00,
    0x00, 0x00, 0x00, 0x00, 0x00, 0x00, 0x00, 0x00,
  },
  {
    0x00, 0x00, 0x00, 0x00, 0x00, 0x00, 0x00, 0x00, 0x00, 0x00, 0x00, 0x00, 0x00, 0x00, 0x00, 0x00, 0x00, 0x00, 0x00, 0x00, 0x00, 0x00, 0x00, 0x00,
    0x00, 0x00, 0x00, 0x00, 0x00, 0x00, 0x00, 0x00, 0x00, 0x00, 0x00, 0x00, 0x00, 0x00, 0x00, 0x02, 0x20, 0x00, 0x00, 0x00, 0x00, 0x00, 0x00, 0x00,
    0x00, 0x00, 0x00, 0x00, 0x00, 0x02, 0x22, 0x22, 0x22, 0x22, 0x20, 0x00, 0x00, 0x00, 0x00, 0x00, 0x00, 0x00, 0x00, 0x00, 0x02, 0x29, 0x2B, 0x33,
    0x33, 0xBC, 0x72, 0x20, 0x00, 0x00, 0x00, 0x00, 0x00, 0x00, 0x00, 0x02, 0x2F, 0xB3, 0x44, 0x43, 0x34, 0x44, 0x43, 0x72, 0x20, 0x00, 0x00, 0x00,
    0x00, 0x00, 0x02, 0x29, 0x89, 0xB4, 0x33, 0x33, 0x33, 0x33, 0x42, 0x98, 0x92, 0x20, 0x00, 0x00, 0x00, 0x00, 0x27, 0x16, 0x61, 0x8C, 0x43, 0x33,
    0x33, 0x34, 0xB2, 0x16, 0x61, 0x12, 0x00, 0x00, 0x00, 0x02, 0x96, 0x11, 0x11, 0x68, 0x24, 0x33, 0x33, 0x43, 0x21, 0x61, 0x11, 0x67, 0x20, 0x00,
    0x00, 0x02, 0x16, 0x11, 0x11, 0x67, 0x24, 0x33, 0x33, 0x4C, 0x86, 0x11, 0x11, 0x11, 0x20, 0x00, 0x00, 0x02, 0x11, 0x11, 0x11, 0x61, 0x74, 0x33,
    0x33, 0x42, 0x76, 0x11, 0x11, 0x11, 0x80, 0x00, 0x00, 0x02, 0x11, 0x11, 0x11, 0x61, 0x74, 0x33, 0x33, 0x4C, 0x96, 0x11, 0x11, 0x11, 0x20, 0x00,
    0x00, 0x02, 0x76, 0x11, 0x11, 0x68, 0xB4, 0x33, 0x33, 0x43, 0x21, 0x11, 0x11, 0x61, 0x20, 0x00, 0x00, 0x02, 0x27, 0x66, 0x61, 0x87, 0x43, 0x33,
    0x33, 0x34, 0xC8, 0x16, 0x66, 0x12, 0x20, 0x00, 0x00, 0x02, 0x37, 0x89, 0x98, 0x23, 0x33, 0x34, 0x43, 0x33, 0x4C, 0x29, 0x78, 0x73, 0x92, 0x00,
    0x00, 0x22, 0x34, 0x22, 0x73, 0x43, 0x33, 0x34, 0x53, 0x33, 0x34, 0x37, 0x2B, 0x44, 0x92, 0x00, 0x00, 0x22, 0x33, 0x32, 0xD4, 0x33, 0x33, 0x34,
    0x53, 0x33, 0x33, 0x4E, 0xA3, 0x34, 0x72, 0x00, 0x00, 0x02, 0x34, 0x3A, 0xD3, 0x34, 0x44, 0x45, 0x54, 0x44, 0x43, 0x3E, 0xA3, 0x43, 0xF2, 0x00,
    0x00, 0x02, 0xB4, 0x3A, 0xD4, 0x33, 0xBC, 0xC5, 0x52, 0xCB, 0x23, 0x4E, 0xA3, 0x43, 0x22, 0x00, 0x00, 0x02, 0xC4, 0x4D, 0x77, 0xF2, 0x88, 0x15,
    0x52, 0x88, 0x22, 0x77, 0xA3, 0x4B, 0x20, 0x00, 0x00, 0x02, 0x73, 0x7A, 0xA1, 0x11, 0x66, 0x55, 0x55, 0x26, 0x11, 0x1A, 0xA7, 0x37, 0x20, 0x00,
    0x00, 0x00, 0x2F, 0xAA, 0x76, 0x11, 0x11, 0x55, 0x55, 0x21, 0x11, 0x67, 0x27, 0x22, 0x20, 0x00, 0x00, 0x00, 0x21, 0x6A, 0x71, 0x11, 0x12, 0x55,
    0x55, 0x51, 0x11, 0x17, 0xA1, 0x12, 0x00, 0x00, 0x00, 0x00, 0x21, 0x11, 0x11, 0x11, 0x12, 0x55, 0x55, 0x5E, 0x11, 0x11, 0x11, 0x62, 0x00, 0x00,
    0x00, 0x00, 0x27, 0x66, 0x11, 0x11, 0x15, 0x55, 0x55, 0x52, 0x11, 0x11, 0x16, 0x12, 0x00, 0x00, 0x00, 0x00, 0x02, 0x91, 0x66, 0x61, 0x15, 0x55,
    0x55, 0x55, 0x16, 0x66, 0x17, 0x20, 0x00, 0x00, 0x00, 0x00, 0x00, 0x22, 0x87, 0x11, 0x25, 0x55, 0x55, 0x55, 0x11, 0x19, 0x22, 0x00, 0x00, 0x00,
    0x00, 0x00, 0x00, 0x00, 0x02, 0x22, 0x7E, 0xDD, 0xDD, 0xDE, 0x72, 0x22, 0x00, 0x00, 0x00, 0x00, 0x00, 0x00, 0x00, 0x00, 0x00, 0x02, 0x22, 0x22,
    0x22, 0x22, 0x22, 0x00, 0x00, 0x00, 0x00, 0x00, 0x00, 0x00, 0x00, 0x00, 0x00, 0x00, 0x00, 0x22, 0x22, 0x20, 0x00, 0x00, 0x00, 0x00, 0x00, 0x00,
    0x00, 0x00, 0x00, 0x00, 0x00, 0x00, 0x00, 0x00, 0x00, 0x00, 0x00, 0x00, 0x00, 0x00, 0x00, 0x00, 0x00, 0x00, 0x00, 0x00, 0x00, 0x00, 0x00, 0x00,
    0x00, 0x00, 0x00, 0x00, 0x00, 0x00, 0x00, 0x00,
  },
  {
    0x00, 0x00, 0x00, 0x00, 0x00, 0x00, 0x00, 0x00, 0x00, 0x00, 0x00, 0x00, 0x00, 0x00, 0x00, 0x00, 0x00, 0x00, 0x00, 0x00, 0x00, 0x00, 0x00, 0x00,
    0x00, 0x00, 0x00, 0x00, 0x00, 0x00, 0x00, 0x00, 0x00, 0x00, 0x00, 0x00, 0x00, 0x00, 0x00, 0x03, 0x30, 0x00, 0x00, 0x00, 0x00, 0x00, 0x00, 0x00,
    0x00, 0x00, 0x00, 0x00, 0x00, 0x03, 0x33, 0x33, 0x33, 0x33, 0x30, 0x00, 0x00, 0x00, 0x00, 0x00, 0x00, 0x00, 0x00, 0x00, 0x03, 0x33, 0xBC, 0x55,
    0x55, 0xC6, 0xA3, 0x30, 0x00, 0x00, 0x00, 0x00, 0x00, 0x00, 0x00, 0x00, 0x3E, 0xC5, 0x44, 0x44, 0x54, 0x44, 0x4C, 0xA3, 0x30, 0x00, 0x00, 0x00,
    0x00, 0x00, 0x00, 0x33, 0xA5, 0x45, 0x55, 0x46, 0x3B, 0x45, 0x54, 0x4B, 0x33, 0x00, 0x00, 0x00, 0x00, 0x00, 0x00, 0x3B, 0x45, 0x55, 0x45, 0xA9,
    0x79, 0x35, 0x45, 0x54, 0x63, 0x30, 0x00, 0x00, 0x00, 0x00, 0x03, 0xA4, 0x55, 0x54, 0x53, 0x97, 0x77, 0x33, 0x34, 0x55, 0x46, 0x30, 0x00, 0x00,
    0x00, 0x00, 0x3E, 0x55, 0x55, 0x46, 0x3D, 0x77, 0x77, 0x7D, 0x36, 0x45, 0x54, 0xA3, 0x00, 0x00, 0x00, 0x00, 0x3C, 0x45, 0x44, 0xB3, 0x77, 0x77,
    0x77, 0x77, 0x79, 0xA5, 0x44, 0x53, 0x00, 0x00, 0x00, 0x03, 0x35, 0x54, 0x5A, 0x97, 0x77, 0x77, 0x77, 0x77, 0x77, 0x33, 0x54, 0x4A, 0x30, 0x00,
    0x00, 0x03, 0xB4, 0x55, 0x33, 0x39, 0x99, 0x99, 0xA9, 0x99, 0x99, 0x33, 0x3C, 0x4C, 0x30, 0x00, 0x00, 0x03, 0xC4, 0x55, 0xB6, 0x66, 0x66, 0x6A,
    0x3B, 0x66, 0x66, 0x66, 0xBC, 0x45, 0x30, 0x00, 0x00, 0x03, 0x54, 0x54, 0x44, 0x44, 0x44, 0x45, 0x34, 0x44, 0x44, 0x44, 0x44, 0x55, 0xE3, 0x00,
    0x00, 0x33, 0x22, 0x22, 0x22, 0x22, 0x22, 0x26, 0x32, 0x22, 0x22, 0x22, 0x22, 0x22, 0x63, 0x00, 0x00, 0x3B, 0x22, 0x22, 0x22, 0x22, 0x22, 0x26,
    0x32, 0x22, 0x22, 0x22, 0x22, 0x22, 0x63, 0x00, 0x00, 0x0B, 0x22, 0x22, 0x22, 0x22, 0x22, 0x26, 0x32, 0x22, 0x22, 0x22, 0x22, 0x22, 0x63, 0x00,
    0x00, 0x03, 0x22, 0x22, 0x22, 0x22, 0x22, 0x26, 0x32, 0x22, 0x22, 0x22, 0x22, 0x22, 0x63, 0x00, 0x00, 0x06, 0x22, 0x22, 0x22, 0x22, 0x22, 0x26,
    0x36, 0x22, 0x22, 0x22, 0x22, 0x22, 0x60, 0x00, 0x00, 0x01, 0x11, 0x11, 0x11, 0x11, 0x11, 0x13, 0x31, 0x11, 0x11, 0x11, 0x11, 0x11, 0x10, 0x00,
    0x00, 0x01, 0x81, 0x11, 0x11, 0x11, 0x11, 0x13, 0x31, 0x11, 0x11, 0x11, 0x11, 0x11, 0x10, 0x00, 0x00, 0x01, 0x81, 0x11, 0x11, 0x11, 0x11, 0x13,
    0x31, 0x11, 0x11, 0x11, 0x11, 0x11, 0x10, 0x00, 0x00, 0x01, 0x81, 0x11, 0x11, 0x11, 0x11, 0x13, 0x31, 0x11, 0x11, 0x11, 0x11, 0x11, 0x10, 0x00,
    0x00, 0x01, 0x81, 0x11, 0x11, 0x11, 0x11, 0x13, 0x31, 0x11, 0x11, 0x11, 0x11, 0x11, 0x10, 0x00, 0x00, 0x01, 0x81, 0x11, 0x11, 0x11, 0x11, 0x13,
    0xA1, 0x11, 0x11, 0x11, 0x11, 0x11, 0x10, 0x00, 0x00, 0x01, 0x81, 0x11, 0x11, 0x11, 0x11, 0x11, 0x11, 0x11, 0x11, 0x11, 0x11, 0x11, 0x10, 0x00,
    0x00, 0x01, 0x81, 0x88, 0x88, 0x88, 0x11, 0x11, 0x11, 0x11, 0x88, 0x88, 0x88, 0x18, 0x10, 0x00, 0x00, 0x01, 0x81, 0x11, 0x11, 0x13, 0x3D, 0xDD,
    0xDD, 0xDD, 0x31, 0x11, 0x11, 0x11, 0x80, 0x00, 0x00, 0x00, 0x00, 0x00, 0x00, 0x00, 0x00, 0x33, 0x33, 0x30, 0x00, 0x00, 0x00, 0x00, 0x00, 0x00,
    0x00, 0x00, 0x00, 0x00, 0x00, 0x00, 0x00, 0x00, 0x00, 0x00, 0x00, 0x00, 0x00, 0x00, 0x00, 0x00, 0x00, 0x00, 0x00, 0x00, 0x00, 0x00, 0x00, 0x00,
    0x00, 0x00, 0x00, 0x00, 0x00, 0x00, 0x00, 0x00,
  },
  {
    0x00, 0x00, 0x00, 0x00, 0x00, 0x00, 0x00, 0x00, 0x00, 0x00, 0x00, 0x00, 0x00, 0x00, 0x00, 0x00, 0x00, 0x00, 0x00, 0x00, 0x00, 0x00, 0x00, 0x00,
    0x00, 0x00, 0x00, 0x00, 0x00, 0x00, 0x00, 0x00, 0x00, 0x00, 0x00, 0x00, 0x00, 0x00, 0x00, 0x02, 0x20, 0x00, 0x00, 0x00, 0x00, 0x00, 0x00, 0x00,
    0x00, 0x00, 0x00, 0x00, 0x00, 0x02, 0x22, 0x22, 0x22, 0x22, 0x20, 0x00, 0x00, 0x00, 0x00, 0x00, 0x00, 0x00, 0x00, 0x00, 0x02, 0x22, 0x22, 0x33,
    0x33, 0x22, 0xF2, 0x20, 0x00, 0x00, 0x00, 0x00, 0x00, 0x00, 0x02, 0x2E, 0x22, 0x2C, 0x62, 0x77, 0x37, 0x32, 0xC2, 0x22, 0x2E, 0x20, 0x00, 0x00,
    0x00, 0x00, 0x26, 0x58, 0x62, 0x55, 0x5E, 0x63, 0x33, 0xC6, 0x55, 0xE6, 0x55, 0x5E, 0x00, 0x00, 0x00, 0x02, 0x68, 0x55, 0xE5, 0x85, 0x58, 0xEA,
    0x72, 0xE8, 0x86, 0xC8, 0x55, 0x85, 0x20, 0x00, 0x00, 0x02, 0x58, 0x55, 0xE8, 0x55, 0x58, 0x56, 0x76, 0x55, 0x8C, 0x58, 0x55, 0x58, 0xC0, 0x00,
    0x00, 0x02, 0x55, 0x55, 0xC8, 0x55, 0x58, 0x56, 0x76, 0x55, 0x8C, 0x58, 0x55, 0x58, 0xC0, 0x00, 0x00, 0x02, 0x68, 0x55, 0xE5, 0x85, 0x58, 0xE2,
    0x76, 0x68, 0x86, 0x68, 0x55, 0x85, 0x20, 0x00, 0x00, 0x02, 0x25, 0x58, 0x62, 0x58, 0x86, 0xC3, 0x73, 0x25, 0x85, 0x26, 0x88, 0x5E, 0x20, 0x00,
    0x00, 0x02, 0x66, 0xEC, 0x66, 0xCC, 0xC6, 0x37, 0x37, 0x36, 0xCC, 0x66, 0xCE, 0x66, 0x20, 0x00, 0x00, 0x02, 0xA7, 0xA2, 0x37, 0x32, 0xA7, 0x73,
    0x33, 0x77, 0x66, 0x37, 0xA2, 0x33, 0x20, 0x00, 0x00, 0x02, 0x37, 0xA9, 0x33, 0x39, 0xA3, 0x33, 0x33, 0x37, 0xDB, 0x37, 0xA9, 0x33, 0xF2, 0x00,
    0x00, 0x22, 0x37, 0xA9, 0x33, 0x39, 0xD4, 0x44, 0x44, 0x47, 0xB6, 0x37, 0xA9, 0x37, 0x62, 0x00, 0x00, 0x22, 0x37, 0xA9, 0x33, 0x36, 0xD1, 0x11,
    0x11, 0x11, 0xB6, 0x37, 0xA9, 0x37, 0x62, 0x00, 0x00, 0x02, 0x37, 0xA9, 0x33, 0x36, 0xD4, 0x11, 0x11, 0x14, 0xB6, 0x37, 0xA9, 0x33, 0xF2, 0x00,
    0x00, 0x02, 0xA7, 0xA9, 0x33, 0x49, 0xD4, 0x11, 0x11, 0x14, 0xB6, 0x37, 0xA9, 0x33, 0x22, 0x00, 0x00, 0x02, 0x27, 0xA9, 0x37, 0x19, 0xD4, 0x11,
    0x11, 0x14, 0xB2, 0x47, 0xA9, 0x7A, 0x20, 0x00, 0x00, 0x02, 0xC7, 0xA9, 0x32, 0x19, 0xD4, 0x11, 0x11, 0x14, 0xBB, 0x17, 0xA9, 0x76, 0x20, 0x00,
    0x00, 0x00, 0x23, 0xA9, 0x21, 0x19, 0xD4, 0x11, 0x11, 0x14, 0xBB, 0x14, 0xA6, 0x32, 0x20, 0x00, 0x00, 0x00, 0x26, 0xA9, 0x11, 0x19, 0xD4, 0x11,
    0x11, 0x14, 0xBB, 0x11, 0xD6, 0x62, 0x00, 0x00, 0x00, 0x00, 0x02, 0x6B, 0x11, 0x19, 0xD4, 0x11, 0x11, 0x14, 0xBB, 0x12, 0xD9, 0x20, 0x00, 0x00,
    0x00, 0x00, 0x0E, 0xB9, 0x11, 0x19, 0xD4, 0x11, 0x11, 0x14, 0xBB, 0x12, 0xD9, 0x90, 0x00, 0x00, 0x00, 0x00, 0x04, 0x11, 0x11, 0x11, 0x11, 0x11,
    0x11, 0x11, 0x11, 0x11, 0x11, 0x40, 0x00, 0x00, 0x00, 0x00, 0x12, 0x11, 0x11, 0x11, 0x11, 0x11, 0x11, 0x11, 0x11, 0x11, 0x11, 0x41, 0x00, 0x00,
    0x00, 0x00, 0x14, 0x44, 0x44, 0x44, 0x44, 0x44, 0x44, 0x44, 0x44, 0x44, 0x44, 0x44, 0x10, 0x00, 0x00, 0x04, 0x41, 0x14, 0x41, 0x4D, 0xBB, 0xBB,
    0xBB, 0x6B, 0xD1, 0x44, 0x41, 0x14, 0x40, 0x00, 0x00, 0x00, 0x00, 0x00, 0x00, 0x00, 0x00, 0x22, 0x22, 0x20, 0x00, 0x00, 0x00, 0x00, 0x00, 0x00,
    0x00, 0x00, 0x00, 0x00, 0x00, 0x00, 0x00, 0x00, 0x00, 0x00, 0x00, 0x00, 0x00, 0x00, 0x00, 0x00, 0x00, 0x00, 0x00, 0x00, 0x00, 0x00, 0x00, 0x00,
    0x00, 0x00, 0x00, 0x00, 0x00, 0x00, 0x00, 0x00,
  },
  {
    0x00, 0x00, 0x00, 0x00, 0x00, 0x00, 0x00, 0x00, 0x00, 0x00, 0x00, 0x00, 0x00, 0x00, 0x00, 0x00, 0x00, 0x00, 0x00, 0x00, 0x00, 0x00, 0x00, 0x00,
    0x00, 0x00, 0x00, 0x00, 0x00, 0x00, 0x00, 0x00, 0x00, 0x00, 0x00, 0x00, 0x00, 0x00, 0x00, 0x01, 0x10, 0x00, 0x00, 0x00, 0x00, 0x00, 0x00, 0x00,
    0x00, 0x00, 0x00, 0x00, 0x00, 0x01, 0x11, 0x11, 0x11, 0x11, 0x10, 0x00, 0x00, 0x00, 0x00, 0x00, 0x00, 0x00, 0x00, 0x00, 0x01, 0x1C, 0xA7, 0x44,
    0x44, 0x7B, 0xC1, 0x10, 0x00, 0x00, 0x00, 0x00, 0x00, 0x00, 0x00, 0x00, 0x19, 0x74, 0x22, 0x24, 0x42, 0x22, 0x2B, 0x11, 0x10, 0x00, 0x00, 0x00,
    0x00, 0x00, 0x00, 0x11, 0x54, 0x22, 0x24, 0x44, 0x44, 0x44, 0x4C, 0x15, 0x11, 0x00, 0x00, 0x00, 0x00, 0x00, 0x00, 0x1A, 0x24, 0x2B, 0x52, 0x44,
    0x44, 0x42, 0x57, 0x75, 0x71, 0x10, 0x00, 0x00, 0x00, 0x00, 0x01, 0x52, 0x42, 0x71, 0x17, 0x24, 0x44, 0x2B, 0x92, 0x21, 0x1B, 0x10, 0x00, 0x00,
    0x00, 0x00, 0x19, 0x44, 0x24, 0x12, 0x71, 0x44, 0x42, 0x41, 0x22, 0x27, 0x92, 0x51, 0x00, 0x00, 0x00, 0x00, 0x17, 0x24, 0x29, 0x72, 0x29, 0xA2,
    0x22, 0xC7, 0x22, 0x22, 0x5B, 0x41, 0x00, 0x00, 0x00, 0x01, 0xC4, 0x42, 0x55, 0x22, 0x24, 0x1B, 0x5A, 0x52, 0x22, 0x22, 0x41, 0x25, 0x10, 0x00,
    0x00, 0x01, 0xA2, 0x2B, 0x52, 0x22, 0x22, 0x51, 0xD1, 0x72, 0x22, 0x22, 0x25, 0xB7, 0x10, 0x00, 0x00, 0x01, 0x72, 0x71, 0x22, 0x22, 0x25, 0x18,
    0x8F, 0x1A, 0x22, 0x22, 0x22, 0x17, 0x10, 0x00, 0x00, 0x01, 0x44, 0x12, 0x22, 0x22, 0x9D, 0x88, 0x88, 0x8D, 0x52, 0x22, 0x22, 0x55, 0xC1, 0x00,
    0x00, 0x19, 0x49, 0x72, 0x22, 0x71, 0xF8, 0x88, 0x88, 0x88, 0xD1, 0x72, 0x22, 0x29, 0x11, 0x00, 0x00, 0x19, 0x95, 0x24, 0x25, 0x18, 0x88, 0x88,
    0x88, 0x88, 0x8F, 0x17, 0x24, 0x25, 0x11, 0x00, 0x00, 0x01, 0x95, 0xC9, 0x11, 0xEE, 0xDE, 0xEE, 0xEE, 0xEE, 0xDF, 0xD1, 0x19, 0xCC, 0x11, 0x00,
    0x00, 0x01, 0x12, 0x24, 0x59, 0x16, 0x66, 0x66, 0x66, 0x66, 0x66, 0x1C, 0xA4, 0x24, 0x11, 0x00, 0x00, 0x01, 0xB2, 0x44, 0x25, 0x13, 0x33, 0x33,
    0x33, 0x33, 0x33, 0x6B, 0x24, 0x27, 0x10, 0x00, 0x00, 0x01, 0x52, 0x44, 0x25, 0x63, 0x33, 0x33, 0x33, 0x33, 0x33, 0x6A, 0x24, 0x25, 0x10, 0x00,
    0x00, 0x00, 0x11, 0x24, 0x25, 0x63, 0x33, 0x33, 0x33, 0x33, 0x33, 0x6A, 0x24, 0x41, 0x10, 0x00, 0x00, 0x00, 0x15, 0x24, 0x25, 0x63, 0x33, 0x33,
    0x33, 0x33, 0x33, 0x6A, 0x22, 0x51, 0x00, 0x00, 0x00, 0x00, 0x01, 0xA2, 0x25, 0x63, 0x33, 0x33, 0x33, 0x33, 0x33, 0x6A, 0x27, 0x10, 0x00, 0x00,
    0x00, 0x00, 0x01, 0x1B, 0x25, 0x63, 0x33, 0x33, 0x33, 0x33, 0x33, 0xDB, 0x41, 0x10, 0x00, 0x00, 0x00, 0x00, 0x00, 0x11, 0xB5, 0x13, 0x33, 0x33,
    0x33, 0x33, 0x33, 0x6C, 0x11, 0x00, 0x00, 0x00, 0x00, 0x00, 0x00, 0x01, 0x11, 0xD6, 0x66, 0x6D, 0xD6, 0x66, 0x66, 0x11, 0x10, 0x00, 0x00, 0x00,
    0x00, 0x00, 0x00, 0x00, 0x01, 0x11, 0x95, 0xAA, 0xAA, 0x59, 0x11, 0x11, 0x00, 0x00, 0x00, 0x00, 0x00, 0x00, 0x00, 0x00, 0x00, 0x01, 0x11, 0x55,
    0x55, 0x91, 0x11, 0x00, 0x00, 0x00, 0x00, 0x00, 0x00, 0x00, 0x00, 0x00, 0x00, 0x00, 0x00, 0x11, 0x11, 0x10, 0x00, 0x00, 0x00, 0x00, 0x00, 0x00,
    0x00, 0x00, 0x00, 0x00, 0x00, 0x00, 0x00, 0x00, 0x00, 0x00, 0x00, 0x00, 0x00, 0x00, 0x00, 0x00, 0x00, 0x00, 0x00, 0x00, 0x00, 0x00, 0x00, 0x00,
    0x00, 0x00, 0x00, 0x00, 0x00, 0x00, 0x00, 0x00,
  },
  {
    0x00, 0x00, 0x00, 0x00, 0x00, 0x00, 0x00, 0x00, 0x00, 0x00, 0x00, 0x00, 0x00, 0x00, 0x00, 0x00, 0x00, 0x00, 0x00, 0x00, 0x00, 0x00, 0x00, 0x00,
    0x00, 0x00, 0x00, 0x00, 0x00, 0x00, 0x00, 0x00, 0x00, 0x00, 0x00, 0x00, 0x00, 0x00, 0x00, 0x03, 0x30, 0x00, 0x00, 0x00, 0x00, 0x00, 0x00, 0x00,
    0x00, 0x00, 0x00, 0x00, 0x00, 0x03, 0x33, 0x33, 0x33, 0x33, 0x30, 0x00, 0x00, 0x00, 0x00, 0x00, 0x00, 0x00, 0x00, 0x00, 0x03, 0x3C, 0xA6, 0x11,
    0x11, 0x69, 0x43, 0x30, 0x00, 0x00, 0x00, 0x00, 0x00, 0x00, 0x00, 0x00, 0x3E, 0x61, 0x55, 0x51, 0x15, 0x55, 0x56, 0x43, 0x30, 0x00, 0x00, 0x00,
    0x00, 0x00, 0x00, 0x33, 0x41, 0x51, 0x11, 0x11, 0x11, 0x11, 0x15, 0x5A, 0x33, 0x00, 0x00, 0x00, 0x00, 0x00, 0x00, 0x3A, 0x51, 0x11, 0x11, 0x11,
    0x11, 0x11, 0x11, 0x15, 0x93, 0x30, 0x00, 0x00, 0x00, 0x00, 0x03, 0x45, 0x11, 0x11, 0x11, 0x11, 0x11, 0x11, 0x11, 0x11, 0x59, 0x30, 0x00, 0x00,
    0x00, 0x00, 0x3E, 0x11, 0x11, 0x11, 0x11, 0x11, 0x11, 0x11, 0x11, 0x11, 0x15, 0x43, 0x00, 0x00, 0x00, 0x00, 0x36, 0x51, 0x11, 0x11, 0x11, 0x11,
    0x11, 0x11, 0x11, 0x11, 0x15, 0x13, 0x00, 0x00, 0x00, 0x03, 0xC1, 0x11, 0x11, 0x11, 0x11, 0x11, 0x11, 0x55, 0x51, 0x11, 0x11, 0x54, 0x30, 0x00,
    0x00, 0x03, 0xA5, 0x11, 0x11, 0x11, 0x11, 0x11, 0x11, 0x99, 0x91, 0x11, 0x11, 0x56, 0x30, 0x00, 0x00, 0x03, 0x65, 0x11, 0x11, 0x11, 0x11, 0x11,
    0x11, 0x46, 0x41, 0x51, 0x11, 0x51, 0x30, 0x00, 0x00, 0x03, 0x15, 0x15, 0x55, 0x11, 0x11, 0x11, 0x11, 0x48, 0x41, 0x51, 0x11, 0x11, 0xE3, 0x00,
    0x00, 0x33, 0x11, 0x11, 0x33, 0x11, 0x11, 0x11, 0x53, 0x45, 0x42, 0x35, 0x11, 0x15, 0x43, 0x00, 0x00, 0x33, 0x11, 0x59, 0x44, 0x65, 0x11, 0x11,
    0x14, 0x37, 0x44, 0x49, 0x15, 0x15, 0x43, 0x00, 0x00, 0x03, 0x11, 0x59, 0x86, 0x95, 0x15, 0x55, 0x24, 0x84, 0xD8, 0x87, 0x46, 0x15, 0xC3, 0x00,
    0x00, 0x03, 0x65, 0x54, 0xB6, 0x95, 0x1A, 0x94, 0x48, 0xB4, 0x44, 0x68, 0x86, 0x69, 0x30, 0x00, 0x00, 0x03, 0x95, 0x63, 0x6D, 0x36, 0x9D, 0x73,
    0x8B, 0x42, 0x22, 0x44, 0x78, 0x88, 0x74, 0x00, 0x00, 0x03, 0xCA, 0x46, 0x44, 0x86, 0x36, 0xB7, 0x84, 0x22, 0x22, 0x22, 0x24, 0x46, 0x56, 0x00,
    0x00, 0x03, 0x4B, 0x8D, 0x44, 0x75, 0x66, 0x84, 0x42, 0x22, 0x22, 0x22, 0x22, 0x24, 0x42, 0x00, 0x00, 0x06, 0x56, 0x44, 0x22, 0x44, 0x44, 0x43,
    0x22, 0x22, 0x22, 0x22, 0x22, 0x22, 0x22, 0x00, 0x00, 0x06, 0x44, 0x27, 0x22, 0x22, 0x43, 0x32, 0x22, 0x22, 0x22, 0x22, 0x22, 0x22, 0x22, 0x00,
    0x00, 0x02, 0x27, 0x22, 0x22, 0x22, 0x22, 0x22, 0x22, 0x22, 0x22, 0x22, 0x22, 0x22, 0x22, 0x00, 0x00, 0x02, 0x22, 0x22, 0x22, 0x22, 0x22, 0x22,
    0x22, 0x22, 0x22, 0x22, 0x22, 0x22, 0x22, 0x00, 0x00, 0x02, 0x22, 0x22, 0x22, 0x22, 0x22, 0x22, 0x22, 0x22, 0x22, 0x22, 0x22, 0x22, 0x22, 0x00,
    0x00, 0x07, 0x77, 0x77, 0x77, 0x72, 0x22, 0x22, 0x22, 0x22, 0x27, 0x77, 0x77, 0x72, 0x72, 0x00, 0x00, 0x02, 0x22, 0x22, 0x22, 0x22, 0x24, 0x44,
    0x44, 0x44, 0x22, 0x22, 0x22, 0x22, 0x20, 0x00, 0x00, 0x00, 0x00, 0x00, 0x00, 0x00, 0x00, 0x33, 0x33, 0x30, 0x00, 0x00, 0x00, 0x00, 0x00, 0x00,
    0x00, 0x00, 0x00, 0x00, 0x00, 0x00, 0x00, 0x00, 0x00, 0x00, 0x00, 0x00, 0x00, 0x00, 0x00, 0x00, 0x00, 0x00, 0x00, 0x00, 0x00, 0x00, 0x00, 0x00,
    0x00, 0x00, 0x00, 0x00, 0x00, 0x00, 0x00, 0x00,
  },
  {
    0x00, 0x00, 0x00, 0x00, 0x00, 0x00, 0x00, 0x00, 0x00, 0x00, 0x00, 0x00, 0x00, 0x00, 0x00, 0x00, 0x00, 0x00, 0x00, 0x00, 0x00, 0x00, 0x00, 0x00,
    0x00, 0x00, 0x00, 0x00, 0x00, 0x00, 0x00, 0x00, 0x00, 0x00, 0x00, 0x00, 0x00, 0x00, 0x00, 0x01, 0x10, 0x00, 0x00, 0x00, 0x00, 0x00, 0x00, 0x00,
    0x00, 0x00, 0x00, 0x00, 0x00, 0x01, 0x11, 0x11, 0x11, 0x11, 0x10, 0x00, 0x00, 0x00, 0x00, 0x00, 0x00, 0x00, 0x00, 0x00, 0x01, 0x19, 0xD6, 0x22,
    0x22, 0x6C, 0x71, 0x10, 0x00, 0x00, 0x00, 0x00, 0x00, 0x00, 0x00, 0x18, 0x1B, 0x62, 0x44, 0x44, 0x24, 0x44, 0x46, 0x71, 0x10, 0x00, 0x00, 0x00,
    0x00, 0x00, 0x01, 0xA5, 0x37, 0x42, 0x22, 0x22, 0x22, 0x22, 0x24, 0x4D, 0x11, 0x00, 0x00, 0x00, 0x00, 0x00, 0x01, 0x55, 0x58, 0x24, 0x22, 0x42,
    0x22, 0x22, 0x22, 0x24, 0xC1, 0x10, 0x00, 0x00, 0x00, 0x00, 0x01, 0x15, 0x17, 0x42, 0x27, 0x74, 0x22, 0x22, 0x22, 0x22, 0x4C, 0x10, 0x00, 0x00,
    0x00, 0x00, 0x19, 0xD7, 0x72, 0x24, 0xC1, 0x1E, 0x42, 0x22, 0x22, 0x22, 0x24, 0x71, 0x00, 0x00, 0x00, 0x00, 0x16, 0x42, 0x44, 0x22, 0x18, 0x19,
    0x42, 0x22, 0x22, 0x22, 0x24, 0x21, 0x00, 0x00, 0x00, 0x01, 0x92, 0x22, 0x22, 0x4C, 0x13, 0xA1, 0xE4, 0x22, 0x22, 0x22, 0x22, 0x47, 0x10, 0x00,
    0x00, 0x01, 0xD4, 0x22, 0x24, 0x21, 0x85, 0x31, 0x94, 0x22, 0x22, 0x22, 0x22, 0x46, 0x10, 0x00, 0x00, 0x01, 0x64, 0x22, 0x24, 0x71, 0x33, 0x5A,
    0x16, 0x42, 0x24, 0x42, 0x22, 0x42, 0x10, 0x00, 0x00, 0x01, 0x24, 0x22, 0x42, 0x1F, 0x53, 0x35, 0x8B, 0x42, 0x42, 0x64, 0x22, 0x22, 0xB1, 0x00,
    0x00, 0x11, 0x24, 0x22, 0x47, 0x13, 0x33, 0x35, 0xA1, 0x64, 0x47, 0x1E, 0x42, 0x24, 0x71, 0x00, 0x00, 0x11, 0x24, 0x24, 0xE1, 0xA5, 0x33, 0x33,
    0x58, 0xB4, 0x61, 0x89, 0x42, 0x24, 0x71, 0x00, 0x00, 0x01, 0x24, 0x24, 0x91, 0x53, 0x33, 0x33, 0x5A, 0x16, 0x98, 0x31, 0x64, 0x22, 0xB1, 0x00,
    0x00, 0x01, 0x64, 0x46, 0x1A, 0x53, 0x33, 0x33, 0x35, 0x81, 0x13, 0x38, 0xB4, 0x42, 0x11, 0x00, 0x00, 0x01, 0xC4, 0x2B, 0x85, 0x33, 0x33, 0x33,
    0x35, 0x31, 0xF3, 0x33, 0x1C, 0x46, 0x10, 0x00, 0x00, 0x01, 0x94, 0xC1, 0x35, 0x33, 0x33, 0x33, 0x35, 0x81, 0x33, 0x33, 0x11, 0x47, 0x10, 0x00,
    0x00, 0x00, 0x16, 0xB8, 0x53, 0x33, 0x33, 0x33, 0x53, 0x1A, 0x33, 0x33, 0x31, 0x7B, 0x10, 0x00, 0x00, 0x00, 0x11, 0x13, 0x53, 0x33, 0x33, 0x33,
    0x58, 0x83, 0x33, 0x33, 0x3A, 0x11, 0x00, 0x00, 0x00, 0x00, 0x01, 0x15, 0x33, 0x33, 0x33, 0x35, 0xA1, 0x33, 0x33, 0x33, 0x33, 0x81, 0x00, 0x00,
    0x00, 0x00, 0x11, 0x35, 0x55, 0x55, 0x55, 0x55, 0x18, 0x33, 0x33, 0x33, 0x33, 0xA1, 0x00, 0x00, 0x00, 0x00, 0x18, 0x33, 0x33, 0x33, 0x33, 0x3F,
    0x13, 0x33, 0x33, 0x33, 0x33, 0x38, 0x10, 0x00, 0x00, 0x01, 0x11, 0x11, 0x11, 0x11, 0x11, 0x11, 0x11, 0x11, 0x11, 0x11, 0x11, 0x11, 0x10, 0x00,
    0x00, 0x00, 0x00, 0x00, 0x01, 0x1B, 0xD6, 0x22, 0x22, 0x6C, 0x91, 0x11, 0x00, 0x00, 0x00, 0x00, 0x00, 0x00, 0x00, 0x00, 0x00, 0x01, 0x11, 0x97,
    0x79, 0x11, 0x11, 0x00, 0x00, 0x00, 0x00, 0x00, 0x00, 0x00, 0x00, 0x00, 0x00, 0x00, 0x00, 0x11, 0x11, 0x10, 0x00, 0x00, 0x00, 0x00, 0x00, 0x00,
    0x00, 0x00, 0x00, 0x00, 0x00, 0x00, 0x00, 0x00, 0x00, 0x00, 0x00, 0x00, 0x00, 0x00, 0x00, 0x00, 0x00, 0x00, 0x00, 0x00, 0x00, 0x00, 0x00, 0x00,
    0x00, 0x00, 0x00, 0x00, 0x00, 0x00, 0x00, 0x00,
  },
  {
    0x00, 0x00, 0x00, 0x00, 0x00, 0x00, 0x00, 0x00, 0x00, 0x00, 0x00, 0x00, 0x00, 0x00, 0x00, 0x00, 0x00, 0x00, 0x00, 0x00, 0x00, 0x00, 0x00, 0x00,
    0x00, 0x00, 0x00, 0x00, 0x00, 0x00, 0x00, 0x00, 0x00, 0x00, 0x00, 0x00, 0x00, 0x00, 0x00, 0x01, 0x10, 0x00, 0x00, 0x00, 0x00, 0x00, 0x00, 0x00,
    0x00, 0x00, 0x00, 0x00, 0x00, 0x01, 0x11, 0x11, 0x11, 0x11, 0x10, 0x00, 0x00, 0x00, 0x00, 0x00, 0x00, 0x00, 0x00, 0x00, 0x01, 0x1B, 0xF5, 0x33,
    0x33, 0x59, 0x41, 0x10, 0x00, 0x00, 0x00, 0x00, 0x00, 0x00, 0x00, 0x00, 0x1C, 0x53, 0x22, 0x23, 0x32, 0x22, 0x25, 0x41, 0x10, 0x00, 0x00, 0x00,
    0x00, 0x00, 0x00, 0x11, 0x43, 0x23, 0x33, 0x33, 0x33, 0x33, 0x32, 0x2F, 0x11, 0x00, 0x00, 0x00, 0x00, 0x00, 0x00, 0x1F, 0x23, 0x33, 0x32, 0x23,
    0x22, 0x32, 0x22, 0x32, 0x91, 0x10, 0x00, 0x00, 0x00, 0x00, 0x01, 0x42, 0x33, 0x33, 0x39, 0x92, 0x54, 0x33, 0x45, 0x23, 0x29, 0x10, 0x00, 0x00,
    0x00, 0x00, 0x1C, 0x33, 0x33, 0x32, 0x97, 0x74, 0x77, 0x44, 0x74, 0x32, 0x32, 0x41, 0x00, 0x00, 0x00, 0x00, 0x15, 0x23, 0x33, 0x32, 0x77, 0x7A,
    0x7D, 0x44, 0xD7, 0x52, 0x32, 0x31, 0x00, 0x00, 0x00, 0x01, 0xB3, 0x33, 0x33, 0x39, 0x17, 0x71, 0x7D, 0xAB, 0xD4, 0xE2, 0x33, 0x24, 0x10, 0x00,
    0x00, 0x01, 0xF2, 0x33, 0x32, 0x31, 0x54, 0x45, 0x44, 0x88, 0xB9, 0x22, 0x22, 0x25, 0x10, 0x00, 0x00, 0x01, 0x52, 0x33, 0x32, 0x94, 0x26, 0x66,
    0x66, 0x62, 0x44, 0x33, 0x45, 0x23, 0x10, 0x00, 0x00, 0x01, 0x32, 0x33, 0x2E, 0xA4, 0x62, 0x26, 0x62, 0x62, 0x4A, 0x44, 0x74, 0x33, 0xC1, 0x00,
    0x00, 0x11, 0x32, 0x33, 0x29, 0x71, 0x55, 0x55, 0x55, 0x55, 0x17, 0x44, 0xD7, 0x52, 0xB1, 0x00, 0x00, 0x11, 0x32, 0x32, 0x51, 0x74, 0x11, 0xA1,
    0x1A, 0xA1, 0xAD, 0xA4, 0xD4, 0xE2, 0xB1, 0x00, 0x00, 0x01, 0x32, 0x32, 0xB1, 0x74, 0x58, 0x48, 0x54, 0x75, 0x74, 0x81, 0x49, 0x23, 0xC1, 0x00,
    0x00, 0x01, 0x52, 0x33, 0xC1, 0x66, 0x66, 0x16, 0x66, 0x66, 0x66, 0x6B, 0x54, 0xE3, 0x11, 0x00, 0x00, 0x01, 0x92, 0x29, 0x11, 0x22, 0x66, 0x26,
    0x62, 0x26, 0x62, 0x61, 0x47, 0x49, 0x10, 0x00, 0x00, 0x01, 0x42, 0x27, 0x11, 0x55, 0x55, 0x55, 0x55, 0x55, 0x55, 0x81, 0x7D, 0x71, 0x10, 0x00,
    0x00, 0x00, 0x1E, 0x91, 0x71, 0x11, 0xA1, 0x1A, 0x11, 0xAA, 0x11, 0xA1, 0xBD, 0x71, 0x10, 0x00, 0x00, 0x00, 0x11, 0x18, 0x47, 0x57, 0x45, 0x84,
    0x85, 0x47, 0x57, 0x45, 0x84, 0x11, 0x00, 0x00, 0x00, 0x00, 0x01, 0x42, 0x66, 0x66, 0x66, 0x61, 0x66, 0x66, 0x66, 0x66, 0x24, 0x10, 0x00, 0x00,
    0x00, 0x00, 0x01, 0x42, 0x66, 0x62, 0x26, 0x62, 0x26, 0x22, 0x66, 0x26, 0x24, 0x10, 0x00, 0x00, 0x00, 0x00, 0x00, 0x15, 0x55, 0x58, 0x88, 0x88,
    0x88, 0x88, 0x85, 0x55, 0x54, 0x10, 0x00, 0x00, 0x00, 0x00, 0x00, 0x11, 0x11, 0x14, 0x44, 0x44, 0x44, 0x44, 0x4C, 0x11, 0x11, 0x00, 0x00, 0x00,
    0x00, 0x00, 0x00, 0x00, 0x01, 0x14, 0x53, 0x22, 0x22, 0x3E, 0xFC, 0x10, 0x00, 0x00, 0x00, 0x00, 0x00, 0x00, 0x00, 0x00, 0x00, 0x01, 0x11, 0xCB,
    0xBC, 0x11, 0x11, 0x00, 0x00, 0x00, 0x00, 0x00, 0x00, 0x00, 0x00, 0x00, 0x00, 0x00, 0x00, 0x11, 0x11, 0x10, 0x00, 0x00, 0x00, 0x00, 0x00, 0x00,
    0x00, 0x00, 0x00, 0x00, 0x00, 0x00, 0x00, 0x00, 0x00, 0x00, 0x00, 0x00, 0x00, 0x00, 0x00, 0x00, 0x00, 0x00, 0x00, 0x00, 0x00, 0x00, 0x00, 0x00,
    0x00, 0x00, 0x00, 0x00, 0x00, 0x00, 0x00, 0x00,
  },
  {
    0x00, 0x00, 0x00, 0x00, 0x00, 0x00, 0x00, 0x00, 0x00, 0x00, 0x00, 0x00, 0x00, 0x00, 0x00, 0x00, 0x00, 0x00, 0x00, 0x00, 0x00, 0x00, 0x00, 0x00,
    0x00, 0x00, 0x00, 0x00, 0x00, 0x00, 0x00, 0x00, 0x00, 0x00, 0x00, 0x00, 0x00, 0x00, 0x00, 0x01, 0x10, 0x00, 0x00, 0x00, 0x00, 0x00, 0x00, 0x00,
    0x00, 0x00, 0x00, 0x00, 0x00, 0x01, 0x11, 0x11, 0x11, 0x11, 0x10, 0x00, 0x00, 0x00, 0x00, 0x00, 0x00, 0x00, 0x00, 0x00, 0x01, 0x17, 0x86, 0x22,
    0x22, 0x68, 0x51, 0x10, 0x00, 0x00, 0x00, 0x00, 0x00, 0x00, 0x00, 0x00, 0x19, 0x62, 0x33, 0x32, 0x23, 0x33, 0x36, 0x51, 0x10, 0x00, 0x00, 0x00,
    0x00, 0x00, 0x00, 0x11, 0x52, 0x32, 0x22, 0x71, 0x19, 0x23, 0x23, 0x3B, 0x11, 0x00, 0x00, 0x00, 0x00, 0x00, 0x00, 0x1B, 0x32, 0x22, 0x37, 0x54,
    0x45, 0x12, 0x32, 0x23, 0x81, 0x1A, 0x00, 0x00, 0x00, 0x00, 0x01, 0x53, 0x22, 0x23, 0x61, 0x44, 0x43, 0x18, 0x32, 0x22, 0x38, 0x1A, 0x00, 0x00,
    0x00, 0x00, 0x19, 0x22, 0x22, 0x23, 0xB5, 0x34, 0x43, 0x55, 0x32, 0x22, 0x24, 0xAF, 0xAA, 0x00, 0x00, 0x00, 0x16, 0x32, 0x22, 0x23, 0x81, 0x34,
    0x43, 0x55, 0x32, 0x22, 0x3C, 0xDF, 0xAA, 0x00, 0x00, 0x01, 0x72, 0x22, 0x22, 0x23, 0x21, 0x63, 0x34, 0x12, 0x32, 0x22, 0x37, 0x1A, 0xD0, 0x00,
    0x00, 0x01, 0xB3, 0x22, 0x22, 0x23, 0xE1, 0x15, 0x51, 0x16, 0x32, 0x22, 0x51, 0x5D, 0x10, 0x00, 0x00, 0x01, 0x63, 0x22, 0x22, 0x3B, 0x15, 0xD5,
    0x51, 0x51, 0x52, 0x35, 0x15, 0x32, 0x10, 0x00, 0x00, 0x01, 0x23, 0x22, 0x23, 0x81, 0x43, 0x43, 0x34, 0x34, 0x15, 0x81, 0x52, 0x32, 0x91, 0x00,
    0x00, 0x11, 0x23, 0x22, 0x23, 0x9D, 0x34, 0x44, 0x44, 0x44, 0x61, 0x17, 0x23, 0x23, 0x51, 0x00, 0x00, 0x11, 0x23, 0x22, 0x3E, 0x1C, 0x44, 0x44,
    0x44, 0x44, 0x41, 0x12, 0x32, 0x23, 0x51, 0x00, 0x00, 0x01, 0x23, 0x23, 0x61, 0x16, 0x44, 0x44, 0x44, 0x44, 0x41, 0x63, 0x22, 0x22, 0x91, 0x00,
    0x00, 0x01, 0x63, 0x38, 0x11, 0x1C, 0x44, 0x44, 0x44, 0x44, 0x41, 0x23, 0x22, 0x32, 0x11, 0x00, 0x00, 0x01, 0x83, 0x51, 0x7E, 0x16, 0x44, 0x44,
    0x44, 0x44, 0x41, 0x23, 0x22, 0x36, 0x10, 0x00, 0x00, 0x01, 0x75, 0x15, 0x22, 0x16, 0x44, 0x44, 0x44, 0x44, 0x41, 0x23, 0x22, 0x35, 0x10, 0x00,
    0x00, 0x00, 0x11, 0xB3, 0x32, 0x1C, 0x44, 0x44, 0x44, 0x44, 0x41, 0xE3, 0x23, 0x21, 0x10, 0x00, 0x00, 0x00, 0x17, 0x32, 0x22, 0x16, 0x44, 0x44,
    0x44, 0x44, 0x41, 0x23, 0x23, 0x51, 0x00, 0x00, 0x00, 0x00, 0x01, 0xB3, 0x23, 0x55, 0x34, 0x44, 0x44, 0x43, 0x57, 0x32, 0x36, 0x10, 0x00, 0x00,
    0x00, 0x00, 0x01, 0x18, 0x32, 0x29, 0x56, 0xC6, 0x6C, 0x65, 0x12, 0x33, 0x61, 0x10, 0x00, 0x00, 0x00, 0x00, 0x00, 0x11, 0x83, 0x32, 0x51, 0x11,
    0x11, 0x15, 0x23, 0x36, 0x11, 0x00, 0x00, 0x00, 0x00, 0x00, 0x00, 0x01, 0x15, 0x23, 0x33, 0x22, 0x22, 0x23, 0x32, 0x51, 0x10, 0x00, 0x00, 0x00,
    0x00, 0x00, 0x00, 0x00, 0x01, 0x15, 0x62, 0x23, 0x33, 0x26, 0x51, 0x10, 0x00, 0x00, 0x00, 0x00, 0x00, 0x00, 0x00, 0x00, 0x00, 0x01, 0x11, 0x97,
    0x79, 0x11, 0x11, 0x00, 0x00, 0x00, 0x00, 0x00, 0x00, 0x00, 0x00, 0x00, 0x00, 0x00, 0x00, 0x11, 0x11, 0x10, 0x00, 0x00, 0x00, 0x00, 0x00, 0x00,
    0x00, 0x00, 0x00, 0x00, 0x00, 0x00, 0x00, 0x00, 0x00, 0x00, 0x00, 0x00, 0x00, 0x00, 0x00, 0x00, 0x00, 0x00, 0x00, 0x00, 0x00, 0x00, 0x00, 0x00,
    0x00, 0x00, 0x00, 0x00, 0x00, 0x00, 0x00, 0x00,
  },
  {
    0x00, 0x00, 0x00, 0x00, 0x00, 0x00, 0x00, 0x00, 0x00, 0x00, 0x00, 0x00, 0x00, 0x00, 0x00, 0x00, 0x00, 0x00, 0x00, 0x00, 0x00, 0x00, 0x00, 0x00,
    0x00, 0x00, 0x00, 0x00, 0x00, 0x00, 0x00, 0x00, 0x00, 0x00, 0x00, 0x00, 0x00, 0x00, 0x00, 0x02, 0x20, 0x00, 0x00, 0x00, 0x00, 0x00, 0x00, 0x00,
    0x00, 0x00, 0x00, 0x00, 0x00, 0x02, 0x22, 0x22, 0x22, 0x22, 0x20, 0x00, 0x00, 0x00, 0x00, 0x00, 0x00, 0x00, 0x00, 0x00, 0x02, 0x29, 0xA4, 0x11,
    0x11, 0x46, 0x32, 0x20, 0x00, 0x00, 0x00, 0x00, 0x00, 0x00, 0x00, 0x00, 0x2B, 0x41, 0x55, 0x51, 0x15, 0x55, 0x54, 0x32, 0x20, 0x00, 0x00, 0x00,
    0x00, 0x00, 0x00, 0x22, 0x31, 0x51, 0x11, 0x11, 0x11, 0x11, 0x15, 0x5A, 0x22, 0x00, 0x00, 0x00, 0x00, 0x00, 0x00, 0x2A, 0x55, 0x11, 0x11, 0x11,
    0x11, 0x11, 0x11, 0x15, 0x62, 0x20, 0x00, 0x00, 0x00, 0x00, 0x02, 0x35, 0x11, 0xC4, 0x44, 0x44, 0x44, 0x44, 0x4C, 0x11, 0x56, 0x20, 0x00, 0x00,
    0x00, 0x00, 0x2B, 0x15, 0x17, 0x27, 0x77, 0x77, 0x77, 0x77, 0x77, 0x71, 0x15, 0x32, 0x00, 0x00, 0x00, 0x00, 0x24, 0x51, 0x47, 0x77, 0x77, 0x77,
    0x77, 0x77, 0x77, 0x74, 0x15, 0x12, 0x00, 0x00, 0x00, 0x02, 0x91, 0x12, 0x7D, 0x77, 0xDD, 0x7D, 0xD7, 0xDD, 0x77, 0xD7, 0x41, 0x53, 0x20, 0x00,
    0x00, 0x02, 0xA5, 0x14, 0xCF, 0xCC, 0xFC, 0x82, 0x24, 0xCF, 0xCC, 0xFC, 0x41, 0x54, 0x20, 0x00, 0x00, 0x02, 0x45, 0x15, 0x6B, 0xE1, 0x3A, 0x13,
    0x31, 0x6B, 0xE1, 0x3A, 0x11, 0x51, 0x20, 0x00, 0x00, 0x02, 0x15, 0x15, 0x63, 0x41, 0x36, 0x1A, 0x31, 0x43, 0x41, 0x36, 0x11, 0x11, 0xB2, 0x00,
    0x00, 0x22, 0x15, 0x15, 0x63, 0x41, 0x36, 0x13, 0x31, 0x43, 0x41, 0x36, 0x11, 0x15, 0x32, 0x00, 0x00, 0x22, 0x15, 0x15, 0x63, 0x41, 0x36, 0x13,
    0x31, 0x43, 0x41, 0x36, 0x11, 0x15, 0x32, 0x00, 0x00, 0x02, 0x15, 0x15, 0x63, 0x41, 0x36, 0x13, 0x31, 0x43, 0x41, 0x36, 0x11, 0x11, 0xB2, 0x00,
    0x00, 0x02, 0x45, 0x15, 0x63, 0x41, 0x36, 0x13, 0x31, 0x43, 0x41, 0x36, 0x11, 0x51, 0x22, 0x00, 0x00, 0x02, 0x65, 0x15, 0x63, 0x41, 0x36, 0x13,
    0x31, 0x43, 0x41, 0x36, 0x11, 0x54, 0x20, 0x00, 0x00, 0x02, 0x35, 0x15, 0x63, 0x41, 0x36, 0x13, 0x31, 0x43, 0x41, 0x36, 0x11, 0x53, 0x20, 0x00,
    0x00, 0x00, 0x2E, 0x55, 0x63, 0x41, 0x36, 0x13, 0x31, 0x43, 0x41, 0x36, 0x15, 0x12, 0x20, 0x00, 0x00, 0x00, 0x23, 0x15, 0x63, 0x41, 0x36, 0x13,
    0x31, 0x43, 0x41, 0x36, 0x15, 0x32, 0x00, 0x00, 0x00, 0x00, 0x02, 0xA5, 0x63, 0x41, 0x36, 0x13, 0x31, 0x43, 0x41, 0x3A, 0x54, 0x20, 0x00, 0x00,
    0x00, 0x00, 0x02, 0x29, 0x22, 0xB9, 0x22, 0x92, 0x29, 0x22, 0xB9, 0x22, 0x92, 0x20, 0x00, 0x00, 0x00, 0x00, 0x00, 0x24, 0x88, 0x84, 0x88, 0x48,
    0x84, 0x88, 0x48, 0x88, 0x4B, 0x00, 0x00, 0x00, 0x00, 0x00, 0x00, 0x23, 0x33, 0x33, 0x33, 0x33, 0x33, 0x33, 0x33, 0x33, 0x32, 0x00, 0x00, 0x00,
    0x00, 0x00, 0x00, 0x00, 0x02, 0x22, 0x36, 0xE1, 0x1E, 0x4A, 0xB2, 0x22, 0x00, 0x00, 0x00, 0x00, 0x00, 0x00, 0x00, 0x00, 0x00, 0x02, 0x22, 0x93,
    0x39, 0x22, 0x22, 0x00, 0x00, 0x00, 0x00, 0x00, 0x00, 0x00, 0x00, 0x00, 0x00, 0x00, 0x00, 0x22, 0x22, 0x20, 0x00, 0x00, 0x00, 0x00, 0x00, 0x00,
    0x00, 0x00, 0x00, 0x00, 0x00, 0x00, 0x00, 0x00, 0x00, 0x00, 0x00, 0x00, 0x00, 0x00, 0x00, 0x00, 0x00, 0x00, 0x00, 0x00, 0x00, 0x00, 0x00, 0x00,
    0x00, 0x00, 0x00, 0x00, 0x00, 0x00, 0x00, 0x00,
  },
  {
    0x00, 0x00, 0x00, 0x00, 0x00, 0x00, 0x00, 0x00, 0x00, 0x00, 0x00, 0x00, 0x00, 0x00, 0x00, 0x00, 0x00, 0x00, 0x00, 0x00, 0x00, 0x00, 0x00, 0x00,
    0x00, 0x00, 0x00, 0x00, 0x00, 0x00, 0x00, 0x00, 0x00, 0x00, 0x00, 0x00, 0x00, 0x00, 0x00, 0x01, 0x10, 0x00, 0x00, 0x00, 0x00, 0x00, 0x00, 0x00,
    0x00, 0x00, 0x00, 0x00, 0x00, 0x01, 0x11, 0x1C, 0xC1, 0x11, 0x10, 0x00, 0x00, 0x00, 0x00, 0x00, 0x00, 0x00, 0x00, 0x00, 0x01, 0x1D, 0xE1, 0x24,
    0x42, 0x26, 0x31, 0x10, 0x00, 0x00, 0x00, 0x00, 0x00, 0x00, 0x00, 0x00, 0x1C, 0x45, 0x51, 0x88, 0x88, 0x42, 0x54, 0x31, 0x10, 0x00, 0x00, 0x00,
    0x00, 0x00, 0x00, 0x11, 0x32, 0x52, 0xA8, 0x88, 0x88, 0x8A, 0x45, 0x5E, 0x11, 0x00, 0x00, 0x00, 0x00, 0x00, 0x00, 0x1E, 0x52, 0x18, 0x88, 0x88,
    0x88, 0x88, 0x8A, 0x25, 0x61, 0x10, 0x00, 0x00, 0x00, 0x00, 0x01, 0x35, 0x24, 0x1A, 0xAA, 0xAA, 0xAA, 0xAA, 0xF1, 0x42, 0x56, 0x10, 0x00, 0x00,
    0x00, 0x00, 0x1C, 0x25, 0x27, 0x99, 0x99, 0x99, 0x99, 0x99, 0x99, 0x72, 0x25, 0x31, 0x00, 0x00, 0x00, 0x00, 0x14, 0x52, 0x41, 0x77, 0x77, 0x77,
    0x77, 0x77, 0x77, 0x74, 0x25, 0x21, 0x00, 0x00, 0x00, 0x01, 0xD2, 0x21, 0x79, 0x77, 0x99, 0x79, 0x97, 0x99, 0x77, 0x97, 0x42, 0x53, 0x10, 0x00,
    0x00, 0x01, 0xE5, 0x24, 0xF1, 0xFF, 0x1F, 0xBA, 0x14, 0xF1, 0xFF, 0x1F, 0x42, 0x54, 0x10, 0x00, 0x00, 0x01, 0x45, 0x25, 0x6C, 0x12, 0x3E, 0x23,
    0x32, 0x6C, 0x12, 0x3E, 0x22, 0x52, 0x10, 0x00, 0x00, 0x01, 0x25, 0x25, 0x63, 0x42, 0x36, 0x2E, 0x32, 0x43, 0x42, 0x36, 0x22, 0x22, 0xC1, 0x00,
    0x00, 0x11, 0x25, 0x25, 0x63, 0x42, 0x36, 0x23, 0x32, 0x43, 0x42, 0x36, 0x22, 0x25, 0x31, 0x00, 0x00, 0x11, 0x25, 0x25, 0x63, 0x42, 0x36, 0x23,
    0x32, 0x43, 0x42, 0x36, 0x22, 0x25, 0x31, 0x00, 0x00, 0x01, 0x25, 0x25, 0x63, 0x42, 0x36, 0x23, 0x32, 0x43, 0x42, 0x36, 0x22, 0x22, 0xC1, 0x00,
    0x00, 0x01, 0x45, 0x25, 0x63, 0x42, 0x36, 0x23, 0x32, 0x43, 0x42, 0x36, 0x22, 0x52, 0x11, 0x00, 0x00, 0x01, 0x65, 0x25, 0x63, 0x42, 0x36, 0x23,
    0x32, 0x43, 0x42, 0x36, 0x22, 0x54, 0x10, 0x00, 0x00, 0x01, 0x35, 0x25, 0x63, 0x42, 0x36, 0x23, 0x32, 0x43, 0x42, 0x36, 0x22, 0x53, 0x10, 0x00,
    0x00, 0x00, 0x11, 0x55, 0x63, 0x42, 0x36, 0x23, 0x32, 0x43, 0x42, 0x36, 0x25, 0x21, 0x10, 0x00, 0x00, 0x00, 0x13, 0x25, 0x63, 0x42, 0x36, 0x23,
    0x32, 0x43, 0x42, 0x36, 0x25, 0x31, 0x00, 0x00, 0x00, 0x00, 0x01, 0xE5, 0x63, 0x42, 0x36, 0x23, 0x32, 0x43, 0x42, 0x3E, 0x54, 0x10, 0x00, 0x00,
    0x00, 0x00, 0x01, 0x1D, 0x11, 0xCD, 0x11, 0xD1, 0x1D, 0x11, 0xCD, 0x11, 0xD1, 0x10, 0x00, 0x00, 0x00, 0x00, 0x00, 0x14, 0xBB, 0xB4, 0xBB, 0x4B,
    0xB4, 0xBB, 0x4B, 0xBB, 0x4C, 0x00, 0x00, 0x00, 0x00, 0x00, 0x00, 0x13, 0x33, 0x33, 0x33, 0x33, 0x33, 0x33, 0x33, 0x33, 0x31, 0x00, 0x00, 0x00,
    0x00, 0x00, 0x00, 0x00, 0x01, 0x11, 0x36, 0x12, 0x21, 0x4E, 0xC1, 0x11, 0x00, 0x00, 0x00, 0x00, 0x00, 0x00, 0x00, 0x00, 0x00, 0x01, 0x11, 0xD3,
    0x3D, 0x11, 0x11, 0x00, 0x00, 0x00, 0x00, 0x00, 0x00, 0x00, 0x00, 0x00, 0x00, 0x00, 0x00, 0x11, 0x11, 0x10, 0x00, 0x00, 0x00, 0x00, 0x00, 0x00,
    0x00, 0x00, 0x00, 0x00, 0x00, 0x00, 0x00, 0x00, 0x00, 0x00, 0x00, 0x00, 0x00, 0x00, 0x00, 0x00, 0x00, 0x00, 0x00, 0x00, 0x00, 0x00, 0x00, 0x00,
    0x00, 0x00, 0x00, 0x00, 0x00, 0x00, 0x00, 0x00,
  },
  {
    0x00, 0x00, 0x00, 0x00, 0x00, 0x00, 0x00, 0x00, 0x00, 0x00, 0x00, 0x00, 0x00, 0x00, 0x00, 0x00, 0x00, 0x00, 0x00, 0x00, 0x00, 0x00, 0x00, 0x00,
    0x00, 0x00, 0x00, 0x00, 0x00, 0x00, 0x00, 0x00, 0x00, 0x00, 0x00, 0x00, 0x00, 0x00, 0x00, 0x02, 0x20, 0x00, 0x00, 0x00, 0x00, 0x00, 0x00, 0x00,
    0x00, 0x00, 0x00, 0x00, 0x00, 0x02, 0x22, 0x27, 0x72, 0x22, 0x20, 0x00, 0x00, 0x00, 0x00, 0x00, 0x00, 0x00, 0x00, 0x00, 0x02, 0x27, 0x9B, 0x69,
    0x96, 0x18, 0x52, 0x20, 0x00, 0x00, 0x00, 0x00, 0x00, 0x00, 0x00, 0x00, 0x2A, 0x61, 0x3B, 0x22, 0x22, 0x63, 0x3B, 0x52, 0x20, 0x00, 0x00, 0x00,
    0x00, 0x00, 0x00, 0x22, 0x51, 0x31, 0x12, 0x2C, 0xC2, 0x21, 0x33, 0x39, 0x22, 0x00, 0x00, 0x00, 0x00, 0x00, 0x00, 0x29, 0x31, 0x13, 0x62, 0xCE,
    0xEC, 0x28, 0x31, 0x13, 0x82, 0x20, 0x00, 0x00, 0x00, 0x00, 0x02, 0x53, 0x11, 0x13, 0x62, 0xCE, 0xEC, 0x28, 0x31, 0x11, 0x38, 0x20, 0x00, 0x00,
    0x00, 0x00, 0x2A, 0x11, 0x11, 0x31, 0xA2, 0xEC, 0xCE, 0x2A, 0xB3, 0x11, 0x13, 0x52, 0x00, 0x00, 0x00, 0x00, 0x26, 0x33, 0x11, 0x35, 0x22, 0x22,
    0x22, 0x22, 0x53, 0x11, 0x33, 0x12, 0x00, 0x00, 0x00, 0x02, 0x71, 0x76, 0x33, 0x15, 0x25, 0x87, 0xA8, 0x82, 0x21, 0x33, 0x17, 0x65, 0x20, 0x00,
    0x00, 0x02, 0x81, 0x52, 0x51, 0x12, 0x21, 0x33, 0x33, 0x12, 0x21, 0x15, 0x27, 0x16, 0x20, 0x00, 0x00, 0x02, 0x63, 0x3B, 0x72, 0x52, 0x21, 0x11,
    0x11, 0x15, 0x25, 0x22, 0x63, 0x31, 0x20, 0x00, 0x00, 0x02, 0x13, 0x13, 0x36, 0x22, 0x53, 0x11, 0x11, 0x35, 0x22, 0x83, 0x31, 0x11, 0xA2, 0x00,
    0x00, 0x22, 0x13, 0x11, 0x13, 0x52, 0x93, 0x11, 0x11, 0x36, 0x27, 0x31, 0x11, 0x13, 0x52, 0x00, 0x00, 0x22, 0x13, 0x11, 0x11, 0x72, 0x63, 0x11,
    0x11, 0x31, 0x22, 0x13, 0x11, 0x13, 0x52, 0x00, 0x00, 0x02, 0x13, 0x11, 0x31, 0x22, 0x13, 0x11, 0x11, 0x11, 0xA2, 0x63, 0x11, 0x11, 0xA2, 0x00,
    0x00, 0x02, 0x63, 0x11, 0x36, 0x2A, 0x11, 0x11, 0x11, 0x13, 0x52, 0x83, 0x11, 0x31, 0x22, 0x00, 0x00, 0x02, 0x83, 0x11, 0x38, 0x25, 0x31, 0x11,
    0x11, 0x13, 0x82, 0x53, 0x11, 0x36, 0x20, 0x00, 0x00, 0x02, 0x53, 0x11, 0x35, 0x28, 0x31, 0x11, 0x11, 0x13, 0x62, 0x21, 0x11, 0x35, 0x20, 0x00,
    0x00, 0x00, 0x2B, 0x31, 0x1A, 0x26, 0x31, 0x11, 0x11, 0x13, 0x12, 0x2B, 0x33, 0x12, 0x20, 0x00, 0x00, 0x00, 0x25, 0x33, 0x12, 0x21, 0x31, 0x11,
    0x11, 0x11, 0x35, 0x28, 0x33, 0x52, 0x00, 0x00, 0x00, 0x00, 0x02, 0x93, 0x62, 0x71, 0x11, 0x11, 0x11, 0x11, 0x39, 0x25, 0x38, 0x20, 0x00, 0x00,
    0x00, 0x00, 0x02, 0x26, 0x92, 0x53, 0x33, 0x33, 0x33, 0x33, 0x36, 0x27, 0x62, 0x20, 0x00, 0x00, 0x00, 0x00, 0x44, 0x77, 0x77, 0x81, 0x11, 0x11,
    0x11, 0x11, 0x1B, 0x77, 0x77, 0x44, 0x00, 0x00, 0x00, 0x04, 0x44, 0x44, 0x44, 0x44, 0x44, 0x44, 0x44, 0x44, 0x44, 0x44, 0x44, 0x44, 0x40, 0x00,
    0x00, 0x04, 0x44, 0x44, 0x44, 0x44, 0x44, 0x44, 0x44, 0x44, 0x44, 0x44, 0x44, 0x44, 0x40, 0x00, 0x00, 0x04, 0x44, 0x44, 0x44, 0x48, 0xDD, 0xDD,
    0xDD, 0xDD, 0x94, 0x44, 0x44, 0x44, 0x40, 0x00, 0x00, 0x00, 0x00, 0x00, 0x00, 0x00, 0x00, 0x22, 0x22, 0x20, 0x00, 0x00, 0x00, 0x00, 0x00, 0x00,
    0x00, 0x00, 0x00, 0x00, 0x00, 0x00, 0x00, 0x00, 0x00, 0x00, 0x00, 0x00, 0x00, 0x00, 0x00, 0x00, 0x00, 0x00, 0x00, 0x00, 0x00, 0x00, 0x00, 0x00,
    0x00, 0x00, 0x00, 0x00, 0x00, 0x00, 0x00, 0x00,
  },
  {
    0x00, 0x00, 0x00, 0x00, 0x00, 0x00, 0x00, 0x00, 0x00, 0x00, 0x00, 0x00, 0x00, 0x00, 0x00, 0x00, 0x00, 0x00, 0x00, 0x00, 0x00, 0x00, 0x00, 0x00,
    0x00, 0x00, 0x00, 0x00, 0x00, 0x00, 0x00, 0x00, 0x00, 0x00, 0x00, 0x00, 0x00, 0x00, 0x00, 0x03, 0x30, 0x00, 0x00, 0x00, 0x00, 0x00, 0x00, 0x00,
    0x00, 0x00, 0x00, 0x00, 0x00, 0x03, 0x33, 0x33, 0x33, 0x33, 0x30, 0x00, 0x00, 0x00, 0x00, 0x00, 0x00, 0x00, 0x00, 0x00, 0x03, 0x39, 0xA5, 0x15,
    0x51, 0x5B, 0x43, 0x30, 0x00, 0x00, 0x00, 0x00, 0x00, 0x00, 0x00, 0x00, 0x38, 0x51, 0x22, 0x1D, 0xD1, 0x22, 0x25, 0x43, 0x30, 0x00, 0x00, 0x00,
    0x00, 0x00, 0x00, 0x33, 0x41, 0x21, 0x11, 0x5D, 0xD3, 0x11, 0x12, 0x2A, 0x33, 0x00, 0x00, 0x00, 0x00, 0x00, 0x00, 0x3A, 0x21, 0x11, 0x21, 0x57,
    0x7E, 0x12, 0x11, 0x12, 0xB3, 0x30, 0x00, 0x00, 0x00, 0x00, 0x03, 0x42, 0x11, 0x11, 0x11, 0x22, 0x22, 0x11, 0x11, 0x11, 0x25, 0xE6, 0x00, 0x00,
    0x00, 0x00, 0x38, 0x11, 0x11, 0x11, 0x11, 0x22, 0x22, 0x11, 0x22, 0x26, 0x62, 0x53, 0x00, 0x00, 0x00, 0x00, 0x35, 0x21, 0x11, 0x11, 0x11, 0x22,
    0x22, 0x12, 0x66, 0x66, 0x22, 0xC3, 0x00, 0x00, 0x00, 0x03, 0x91, 0x11, 0x11, 0x11, 0x11, 0x22, 0x22, 0x11, 0x66, 0x62, 0x11, 0x24, 0x30, 0x00,
    0x00, 0x03, 0xA2, 0x11, 0x11, 0x11, 0x11, 0x22, 0x22, 0x21, 0x62, 0x11, 0x11, 0x25, 0x30, 0x00, 0x00, 0x03, 0x52, 0x11, 0x11, 0x11, 0x11, 0x22,
    0x22, 0x21, 0x21, 0x11, 0x11, 0x21, 0x30, 0x00, 0x00, 0x03, 0x12, 0x11, 0x11, 0x11, 0x12, 0x22, 0x22, 0x21, 0x11, 0x11, 0x11, 0x11, 0x83, 0x00,
    0x00, 0x33, 0x12, 0x11, 0x11, 0x11, 0x11, 0x22, 0x22, 0x21, 0x21, 0x11, 0x11, 0x12, 0x43, 0x00, 0x00, 0x33, 0x12, 0x11, 0x11, 0x12, 0x12, 0x22,
    0x22, 0x21, 0x21, 0x11, 0x11, 0x12, 0x43, 0x00, 0x00, 0x03, 0x12, 0x11, 0x11, 0x12, 0x12, 0x22, 0x22, 0x21, 0x21, 0x11, 0x11, 0x11, 0x83, 0x00,
    0x00, 0x03, 0x52, 0x11, 0x11, 0x12, 0x12, 0x22, 0x22, 0x21, 0x21, 0x11, 0x11, 0x21, 0x33, 0x00, 0x00, 0x03, 0xB2, 0x11, 0x11, 0x12, 0x12, 0x22,
    0x22, 0x21, 0x21, 0x11, 0x11, 0x25, 0x30, 0x00, 0x00, 0x03, 0x42, 0x11, 0x11, 0x12, 0x12, 0x22, 0x22, 0x21, 0x21, 0x11, 0x11, 0x24, 0x30, 0x00,
    0x00, 0x00, 0x3C, 0x21, 0x11, 0x12, 0x12, 0x22, 0x22, 0x21, 0x11, 0x11, 0x12, 0x13, 0x30, 0x00, 0x00, 0x00, 0x34, 0x21, 0x11, 0x11, 0x12, 0x22,
    0x22, 0x21, 0x11, 0x11, 0x12, 0x43, 0x00, 0x00, 0x00, 0x00, 0x03, 0xA2, 0x11, 0x22, 0x12, 0x22, 0x22, 0x21, 0x22, 0x11, 0x25, 0x30, 0x00, 0x00,
    0x00, 0x00, 0x03, 0x3B, 0x21, 0x1C, 0x55, 0x22, 0x22, 0x25, 0xCC, 0x12, 0x53, 0x30, 0x00, 0x00, 0x00, 0x00, 0x00, 0x33, 0xB1, 0x34, 0x44, 0x44,
    0x44, 0x44, 0x43, 0x55, 0x33, 0x00, 0x00, 0x00, 0x00, 0x00, 0x00, 0x03, 0x38, 0x47, 0x77, 0x75, 0x57, 0x77, 0x64, 0x83, 0x30, 0x00, 0x00, 0x00,
    0x00, 0x00, 0x00, 0x00, 0x03, 0x33, 0x33, 0x89, 0x99, 0x33, 0x33, 0x30, 0x00, 0x00, 0x00, 0x00, 0x00, 0x00, 0x00, 0x00, 0x00, 0x03, 0x33, 0x84,
    0x49, 0x33, 0x33, 0x00, 0x00, 0x00, 0x00, 0x00, 0x00, 0x00, 0x00, 0x00, 0x00, 0x00, 0x00, 0x33, 0x33, 0x30, 0x00, 0x00, 0x00, 0x00, 0x00, 0x00,
    0x00, 0x00, 0x00, 0x00, 0x00, 0x00, 0x00, 0x00, 0x00, 0x00, 0x00, 0x00, 0x00, 0x00, 0x00, 0x00, 0x00, 0x00, 0x00, 0x00, 0x00, 0x00, 0x00, 0x00,
    0x00, 0x00, 0x00, 0x00, 0x00, 0x00, 0x00, 0x00,
  },
  {
    0x00, 0x00, 0x00, 0x00, 0x00, 0x00, 0x00, 0x00, 0x00, 0x00, 0x00, 0x00, 0x00, 0x00, 0x00, 0x00, 0x00, 0x00, 0x00, 0x00, 0x00, 0x00, 0x00, 0x00,
    0x00, 0x00, 0x00, 0x00, 0x00, 0x00, 0x00, 0x00, 0x00, 0x00, 0x00, 0x00, 0x00, 0x00, 0x00, 0x05, 0x50, 0x00, 0x00, 0x00, 0x00, 0x00, 0x00, 0x00,
    0x00, 0x00, 0x00, 0x00, 0x00, 0x05, 0x65, 0x22, 0x22, 0x56, 0x60, 0x00, 0x00, 0x00, 0x00, 0x00, 0x00, 0x00, 0x00, 0x00, 0x05, 0x5C, 0xD8, 0xE2,
    0x2B, 0x7B, 0x45, 0x50, 0x00, 0x00, 0x00, 0x00, 0x00, 0x00, 0x00, 0x00, 0x6A, 0x81, 0x39, 0x85, 0x54, 0x33, 0x98, 0x46, 0x20, 0x00, 0x00, 0x00,
    0x00, 0x00, 0x00, 0x25, 0x47, 0x31, 0x73, 0x45, 0x22, 0x71, 0x13, 0x3D, 0x52, 0x00, 0x00, 0x00, 0x00, 0x00, 0x00, 0x5D, 0x31, 0x11, 0x17, 0x22,
    0x25, 0x83, 0x11, 0x13, 0xB5, 0x20, 0x00, 0x00, 0x00, 0x00, 0x06, 0x43, 0x11, 0x11, 0x38, 0x52, 0x26, 0x43, 0x11, 0x11, 0x3B, 0x60, 0x00, 0x00,
    0x00, 0x00, 0x5A, 0x71, 0x11, 0x11, 0x34, 0x5A, 0xA2, 0x27, 0x11, 0x11, 0x13, 0x46, 0x00, 0x00, 0x00, 0x00, 0x58, 0x31, 0x11, 0x11, 0x72, 0x5A,
    0xA2, 0x58, 0x31, 0x11, 0x13, 0x72, 0x00, 0x00, 0x00, 0x06, 0xC1, 0x11, 0x11, 0x13, 0xE5, 0x2C, 0x2C, 0x6D, 0x31, 0x11, 0x11, 0x34, 0x60, 0x00,
    0x00, 0x06, 0xD3, 0x11, 0x11, 0x13, 0xDF, 0xD8, 0x47, 0x2A, 0x11, 0x11, 0x11, 0x38, 0x60, 0x00, 0x00, 0x05, 0x83, 0x11, 0x11, 0x11, 0xA2, 0xE8,
    0x49, 0x26, 0xE3, 0x11, 0x11, 0x37, 0x20, 0x00, 0x00, 0x02, 0x79, 0x11, 0x11, 0x3E, 0x52, 0x1B, 0x49, 0x42, 0xD3, 0x11, 0x11, 0x11, 0xA6, 0x00,
    0x00, 0x52, 0x79, 0x11, 0x11, 0x3B, 0x24, 0x98, 0x49, 0xE6, 0xC1, 0x11, 0x11, 0x19, 0x46, 0x00, 0x00, 0x62, 0x79, 0x11, 0x11, 0x1C, 0x64, 0x84,
    0xC8, 0xB2, 0x57, 0x31, 0x11, 0x19, 0x46, 0x00, 0x00, 0x02, 0x79, 0x11, 0x13, 0x75, 0x22, 0x22, 0x22, 0x22, 0x6B, 0x31, 0x11, 0x11, 0xA6, 0x00,
    0x00, 0x05, 0x83, 0x11, 0x13, 0xB2, 0x47, 0x1B, 0x41, 0x1B, 0x6C, 0x11, 0x11, 0x97, 0x25, 0x00, 0x00, 0x06, 0xB3, 0x11, 0x11, 0xC2, 0x83, 0x38,
    0x43, 0x97, 0x25, 0x73, 0x11, 0x38, 0x60, 0x00, 0x00, 0x06, 0x49, 0x11, 0x37, 0x52, 0x71, 0x3B, 0x43, 0x73, 0x42, 0xB3, 0x11, 0x34, 0x60, 0x00,
    0x00, 0x00, 0x5E, 0x37, 0x3B, 0x24, 0x31, 0x3B, 0x43, 0x73, 0xB2, 0x49, 0x19, 0x72, 0x20, 0x00, 0x00, 0x00, 0x54, 0x91, 0x94, 0x28, 0x31, 0x38,
    0x43, 0x13, 0x72, 0x27, 0x93, 0x46, 0x00, 0x00, 0x00, 0x00, 0x06, 0xD9, 0x72, 0x52, 0xAA, 0xA2, 0x2A, 0xAA, 0xA2, 0x6B, 0x98, 0x50, 0x00, 0x00,
    0x00, 0x00, 0x02, 0x58, 0xB2, 0xA4, 0x44, 0x4C, 0x24, 0x44, 0x44, 0x64, 0x82, 0x20, 0x00, 0x00, 0x00, 0x00, 0x00, 0x52, 0x26, 0x89, 0x33, 0x98,
    0x49, 0x33, 0x37, 0x22, 0x25, 0x00, 0x00, 0x00, 0x00, 0x00, 0x00, 0x02, 0x25, 0x83, 0x31, 0x3B, 0x43, 0x13, 0x37, 0xA2, 0x20, 0x00, 0x00, 0x00,
    0x00, 0x00, 0x00, 0x00, 0x22, 0x24, 0x87, 0x38, 0xD3, 0x78, 0x42, 0x22, 0x00, 0x00, 0x00, 0x00, 0x00, 0x00, 0x00, 0x00, 0x00, 0x06, 0x62, 0xA4,
    0x4A, 0x26, 0x65, 0x00, 0x00, 0x00, 0x00, 0x00, 0x00, 0x00, 0x00, 0x00, 0x00, 0x00, 0x00, 0x56, 0x66, 0x50, 0x00, 0x00, 0x00, 0x00, 0x00, 0x00,
    0x00, 0x00, 0x00, 0x00, 0x00, 0x00, 0x00, 0x00, 0x00, 0x00, 0x00, 0x00, 0x00, 0x00, 0x00, 0x00, 0x00, 0x00, 0x00, 0x00, 0x00, 0x00, 0x00, 0x00,
    0x00, 0x00, 0x00, 0x00, 0x00, 0x00, 0x00, 0x00,
  },
  {
    0x00, 0x00, 0x00, 0x00, 0x00, 0x00, 0x00, 0x00, 0x00, 0x00, 0x00, 0x00, 0x00, 0x00, 0x00, 0x00, 0x00, 0x00, 0x00, 0x00, 0x00, 0x00, 0x00, 0x00,
    0x00, 0x00, 0x00, 0x00, 0x00, 0x00, 0x00, 0x00, 0x00, 0x00, 0x00, 0x00, 0x00, 0x00, 0x00, 0x02, 0x20, 0x00, 0x00, 0x00, 0x00, 0x00, 0x00, 0x00,
    0x00, 0x00, 0x00, 0x00, 0x00, 0x02, 0x22, 0x27, 0x87, 0x22, 0x20, 0x00, 0x00, 0x00, 0x00, 0x00, 0x00, 0x00, 0x00, 0x00, 0x02, 0x27, 0x27, 0x27,
    0x84, 0x48, 0x22, 0x20, 0x00, 0x00, 0x00, 0x00, 0x00, 0x00, 0x00, 0x00, 0x27, 0x55, 0x71, 0x11, 0x55, 0x44, 0x29, 0x42, 0x20, 0x00, 0x00, 0x00,
    0x00, 0x00, 0x00, 0x22, 0x46, 0x19, 0x41, 0x11, 0x11, 0x11, 0x2B, 0x1A, 0x22, 0x00, 0x00, 0x00, 0x00, 0x00, 0x00, 0x2A, 0x13, 0x1A, 0x41, 0x11,
    0x11, 0x11, 0x26, 0x11, 0x92, 0x20, 0x00, 0x00, 0x00, 0x00, 0x02, 0x41, 0x33, 0x14, 0x41, 0x11, 0x11, 0x11, 0x26, 0x13, 0x19, 0x20, 0x00, 0x00,
    0x00, 0x00, 0x27, 0x63, 0x33, 0x14, 0xA1, 0x11, 0x11, 0x11, 0x26, 0x13, 0x31, 0x42, 0x00, 0x00, 0x00, 0x00, 0x25, 0x13, 0x33, 0x18, 0x51, 0x11,
    0x11, 0x15, 0x71, 0x33, 0x31, 0x62, 0x00, 0x00, 0x00, 0x02, 0x83, 0x33, 0x33, 0x18, 0x21, 0x11, 0x11, 0x12, 0x41, 0x33, 0x33, 0x14, 0x20, 0x00,
    0x00, 0x02, 0xA1, 0x33, 0x33, 0x67, 0x54, 0x4A, 0xA4, 0x44, 0x41, 0x33, 0x33, 0x15, 0x20, 0x00, 0x00, 0x02, 0x51, 0x33, 0x31, 0x62, 0x11, 0x55,
    0x51, 0x14, 0x41, 0x33, 0x33, 0x16, 0x20, 0x00, 0x00, 0x02, 0x61, 0x33, 0x31, 0x62, 0x11, 0x11, 0x11, 0x14, 0xA1, 0x33, 0x33, 0x33, 0x72, 0x00,
    0x00, 0x22, 0x61, 0x33, 0x31, 0x62, 0x51, 0x11, 0x11, 0x17, 0x91, 0x33, 0x33, 0x31, 0x42, 0x00, 0x00, 0x22, 0x61, 0x33, 0x31, 0x57, 0x44, 0x11,
    0x15, 0x42, 0x51, 0x33, 0x33, 0x31, 0x42, 0x00, 0x00, 0x02, 0x61, 0x33, 0x31, 0x9C, 0x15, 0x44, 0x44, 0x52, 0x51, 0x33, 0x33, 0x33, 0x72, 0x00,
    0x00, 0x02, 0x51, 0x33, 0x31, 0x94, 0x11, 0x11, 0x11, 0x12, 0x61, 0x33, 0x33, 0x16, 0x22, 0x00, 0x00, 0x02, 0x91, 0x33, 0x31, 0x44, 0x11, 0x11,
    0x11, 0x12, 0x61, 0x33, 0x33, 0x15, 0x20, 0x00, 0x00, 0x02, 0x41, 0x33, 0x31, 0x44, 0x41, 0x11, 0x11, 0x52, 0x63, 0x33, 0x33, 0x14, 0x20, 0x00,
    0x00, 0x00, 0x2B, 0x13, 0x31, 0x85, 0x14, 0x4A, 0xA4, 0x88, 0x33, 0x33, 0x31, 0x62, 0x20, 0x00, 0x00, 0x00, 0x24, 0x13, 0x31, 0x75, 0x11, 0xD5,
    0x51, 0x58, 0x13, 0x33, 0x31, 0x42, 0x00, 0x00, 0x00, 0x00, 0x02, 0xA1, 0x33, 0x25, 0x11, 0x11, 0x11, 0xE4, 0x13, 0x33, 0x15, 0x20, 0x00, 0x00,
    0x00, 0x00, 0x02, 0x29, 0x16, 0x21, 0x51, 0x11, 0x11, 0x48, 0x13, 0x31, 0x52, 0x20, 0x00, 0x00, 0x00, 0x00, 0x00, 0x22, 0x96, 0x21, 0xA4, 0x11,
    0x11, 0x74, 0x11, 0x15, 0x22, 0x00, 0x00, 0x00, 0x00, 0x00, 0x00, 0x02, 0x28, 0x24, 0x42, 0x22, 0x22, 0x25, 0x16, 0x42, 0x20, 0x00, 0x00, 0x00,
    0x00, 0x00, 0x00, 0x00, 0x02, 0x28, 0x49, 0x9A, 0x44, 0x29, 0x42, 0x20, 0x00, 0x00, 0x00, 0x00, 0x00, 0x00, 0x00, 0x00, 0x00, 0x02, 0x22, 0x84,
    0x48, 0x22, 0x22, 0x00, 0x00, 0x00, 0x00, 0x00, 0x00, 0x00, 0x00, 0x00, 0x00, 0x00, 0x00, 0x22, 0x22, 0x20, 0x00, 0x00, 0x00, 0x00, 0x00, 0x00,
    0x00, 0x00, 0x00, 0x00, 0x00, 0x00, 0x00, 0x00, 0x00, 0x00, 0x00, 0x00, 0x00, 0x00, 0x00, 0x00, 0x00, 0x00, 0x00, 0x00, 0x00, 0x00, 0x00, 0x00,
    0x00, 0x00, 0x00, 0x00, 0x00, 0x00, 0x00, 0x00,
  },
  {
    0x00, 0x00, 0x00, 0x00, 0x00, 0x00, 0x00, 0x00, 0x00, 0x00, 0x00, 0x00, 0x00, 0x00, 0x00, 0x00, 0x00, 0x00, 0x00, 0x00, 0x00, 0x00, 0x00, 0x00,
    0x00, 0x00, 0x00, 0x00, 0x00, 0x00, 0x00, 0x00, 0x00, 0x00, 0x00, 0x00, 0x00, 0x00, 0x00, 0x02, 0x20, 0x00, 0x00, 0x00, 0x00, 0x00, 0x00, 0x00,
    0x00, 0x00, 0x00, 0x00, 0x00, 0x02, 0x22, 0x22, 0x22, 0x22, 0x20, 0x00, 0x00, 0x00, 0x00, 0x00, 0x00, 0x00, 0x00, 0x00, 0x02, 0x2D, 0xE9, 0x66,
    0x66, 0x9B, 0x32, 0x20, 0x00, 0x00, 0x00, 0x00, 0x00, 0x00, 0x00, 0x00, 0x2C, 0x96, 0x55, 0x66, 0x66, 0x55, 0x59, 0x32, 0x20, 0x00, 0x00, 0x00,
    0x00, 0x00, 0x00, 0x22, 0x36, 0x56, 0x55, 0x55, 0x55, 0x55, 0x65, 0x5E, 0x22, 0x00, 0x00, 0x00, 0x00, 0x00, 0x00, 0x2E, 0x55, 0x55, 0x6B, 0x33,
    0x33, 0xB2, 0x65, 0x65, 0xB2, 0x20, 0x00, 0x00, 0x00, 0x00, 0x02, 0x35, 0x56, 0xBC, 0x22, 0x7A, 0xA7, 0x22, 0x2B, 0x65, 0x5B, 0x20, 0x00, 0x00,
    0x00, 0x00, 0x2C, 0x65, 0x2C, 0x23, 0x41, 0x11, 0x11, 0x14, 0x32, 0x29, 0x55, 0x32, 0x00, 0x00, 0x00, 0x00, 0x29, 0x5B, 0x2A, 0x11, 0x11, 0x11,
    0x11, 0x11, 0x11, 0x32, 0xE5, 0x62, 0x00, 0x00, 0x00, 0x02, 0xC5, 0x92, 0x31, 0x11, 0x14, 0x11, 0x11, 0x41, 0x11, 0x13, 0x2B, 0x53, 0x20, 0x00,
    0x00, 0x02, 0xB6, 0x22, 0x37, 0x81, 0x37, 0x74, 0x13, 0xAA, 0x11, 0xA3, 0x22, 0x69, 0x20, 0x00, 0x00, 0x02, 0x2E, 0x23, 0x14, 0x31, 0x31, 0x88,
    0x13, 0x13, 0x44, 0x31, 0x32, 0x36, 0x20, 0x00, 0x00, 0x02, 0x62, 0x81, 0x11, 0x11, 0x11, 0x11, 0x11, 0x11, 0x11, 0x11, 0x14, 0x26, 0xD2, 0x00,
    0x00, 0x2C, 0x24, 0x11, 0x11, 0x11, 0x11, 0x11, 0x11, 0x11, 0x11, 0x11, 0x11, 0x4F, 0x32, 0x00, 0x00, 0x2C, 0x21, 0x11, 0x11, 0x11, 0x11, 0x11,
    0x11, 0x11, 0x11, 0x11, 0x11, 0x1F, 0xD2, 0x00, 0x00, 0x02, 0x91, 0x14, 0xA3, 0x11, 0x87, 0x31, 0x18, 0x73, 0x11, 0x37, 0x81, 0x1F, 0xD2, 0x00,
    0x00, 0x02, 0x91, 0x1A, 0x88, 0x31, 0x24, 0x38, 0x12, 0x17, 0x44, 0x71, 0x24, 0x19, 0x22, 0x00, 0x00, 0x02, 0x31, 0x14, 0x11, 0x41, 0x41, 0x11,
    0x11, 0x11, 0x11, 0x11, 0x11, 0x14, 0x20, 0x00, 0x00, 0x02, 0x31, 0x11, 0x11, 0x11, 0x11, 0x11, 0x11, 0x11, 0x11, 0x11, 0x11, 0x13, 0x20, 0x00,
    0x00, 0x00, 0x31, 0x11, 0x11, 0x11, 0x11, 0x11, 0x11, 0x11, 0x11, 0x11, 0x11, 0x13, 0x20, 0x00, 0x00, 0x00, 0x31, 0x18, 0x7A, 0x41, 0x87, 0xA1,
    0x13, 0x73, 0x11, 0x37, 0x31, 0x18, 0x00, 0x00, 0x00, 0x00, 0x11, 0x1A, 0x48, 0x31, 0x71, 0x38, 0x17, 0x13, 0x44, 0x31, 0xA4, 0x11, 0x00, 0x00,
    0x00, 0x00, 0x11, 0x11, 0x11, 0x11, 0x11, 0x11, 0x11, 0x11, 0x11, 0x11, 0x11, 0x11, 0x00, 0x00, 0x00, 0x00, 0x44, 0x44, 0x44, 0x44, 0x44, 0x44,
    0x44, 0x44, 0x44, 0x44, 0x44, 0x14, 0x00, 0x00, 0x00, 0x00, 0x22, 0x22, 0x22, 0x22, 0x22, 0x22, 0x22, 0x22, 0x22, 0x22, 0x22, 0x22, 0x00, 0x00,
    0x00, 0x00, 0x00, 0x00, 0x02, 0x2C, 0xE9, 0x66, 0x66, 0x9B, 0xD2, 0x22, 0x00, 0x00, 0x00, 0x00, 0x00, 0x00, 0x00, 0x00, 0x00, 0x02, 0x22, 0xD3,
    0x3D, 0x22, 0x22, 0x00, 0x00, 0x00, 0x00, 0x00, 0x00, 0x00, 0x00, 0x00, 0x00, 0x00, 0x00, 0x22, 0x22, 0x20, 0x00, 0x00, 0x00, 0x00, 0x00, 0x00,
    0x00, 0x00, 0x00, 0x00, 0x00, 0x00, 0x00, 0x00, 0x00, 0x00, 0x00, 0x00, 0x00, 0x00, 0x00, 0x00, 0x00, 0x00, 0x00, 0x00, 0x00, 0x00, 0x00, 0x00,
    0x00, 0x00, 0x00, 0x00, 0x00, 0x00, 0x00, 0x00,
  },
  {
    0x00, 0x00, 0x00, 0x00, 0x00, 0x00, 0x00, 0x00, 0x00, 0x00, 0x00, 0x00, 0x00, 0x00, 0x00, 0x00, 0x00, 0x00, 0x00, 0x00, 0x00, 0x00, 0x00, 0x00,
    0x00, 0x00, 0x00, 0x00, 0x00, 0x00, 0x00, 0x00, 0x00, 0x00, 0x00, 0x00, 0x00, 0x00, 0x00, 0x01, 0x10, 0x00, 0x00, 0x00, 0x00, 0x00, 0x00, 0x00,
    0x00, 0x00, 0x00, 0x00, 0x00, 0x01, 0x11, 0x17, 0x71, 0x11, 0x10, 0x00, 0x00, 0x00, 0x00, 0x00, 0x00, 0x00, 0x00, 0x00, 0x01, 0x18, 0x3A, 0x66,
    0x66, 0xA3, 0x81, 0x10, 0x00, 0x00, 0x00, 0x00, 0x00, 0x00, 0x00, 0x00, 0x17, 0x64, 0x31, 0x33, 0x33, 0x37, 0x5E, 0x81, 0x10, 0x00, 0x00, 0x00,
    0x00, 0x00, 0x00, 0x11, 0x35, 0x44, 0x89, 0x42, 0x24, 0x27, 0x54, 0x4B, 0x11, 0x00, 0x00, 0x00, 0x00, 0x00, 0x00, 0x1B, 0x45, 0x55, 0x83, 0x33,
    0x33, 0x31, 0x55, 0x54, 0xA1, 0x10, 0x00, 0x00, 0x00, 0x00, 0x01, 0x34, 0x4A, 0x11, 0x11, 0x11, 0x11, 0x11, 0x11, 0x34, 0x4A, 0x10, 0x00, 0x00,
    0x00, 0x00, 0x17, 0x55, 0x4B, 0xF9, 0x69, 0x99, 0x99, 0x96, 0x23, 0x34, 0x54, 0x31, 0x00, 0x00, 0x00, 0x00, 0x16, 0x45, 0x4B, 0x34, 0x22, 0x22,
    0x22, 0x22, 0x43, 0x34, 0x54, 0x51, 0x00, 0x00, 0x00, 0x01, 0x85, 0x55, 0x4B, 0x32, 0x22, 0x22, 0x22, 0x22, 0x43, 0x34, 0x55, 0x43, 0x10, 0x00,
    0x00, 0x01, 0xB4, 0x55, 0x4B, 0x34, 0x22, 0x22, 0x22, 0x22, 0x43, 0x34, 0x55, 0x46, 0x10, 0x00, 0x00, 0x01, 0x64, 0x55, 0x5A, 0x13, 0x33, 0x33,
    0x33, 0x33, 0x31, 0x35, 0x55, 0x45, 0x10, 0x00, 0x00, 0x01, 0x54, 0x43, 0x11, 0x11, 0x11, 0x11, 0x11, 0x11, 0x11, 0x11, 0x35, 0x55, 0x71, 0x00,
    0x00, 0x11, 0x55, 0x43, 0x16, 0x63, 0x13, 0x66, 0x66, 0xC1, 0x36, 0x63, 0x74, 0x54, 0x31, 0x00, 0x00, 0x11, 0x55, 0x43, 0x34, 0x43, 0x12, 0x22,
    0x22, 0x43, 0x12, 0x4C, 0x74, 0x54, 0x31, 0x00, 0x00, 0x01, 0x55, 0x43, 0x34, 0x21, 0xC4, 0x22, 0x22, 0x26, 0x16, 0x43, 0x74, 0x55, 0x71, 0x00,
    0x00, 0x01, 0x64, 0x43, 0x34, 0x93, 0x62, 0x22, 0x22, 0x22, 0x36, 0x43, 0x74, 0x45, 0x11, 0x00, 0x00, 0x01, 0xA4, 0x43, 0x34, 0x22, 0x22, 0x22,
    0x22, 0x22, 0x22, 0x43, 0x74, 0x46, 0x10, 0x00, 0x00, 0x01, 0x34, 0x43, 0x34, 0x22, 0x22, 0x22, 0x22, 0x22, 0x22, 0x43, 0x74, 0x43, 0x10, 0x00,
    0x00, 0x00, 0x16, 0x43, 0x34, 0x22, 0x22, 0x22, 0x22, 0x22, 0x22, 0x43, 0x74, 0x51, 0x10, 0x00, 0x00, 0x00, 0x18, 0x43, 0x34, 0x22, 0x22, 0x22,
    0x22, 0x22, 0x22, 0x43, 0x74, 0x31, 0x00, 0x00, 0x00, 0x00, 0x01, 0xA3, 0x32, 0x22, 0x22, 0x22, 0x22, 0x22, 0x22, 0x23, 0x86, 0x10, 0x00, 0x00,
    0x00, 0x00, 0x01, 0x11, 0x34, 0x24, 0x44, 0x44, 0x44, 0x44, 0x42, 0x4D, 0x11, 0x10, 0x00, 0x00, 0x00, 0x00, 0x00, 0x11, 0x3D, 0xC3, 0x33, 0x33,
    0x33, 0x33, 0x33, 0xD3, 0x11, 0x00, 0x00, 0x00, 0x00, 0x00, 0x00, 0x01, 0x11, 0x18, 0x88, 0x77, 0x77, 0x88, 0x81, 0x11, 0x10, 0x00, 0x00, 0x00,
    0x00, 0x00, 0x00, 0x00, 0x01, 0x13, 0x65, 0x44, 0x44, 0x56, 0x31, 0x10, 0x00, 0x00, 0x00, 0x00, 0x00, 0x00, 0x00, 0x00, 0x00, 0x01, 0x11, 0x78,
    0x87, 0x11, 0x11, 0x00, 0x00, 0x00, 0x00, 0x00, 0x00, 0x00, 0x00, 0x00, 0x00, 0x00, 0x00, 0x11, 0x11, 0x10, 0x00, 0x00, 0x00, 0x00, 0x00, 0x00,
    0x00, 0x00, 0x00, 0x00, 0x00, 0x00, 0x00, 0x00, 0x00, 0x00, 0x00, 0x00, 0x00, 0x00, 0x00, 0x00, 0x00, 0x00, 0x00, 0x00, 0x00, 0x00, 0x00, 0x00,
    0x00, 0x00, 0x00, 0x00, 0x00, 0x00, 0x00, 0x00,
  },
  {
    0x00, 0x00, 0x00, 0x00, 0x00, 0x00, 0x00, 0x00, 0x00, 0x00, 0x00, 0x00, 0x00, 0x00, 0x00, 0x00, 0x00, 0x00, 0x00, 0x00, 0x00, 0x00, 0x00, 0x00,
    0x00, 0x00, 0x00, 0x00, 0x00, 0x00, 0x00, 0x00, 0x00, 0x00, 0x00, 0x00, 0x00, 0x00, 0x00, 0x02, 0x20, 0x00, 0x00, 0x00, 0x00, 0x00, 0x00, 0x00,
    0x00, 0x00, 0x00, 0x00, 0x00, 0x02, 0x22, 0x22, 0x22, 0x22, 0x20, 0x00, 0x00, 0x00, 0x00, 0x00, 0x00, 0x00, 0x00, 0x00, 0x02, 0x28, 0xA6, 0x33,
    0x33, 0x67, 0x52, 0x20, 0x00, 0x00, 0x00, 0x00, 0x00, 0x00, 0x00, 0x00, 0x29, 0x63, 0x11, 0x11, 0x31, 0x11, 0x16, 0x52, 0x20, 0x00, 0x00, 0x00,
    0x00, 0x00, 0x00, 0x22, 0x53, 0x13, 0x33, 0x33, 0x13, 0x33, 0x31, 0x1A, 0x22, 0x00, 0x00, 0x00, 0x00, 0x00, 0x00, 0x2A, 0x13, 0x33, 0x33, 0x33,
    0x15, 0x51, 0x33, 0x31, 0x72, 0x20, 0x00, 0x00, 0x00, 0x00, 0x02, 0x51, 0x33, 0x33, 0x33, 0x31, 0x32, 0x23, 0x33, 0x33, 0x17, 0x20, 0x00, 0x00,
    0x00, 0x00, 0x29, 0x33, 0x33, 0x33, 0x13, 0x31, 0x72, 0x2B, 0x13, 0x33, 0x31, 0x52, 0x00, 0x00, 0x00, 0x00, 0x26, 0x13, 0x33, 0x17, 0x51, 0x31,
    0x86, 0x57, 0x13, 0x33, 0x31, 0x32, 0x00, 0x00, 0x00, 0x02, 0x83, 0x33, 0x31, 0x32, 0x23, 0x13, 0x21, 0x55, 0x13, 0x33, 0x33, 0x15, 0x20, 0x00,
    0x00, 0x02, 0xA1, 0x33, 0x31, 0x72, 0x2B, 0x1A, 0x51, 0x69, 0x13, 0x33, 0x26, 0x16, 0x20, 0x00, 0x00, 0x02, 0x61, 0x33, 0x31, 0x26, 0x5A, 0x12,
    0x61, 0x12, 0x33, 0x17, 0x25, 0x13, 0x20, 0x00, 0x00, 0x02, 0x31, 0x33, 0x16, 0x21, 0x65, 0x32, 0x11, 0x12, 0x61, 0x32, 0x58, 0x33, 0x92, 0x00,
    0x00, 0x22, 0x31, 0x33, 0x19, 0x61, 0x62, 0x55, 0x11, 0x15, 0xA1, 0x85, 0x12, 0x31, 0x82, 0x00, 0x00, 0x22, 0x31, 0x31, 0xB2, 0x11, 0x12, 0x26,
    0x11, 0x15, 0x5B, 0x21, 0x19, 0x71, 0x82, 0x00, 0x00, 0x02, 0x31, 0x31, 0x55, 0x11, 0x15, 0x21, 0x11, 0x16, 0x22, 0x61, 0x15, 0x51, 0x92, 0x00,
    0x00, 0x02, 0x61, 0x13, 0x21, 0x11, 0x15, 0x51, 0x11, 0x11, 0x22, 0x11, 0x16, 0x93, 0x22, 0x00, 0x00, 0x02, 0x71, 0x15, 0x51, 0x11, 0x12, 0x11,
    0x11, 0x11, 0x26, 0x11, 0x11, 0x27, 0x20, 0x00, 0x00, 0x02, 0x51, 0x32, 0x61, 0x11, 0x69, 0x11, 0x11, 0x15, 0x51, 0x11, 0x11, 0x52, 0x20, 0x00,
    0x00, 0x00, 0x23, 0x79, 0x11, 0x11, 0x96, 0x11, 0x11, 0x12, 0x11, 0x11, 0x11, 0xA2, 0x20, 0x00, 0x00, 0x00, 0x25, 0x26, 0x11, 0x11, 0x21, 0x11,
    0x11, 0x55, 0x11, 0x11, 0x11, 0x62, 0x00, 0x00, 0x00, 0x00, 0x02, 0x91, 0x11, 0x15, 0x51, 0x11, 0x16, 0x21, 0x11, 0x11, 0x11, 0x12, 0x00, 0x00,
    0x00, 0x00, 0x02, 0x61, 0x11, 0x12, 0x61, 0x11, 0x12, 0x61, 0x11, 0x11, 0x11, 0x15, 0x20, 0x00, 0x00, 0x00, 0x7C, 0x77, 0x77, 0xA8, 0x77, 0x77,
    0xA8, 0x77, 0x77, 0x77, 0x77, 0x7A, 0xC0, 0x00, 0x00, 0x00, 0x44, 0x44, 0x44, 0x44, 0x44, 0x44, 0x44, 0x44, 0x44, 0x44, 0x44, 0x44, 0x40, 0x00,
    0x00, 0x00, 0x44, 0x44, 0x44, 0x44, 0x44, 0x44, 0x44, 0x44, 0x44, 0x44, 0x44, 0x44, 0x40, 0x00, 0x00, 0x00, 0x44, 0x44, 0x44, 0x4C, 0x88, 0x88,
    0x88, 0x88, 0x87, 0x44, 0x44, 0x44, 0x40, 0x00, 0x00, 0x00, 0x00, 0x00, 0x00, 0x00, 0x00, 0x22, 0x22, 0x20, 0x00, 0x00, 0x00, 0x00, 0x00, 0x00,
    0x00, 0x00, 0x00, 0x00, 0x00, 0x00, 0x00, 0x00, 0x00, 0x00, 0x00, 0x00, 0x00, 0x00, 0x00, 0x00, 0x00, 0x00, 0x00, 0x00, 0x00, 0x00, 0x00, 0x00,
    0x00, 0x00, 0x00, 0x00, 0x00, 0x00, 0x00, 0x00,
  },
  {
    0x00, 0x00, 0x00, 0x00, 0x00, 0x00, 0x00, 0x00, 0x00, 0x00, 0x00, 0x00, 0x00, 0x00, 0x00, 0x00, 0x00, 0x00, 0x00, 0x00, 0x00, 0x00, 0x00, 0x00,
    0x00, 0x00, 0x00, 0x00, 0x00, 0x00, 0x00, 0x00, 0x00, 0x00, 0x00, 0x00, 0x00, 0x00, 0x00, 0x02, 0x20, 0x00, 0x00, 0x00, 0x00, 0x00, 0x00, 0x00,
    0x00, 0x00, 0x00, 0x00, 0x00, 0x02, 0x22, 0x22, 0x22, 0x22, 0x20, 0x00, 0x00, 0x00, 0x00, 0x00, 0x00, 0x00, 0x00, 0x00, 0x02, 0x26, 0x93, 0x44,
    0x44, 0x37, 0x52, 0x20, 0x00, 0x00, 0x00, 0x00, 0x00, 0x00, 0x00, 0x00, 0x28, 0x34, 0x11, 0x44, 0xA4, 0x11, 0x13, 0x52, 0x20, 0x00, 0x00, 0x00,
    0x00, 0x00, 0x00, 0x22, 0x54, 0x14, 0x41, 0x4B, 0xB3, 0x14, 0x41, 0x19, 0x22, 0x00, 0x00, 0x00, 0x00, 0x00, 0x00, 0x29, 0x14, 0x44, 0x1A, 0x8B,
    0xD2, 0x31, 0x44, 0x41, 0x72, 0x20, 0x00, 0x00, 0x00, 0x00, 0x22, 0x51, 0x44, 0x41, 0x72, 0x53, 0x39, 0x25, 0x14, 0x44, 0x19, 0x22, 0x00, 0x00,
    0x00, 0x02, 0x31, 0x5A, 0x14, 0x1A, 0x23, 0x11, 0x11, 0x12, 0x31, 0x41, 0x45, 0x33, 0x20, 0x00, 0x00, 0x05, 0x11, 0x35, 0x14, 0x16, 0x51, 0x11,
    0x11, 0x13, 0x24, 0x41, 0x75, 0x11, 0x50, 0x00, 0x00, 0x02, 0x11, 0x57, 0x14, 0x42, 0x11, 0x11, 0x11, 0x11, 0x2A, 0x11, 0xA5, 0x11, 0x60, 0x00,
    0x00, 0x02, 0x26, 0x51, 0x41, 0xA2, 0x11, 0x11, 0x11, 0x11, 0x87, 0x14, 0x19, 0x28, 0x20, 0x00, 0x00, 0x02, 0x53, 0x71, 0x41, 0x42, 0x11, 0x11,
    0x11, 0x11, 0x83, 0x14, 0x17, 0xE5, 0x20, 0x00, 0x00, 0x02, 0x53, 0x91, 0x44, 0x42, 0x31, 0x11, 0x11, 0x11, 0x24, 0x14, 0x17, 0x37, 0x22, 0x00,
    0x00, 0x22, 0x53, 0x91, 0x44, 0x15, 0x51, 0x11, 0x11, 0x15, 0x61, 0x44, 0x17, 0x39, 0x22, 0x00, 0x00, 0x22, 0x53, 0x51, 0x44, 0x44, 0x25, 0x11,
    0x11, 0x32, 0xA4, 0x44, 0x17, 0x39, 0x22, 0x00, 0x00, 0x02, 0x53, 0x22, 0x22, 0x22, 0x22, 0x25, 0x56, 0x22, 0x22, 0x22, 0x22, 0x35, 0x22, 0x00,
    0x00, 0x02, 0x53, 0x25, 0x11, 0x11, 0x11, 0x35, 0x53, 0x11, 0x11, 0x11, 0x32, 0x35, 0x22, 0x00, 0x00, 0x02, 0x53, 0x23, 0x11, 0x11, 0x11, 0x11,
    0x11, 0x11, 0x11, 0x11, 0x32, 0x35, 0x20, 0x00, 0x00, 0x02, 0x53, 0x23, 0x11, 0x11, 0x11, 0x11, 0x11, 0x11, 0x11, 0x11, 0x32, 0x35, 0x20, 0x00,
    0x00, 0x00, 0x53, 0x23, 0x11, 0x11, 0x11, 0x11, 0x11, 0x11, 0x11, 0x11, 0x32, 0x35, 0x20, 0x00, 0x00, 0x00, 0x53, 0x23, 0x11, 0x11, 0x11, 0x11,
    0x11, 0x11, 0x11, 0x11, 0x32, 0x35, 0x00, 0x00, 0x00, 0x00, 0x53, 0x23, 0x11, 0x11, 0x11, 0x11, 0x11, 0x11, 0x11, 0x11, 0x32, 0x35, 0x00, 0x00,
    0x00, 0x00, 0x5C, 0x23, 0x11, 0x11, 0x11, 0x11, 0x11, 0x11, 0x11, 0x11, 0xC2, 0x37, 0x00, 0x00, 0x00, 0x00, 0x53, 0x25, 0x33, 0x33, 0x33, 0x33,
    0x33, 0x33, 0x33, 0x33, 0x32, 0x35, 0x00, 0x00, 0x00, 0x00, 0x22, 0x22, 0x22, 0x26, 0x66, 0x88, 0x88, 0x66, 0x62, 0x22, 0x22, 0x22, 0x00, 0x00,
    0x00, 0x00, 0x00, 0x00, 0x02, 0x25, 0x34, 0x11, 0x11, 0x43, 0x52, 0x20, 0x00, 0x00, 0x00, 0x00, 0x00, 0x00, 0x00, 0x00, 0x00, 0x02, 0x22, 0x86,
    0x68, 0x22, 0x22, 0x00, 0x00, 0x00, 0x00, 0x00, 0x00, 0x00, 0x00, 0x00, 0x00, 0x00, 0x00, 0x22, 0x22, 0x20, 0x00, 0x00, 0x00, 0x00, 0x00, 0x00,
    0x00, 0x00, 0x00, 0x00, 0x00, 0x00, 0x00, 0x00, 0x00, 0x00, 0x00, 0x00, 0x00, 0x00, 0x00, 0x00, 0x00, 0x00, 0x00, 0x00, 0x00, 0x00, 0x00, 0x00,
    0x00, 0x00, 0x00, 0x00, 0x00, 0x00, 0x00, 0x00,
  },
  {
    0x00, 0x00, 0x00, 0x00, 0x00, 0x00, 0x00, 0x00, 0x00, 0x00, 0x00, 0x00, 0x00, 0x00, 0x00, 0x00, 0x00, 0x00, 0x00, 0x00, 0x00, 0x00, 0x00, 0x00,
    0x00, 0x00, 0x00, 0x00, 0x00, 0x00, 0x00, 0x00, 0x00, 0x00, 0x00, 0x00, 0x00, 0x00, 0x00, 0x03, 0x30, 0x00, 0x00, 0x00, 0x00, 0x00, 0x00, 0x00,
    0x00, 0x00, 0x00, 0x00, 0x00, 0x03, 0x33, 0x33, 0x33, 0x33, 0x30, 0x00, 0x00, 0x00, 0x00, 0x00, 0x00, 0x00, 0x00, 0x00, 0x03, 0x3D, 0x98, 0x11,
    0x11, 0x89, 0x73, 0x30, 0x00, 0x00, 0x00, 0x00, 0x00, 0x00, 0x00, 0x00, 0x33, 0x81, 0x22, 0x24, 0x42, 0x22, 0x48, 0xD3, 0x30, 0x00, 0x00, 0x00,
    0x00, 0x00, 0x00, 0x33, 0x78, 0x11, 0x61, 0x24, 0x44, 0x41, 0x61, 0x1B, 0x33, 0x00, 0x00, 0x00, 0x00, 0x00, 0x00, 0x3B, 0x21, 0x22, 0x11, 0x24,
    0x44, 0x21, 0x11, 0x21, 0x93, 0x30, 0x00, 0x00, 0x00, 0x00, 0x03, 0x72, 0x16, 0x11, 0x11, 0x44, 0x44, 0x41, 0x11, 0x16, 0x29, 0x30, 0x00, 0x00,
    0x00, 0x00, 0x3C, 0x12, 0x16, 0x55, 0x56, 0x24, 0x44, 0x21, 0x55, 0x55, 0x12, 0x73, 0x00, 0x00, 0x00, 0x00, 0x38, 0x24, 0x11, 0x22, 0x21, 0x44,
    0x44, 0x41, 0x22, 0x21, 0x12, 0x13, 0x00, 0x00, 0x00, 0x03, 0xD4, 0x42, 0x11, 0x11, 0x16, 0x44, 0x44, 0x46, 0x11, 0x11, 0x14, 0x27, 0x30, 0x00,
    0x00, 0x03, 0xB2, 0x42, 0x16, 0x55, 0x56, 0x22, 0x22, 0x21, 0x55, 0x56, 0x14, 0x28, 0x30, 0x00, 0x00, 0x03, 0x82, 0x42, 0x11, 0x22, 0x27, 0x3C,
    0xCC, 0x37, 0x22, 0x21, 0x12, 0x21, 0x30, 0x00, 0x00, 0x03, 0x12, 0x42, 0x11, 0x11, 0x1B, 0xB9, 0x99, 0xBB, 0x11, 0x11, 0x12, 0x44, 0xC3, 0x00,
    0x00, 0x33, 0x12, 0x42, 0x16, 0x55, 0x5E, 0xA2, 0x22, 0xAA, 0x55, 0x56, 0x14, 0x42, 0x73, 0x00, 0x00, 0x33, 0x12, 0x42, 0x11, 0x22, 0x2A, 0xAA,
    0xAA, 0xAA, 0x22, 0x21, 0x14, 0x42, 0x73, 0x00, 0x00, 0x03, 0x12, 0x44, 0x11, 0x11, 0x11, 0x11, 0x41, 0x11, 0x11, 0x11, 0x14, 0x44, 0xC3, 0x00,
    0x00, 0x03, 0x82, 0x44, 0x11, 0x55, 0x56, 0x12, 0x42, 0x11, 0x65, 0x56, 0x14, 0x21, 0x33, 0x00, 0x00, 0x03, 0x92, 0x44, 0x11, 0x22, 0x21, 0x12,
    0x42, 0x11, 0x22, 0x21, 0x14, 0x28, 0x30, 0x00, 0x00, 0x03, 0x72, 0x44, 0x11, 0x11, 0x11, 0x12, 0x42, 0x11, 0x11, 0x11, 0x14, 0x27, 0x30, 0x00,
    0x00, 0x00, 0x36, 0x24, 0x11, 0x55, 0x51, 0x12, 0x42, 0x11, 0x65, 0x51, 0x14, 0x13, 0x30, 0x00, 0x00, 0x00, 0x37, 0x21, 0x61, 0x11, 0x21, 0x12,
    0x42, 0x11, 0x21, 0x11, 0x62, 0x73, 0x00, 0x00, 0x00, 0x00, 0x03, 0x92, 0x61, 0x11, 0x11, 0x12, 0x42, 0x11, 0x11, 0x11, 0x19, 0x30, 0x00, 0x00,
    0x00, 0x00, 0x03, 0x39, 0x11, 0x11, 0x11, 0x12, 0x42, 0x11, 0x11, 0x11, 0x83, 0x30, 0x00, 0x00, 0x00, 0x00, 0x00, 0x33, 0x12, 0x11, 0x11, 0x64,
    0x44, 0x61, 0x11, 0x22, 0x63, 0x00, 0x00, 0x00, 0x00, 0x00, 0x00, 0x03, 0x77, 0x81, 0x11, 0x14, 0x42, 0x11, 0x18, 0x77, 0xB0, 0x00, 0x00, 0x00,
    0x00, 0x00, 0x00, 0x00, 0x03, 0x37, 0x81, 0x42, 0x24, 0x18, 0x73, 0x30, 0x00, 0x00, 0x00, 0x00, 0x00, 0x00, 0x00, 0x00, 0x00, 0x03, 0x33, 0xC7,
    0x7C, 0x33, 0x33, 0x00, 0x00, 0x00, 0x00, 0x00, 0x00, 0x00, 0x00, 0x00, 0x00, 0x00, 0x00, 0x33, 0x33, 0x30, 0x00, 0x00, 0x00, 0x00, 0x00, 0x00,
    0x00, 0x00, 0x00, 0x00, 0x00, 0x00, 0x00, 0x00, 0x00, 0x00, 0x00, 0x00, 0x00, 0x00, 0x00, 0x00, 0x00, 0x00, 0x00, 0x00, 0x00, 0x00, 0x00, 0x00,
    0x00, 0x00, 0x00, 0x00, 0x00, 0x00, 0x00, 0x00,
  },
  {
    0x00, 0x00, 0x00, 0x00, 0x00, 0x00, 0x00, 0x00, 0x00, 0x00, 0x00, 0x00, 0x00, 0x00, 0x00, 0x00, 0x00, 0x00, 0x00, 0x00, 0x00, 0x00, 0x00, 0x00,
    0x00, 0x00, 0x00, 0x00, 0x00, 0x00, 0x00, 0x00, 0x00, 0x00, 0x00, 0x00, 0x00, 0x00, 0x00, 0x03, 0x30, 0x00, 0x00, 0x00, 0x00, 0x00, 0x00, 0x00,
    0x00, 0x00, 0x00, 0x00, 0x00, 0x03, 0x33, 0x33, 0x33, 0x33, 0x30, 0x00, 0x00, 0x00, 0x00, 0x00, 0x00, 0x00, 0x00, 0x00, 0x03, 0x3A, 0xF5, 0x22,
    0x22, 0x59, 0x43, 0x3C, 0xC3, 0x00, 0x00, 0x00, 0x00, 0x00, 0x00, 0x00, 0x3B, 0x52, 0x11, 0x12, 0x21, 0x11, 0x2B, 0xD7, 0x7D, 0x30, 0x00, 0x00,
    0x00, 0x00, 0x00, 0x33, 0x42, 0x12, 0x22, 0x22, 0x22, 0x21, 0x9C, 0x77, 0x77, 0xD3, 0x00, 0x00, 0x00, 0x00, 0x00, 0x3F, 0x12, 0x22, 0x22, 0x22,
    0x22, 0x21, 0x4D, 0x77, 0x77, 0x73, 0x00, 0x00, 0x00, 0x00, 0x03, 0x41, 0x22, 0x22, 0x22, 0x22, 0x22, 0x21, 0x4D, 0x77, 0x77, 0x73, 0x00, 0x00,
    0x00, 0x00, 0x3B, 0x22, 0x22, 0x22, 0x22, 0x22, 0x22, 0x21, 0xEC, 0x77, 0x77, 0xC3, 0x00, 0x00, 0x00, 0x00, 0x35, 0x12, 0x22, 0x22, 0x12, 0x22,
    0x22, 0x22, 0x14, 0xCD, 0xDC, 0x43, 0x00, 0x00, 0x00, 0x03, 0xA2, 0x22, 0x22, 0x22, 0x52, 0x12, 0x22, 0x21, 0x24, 0x14, 0xA2, 0x14, 0x30, 0x00,
    0x00, 0x03, 0xF1, 0x22, 0x22, 0x15, 0x59, 0x12, 0x22, 0x21, 0x45, 0x11, 0x41, 0x15, 0x30, 0x00, 0x00, 0x03, 0x51, 0x22, 0x21, 0x25, 0x15, 0x91,
    0x22, 0x12, 0x41, 0x11, 0x45, 0x12, 0x30, 0x00, 0x00, 0x03, 0x21, 0x22, 0x22, 0x91, 0x11, 0x4E, 0x12, 0x14, 0x51, 0x11, 0xE4, 0x12, 0xB3, 0x00,
    0x00, 0x33, 0x21, 0x22, 0x19, 0x11, 0x11, 0x14, 0x21, 0xE4, 0x11, 0x11, 0x14, 0x21, 0xA3, 0x00, 0x00, 0x33, 0x21, 0x21, 0xE5, 0x11, 0x11, 0x11,
    0x41, 0x41, 0x11, 0x11, 0x1F, 0x91, 0xA3, 0x00, 0x00, 0x03, 0x21, 0x22, 0x91, 0x11, 0x11, 0x11, 0x5A, 0x51, 0x11, 0x11, 0x1E, 0xA1, 0xB3, 0x00,
    0x00, 0x03, 0x51, 0x19, 0x11, 0x11, 0x11, 0x11, 0x15, 0x11, 0x11, 0x11, 0x11, 0xB5, 0x33, 0x00, 0x00, 0x03, 0x91, 0x55, 0x11, 0x11, 0x11, 0x11,
    0x11, 0x11, 0x11, 0x11, 0x11, 0x43, 0x30, 0x00, 0x00, 0x03, 0x42, 0x91, 0x11, 0x11, 0x11, 0x11, 0x11, 0x11, 0x11, 0x11, 0x11, 0x53, 0x30, 0x00,
    0x00, 0x00, 0x34, 0x11, 0x11, 0x11, 0x11, 0x11, 0x11, 0x11, 0x11, 0x11, 0x11, 0x1B, 0x30, 0x00, 0x00, 0x00, 0x35, 0x11, 0x11, 0x11, 0x11, 0x11,
    0x11, 0x11, 0x11, 0x11, 0x11, 0x1F, 0x30, 0x00, 0x00, 0x00, 0x51, 0x11, 0x11, 0x11, 0x11, 0x11, 0x11, 0x11, 0x11, 0x11, 0x11, 0x12, 0x30, 0x00,
    0x00, 0x04, 0x11, 0x11, 0x11, 0x11, 0x11, 0x11, 0x11, 0x11, 0x11, 0x11, 0x11, 0x11, 0x33, 0x00, 0x00, 0x00, 0x44, 0x44, 0x44, 0x44, 0x44, 0x44,
    0x44, 0x44, 0x44, 0x44, 0x44, 0x64, 0x30, 0x00, 0x00, 0x00, 0x08, 0x88, 0x88, 0x88, 0x88, 0x66, 0x66, 0x88, 0x88, 0x88, 0x88, 0x88, 0x00, 0x00,
    0x00, 0x00, 0x06, 0x66, 0x66, 0x66, 0x66, 0x33, 0x33, 0x66, 0x66, 0x66, 0x66, 0x66, 0x00, 0x00, 0x00, 0x00, 0x00, 0x00, 0x00, 0x03, 0x33, 0xB4,
    0x4A, 0x33, 0x33, 0x00, 0x00, 0x00, 0x00, 0x00, 0x00, 0x00, 0x00, 0x00, 0x00, 0x00, 0x00, 0x33, 0x33, 0x30, 0x00, 0x00, 0x00, 0x00, 0x00, 0x00,
    0x00, 0x00, 0x00, 0x00, 0x00, 0x00, 0x00, 0x00, 0x00, 0x00, 0x00, 0x00, 0x00, 0x00, 0x00, 0x00, 0x00, 0x00, 0x00, 0x00, 0x00, 0x00, 0x00, 0x00,
    0x00, 0x00, 0x00, 0x00, 0x00, 0x00, 0x00, 0x00,
  },
};
